Player,Player Image
'Omar Ellison,"https://static.www.nfl.com/image/private/f_auto,q_auto/league/rb4xoob5m1wcqklj9luu"
A.B. Brown,"https://static.www.nfl.com/image/private/f_auto,q_auto/league/jlutfcmkw7k1sl1nnigd"
A.D. Whitfield,
A.D. Williams,
A.J. Brown,"https://static.www.nfl.com/image/upload/f_auto,q_auto/league/qfhvjyssf0lwsh0kienp"
A.J. Derby,"https://static.www.nfl.com/image/private/f_auto,q_auto/league/c2bqxdpyb4kn75l4qj1c"
A.J. Green,"https://static.www.nfl.com/image/private/f_auto,q_auto/league/guj5a9vnnzqfiljupzuj"
A.J. Jenkins,"https://static.www.nfl.com/image/private/f_auto,q_auto/league/xdmuzb5az8kebkqxwpm6"
A.J. Ofodile,"https://static.www.nfl.com/image/private/f_auto,q_auto/league/elerogdq6erpyqfqx36m"
A.T. Perry,"https://static.www.nfl.com/image/upload/f_auto,q_auto/league/ctnvhmwcin0vif2gunca"
AJ Barner,"https://static.www.nfl.com/image/upload/f_auto,q_auto/league/i0esiguve9if4ts5mm1q"
AJ Dillon,"https://static.www.nfl.com/image/upload/f_auto,q_auto/league/imxxt8yrbrxptoxr1hw5"
Aaron Bailey,"https://static.www.nfl.com/image/private/f_auto,q_auto/league/yp3warxchoont2d5wyuc"
Aaron Brooks,"https://static.www.nfl.com/image/private/f_auto,q_auto/league/hmlvskmkxcrzwzxker5b"
Aaron Brown,"https://static.www.nfl.com/image/private/f_auto,q_auto/league/ot4tqec3jzevmiwgozrr"
Aaron Burbridge,"https://static.www.nfl.com/image/private/f_auto,q_auto/league/bugnmtls6p4dz9boruea"
Aaron Cox,"https://static.www.nfl.com/image/private/f_auto,q_auto/league/i7t2v4jq8bta5adktk9u"
Aaron Craver,"https://static.www.nfl.com/image/private/f_auto,q_auto/league/m3n9nxiskacawfqsnwon"
Aaron Dobson,"https://static.www.nfl.com/image/private/f_auto,q_auto/league/es1l8zn20xgfxqh8ophi"
Aaron Halterman,"https://static.www.nfl.com/image/private/f_auto,q_auto/league/d10gwlk0cfmcudfh2hr2"
Aaron Hayden,"https://static.www.nfl.com/image/private/f_auto,q_auto/league/brgrqmqrqruebctfjec1"
Aaron Hernandez,"https://static.www.nfl.com/image/private/f_auto,q_auto/league/uh4csezcdxswrbk1r5nf"
Aaron Jones,"https://static.www.nfl.com/image/upload/f_auto,q_auto/league/bktkfvgfwujkdbzkcfim"
Aaron Laing,"https://static.www.nfl.com/image/private/f_auto,q_auto/league/lmozp9rbpq957zthjlks"
Aaron Moorehead,"https://static.www.nfl.com/image/private/f_auto,q_auto/league/zt52cuikefzzdkvul1lp"
Aaron Pierce,"https://static.www.nfl.com/image/private/f_auto,q_auto/league/nvxtxlxvgrfosbk6w0um"
Aaron Ripkowski,"https://static.www.nfl.com/image/private/f_auto,q_auto/league/aln8oo1hxammcilgzi72"
Aaron Rodgers,"https://static.www.nfl.com/image/upload/f_auto,q_auto/league/dypvakakxhccxs67tb0y"
Aaron Shea,"https://static.www.nfl.com/image/private/f_auto,q_auto/league/rmnalbfvmsattqkvchqg"
Aaron Stecker,"https://static.www.nfl.com/image/private/f_auto,q_auto/league/wfcheuezkamriif0nhiv"
Aaron Thomas,
Aaron Walker,"https://static.www.nfl.com/image/private/f_auto,q_auto/league/adqtvuwzmkfurn07jicp"
Abe Woodson,
Ace Sanders,"https://static.www.nfl.com/image/private/f_auto,q_auto/league/bjka2xjipo0b3aabtqdm"
Adam Bergen,"https://static.www.nfl.com/image/private/f_auto,q_auto/league/uingynnfpgbhcedhbdtb"
Adam Humphries,"https://static.www.nfl.com/image/private/f_auto,q_auto/league/l56ywjejfpraigzs4qia"
Adam Jennings,"https://static.www.nfl.com/image/private/f_auto,q_auto/league/ykn2kfg4djovxwsuuymz"
Adam Jones,"https://static.www.nfl.com/image/private/f_auto,q_auto/league/hvbjym05mpvfkdhy3bsz"
Adam Prentice,"https://static.www.nfl.com/image/upload/f_auto,q_auto/league/xuvyqidnso9ga1dfefoy"
Adam Shaheen,"https://static.www.nfl.com/image/private/f_auto,q_auto/league/rvj5swstfh0vf6f6w2hr"
Adam Thielen,"https://static.www.nfl.com/image/upload/f_auto,q_auto/league/pv6gajxtt6zhum2unnsl"
Adam Timmerman,"https://static.www.nfl.com/image/private/f_auto,q_auto/league/iu4gjazpvi4ilej4z2zj"
Adam Trautman,"https://static.www.nfl.com/image/upload/f_auto,q_auto/league/bqsgkwkfolczyrxmdp1j"
Adam Walker,"https://static.www.nfl.com/image/private/f_auto,q_auto/league/dqh7p6fzjzn76ca3u2lv"
Adger Armstrong,"https://static.www.nfl.com/image/private/f_auto,q_auto/league/u6qeqb6qml00d9srzbuz"
Adimchinobe Echemandu,"https://static.www.nfl.com/image/private/f_auto,q_auto/league/anam3gbuiaqtspyexcxo"
Adonai Mitchell,"https://static.www.nfl.com/image/upload/f_auto,q_auto/league/hwwacoa3pqapd7pgahfx"
Adrian Arrington,"https://static.www.nfl.com/image/private/f_auto,q_auto/league/ec3kzc9fgcttbjvlsm8h"
Adrian Cooper,"https://static.www.nfl.com/image/private/f_auto,q_auto/league/k7y4wwchtnxopzhsukwk"
Adrian Killins,
Adrian Madise,"https://static.www.nfl.com/image/private/f_auto,q_auto/league/tn1nq1ritqe8pbhcdt7y"
Adrian Murrell,"https://static.www.nfl.com/image/private/f_auto,q_auto/league/dmscpc4mczzclvw06xss"
Adrian Peterson,"https://static.www.nfl.com/image/private/f_auto,q_auto/league/ug2ua3skqc9f6vkbowxc"
Adrian Wright,"https://static.www.nfl.com/image/private/f_auto,q_auto/league/ph7m3z7adr6y8ja3fval"
Adrien Robinson,"https://static.www.nfl.com/image/private/f_auto,q_auto/league/cehmfu3wqwjkpxzj6pry"
Ahmad Bradshaw,"https://static.www.nfl.com/image/private/f_auto,q_auto/league/vlgcz2so2urjgowxz3tz"
Ahmad Merritt,"https://static.www.nfl.com/image/private/f_auto,q_auto/league/oqw6hzx5n7ynq6jngqrg"
Ahmad Rashad,"https://static.www.nfl.com/image/private/f_auto,q_auto/league/nule4ps4yn3fjjholgqe"
Ahman Green,"https://static.www.nfl.com/image/private/f_auto,q_auto/league/jywr5x0yw6oryiiaikbp"
Ahmard Hall,"https://static.www.nfl.com/image/private/f_auto,q_auto/league/oz26baslawhgvld7rgyb"
Ainias Smith,"https://static.www.nfl.com/image/upload/f_auto,q_auto/league/iaetfkaakeblxepssyj9"
Akeem Hunt,"https://static.www.nfl.com/image/private/f_auto,q_auto/league/mjsxqeuw6ng12xa1z4zy"
Akili Smith,"https://static.www.nfl.com/image/private/f_auto,q_auto/league/okkcnzpp0d6ztxc5lnsb"
Al Barnes,
Al Chandler,"https://static.www.nfl.com/image/private/f_auto,q_auto/league/m3ubwrpscnezc6joht8g"
Al Denson,
Al Dixon,"https://static.www.nfl.com/image/private/f_auto,q_auto/league/jnagwfswvpvhloplqv4o"
Al Dodd,"https://static.www.nfl.com/image/private/f_auto,q_auto/league/guku97diqwqpstpjlbgt"
Al Edwards,"https://static.www.nfl.com/image/private/f_auto,q_auto/league/tanioalnqis4rdtlshpt"
Al Harris,"https://static.www.nfl.com/image/private/f_auto,q_auto/league/nxow7ngfzjkkfejyvia2"
Al Hunter,"https://static.www.nfl.com/image/private/f_auto,q_auto/league/i2vmkyf5fofgigewgvuz"
Al Johnson,"https://static.www.nfl.com/image/private/f_auto,q_auto/league/dtki3my9p0vc7hpxogsy"
Al Marshall,"https://static.www.nfl.com/image/private/f_auto,q_auto/league/nwnlwosi8tujhbbjcufp"
Al Toon,"https://static.www.nfl.com/image/private/f_auto,q_auto/league/lwxs1mder7ymofdetjra"
Al Williams,"https://static.www.nfl.com/image/private/f_auto,q_auto/league/wkd77lk0l8u1nhno4e9b"
Al Wolden,"https://static.www.nfl.com/image/private/f_auto,q_auto/league/pxyhfog7sduus6uobjrp"
Al Young,
Alan Ameche,
Alan Cross,"https://static.www.nfl.com/image/private/f_auto,q_auto/league/flcn8rvasatcy4cuoe1k"
Alan Ricard,"https://static.www.nfl.com/image/private/f_auto,q_auto/league/apoqaxgzz9dydisavybf"
Albert Bentley,"https://static.www.nfl.com/image/private/f_auto,q_auto/league/k0plny2kjljydum221md"
Albert Connell,"https://static.www.nfl.com/image/private/f_auto,q_auto/league/sqcic4cp6meckcxitx3q"
Albert Okwuegbunam,"https://static.www.nfl.com/image/upload/f_auto,q_auto/league/ivyip7mtbv6i0wbnlrph"
Albert Wilson,"https://static.www.nfl.com/image/private/f_auto,q_auto/league/slythouwdcrug0poiios"
Albert Young,"https://static.www.nfl.com/image/private/f_auto,q_auto/league/oieqlpfszupi9z7lfho0"
Aldrick Robinson,"https://static.www.nfl.com/image/private/f_auto,q_auto/league/lzdmahvzc7tm4pulh2sj"
Alec Ingold,"https://static.www.nfl.com/image/upload/f_auto,q_auto/league/saqgxmq3xrr68byket0r"
Alec Pierce,"https://static.www.nfl.com/image/upload/f_auto,q_auto/league/qcg9t51wgp3hicavmkmy"
Alejandro Villanueva,"https://static.www.nfl.com/image/private/f_auto,q_auto/league/u0iqbfj30q64ngrmwdvr"
Alex Armah,"https://static.www.nfl.com/image/private/f_auto,q_auto/league/pvbqmdwlukehpxovupsg"
Alex Bachman,"https://static.www.nfl.com/image/upload/f_auto,q_auto/league/xebxem8tzjm0yyygaklg"
Alex Bannister,"https://static.www.nfl.com/image/private/f_auto,q_auto/league/osxb78971uwayjem7u2v"
Alex Collins,"https://static.www.nfl.com/image/private/f_auto,q_auto/league/ddlhbm7zsi5o69wh6z5o"
Alex Ellis,"https://static.www.nfl.com/image/private/f_auto,q_auto/league/cnnffo0p74ph8slvtasw"
Alex Erickson,"https://static.www.nfl.com/image/private/f_auto,q_auto/league/tnd77vbkyo8srrrkaisu"
Alex Green,"https://static.www.nfl.com/image/private/f_auto,q_auto/league/lq3xjl1bmv4ra6ncfz9m"
Alex Hawkins,
Alex Haynes,"https://static.www.nfl.com/image/private/f_auto,q_auto/league/krd1j8vs5pu9qddfb5qy"
Alex Higdon,"https://static.www.nfl.com/image/private/f_auto,q_auto/league/znri6ltaopm2alnbvnxf"
Alex Holmes,"https://static.www.nfl.com/image/private/f_auto,q_auto/league/sxydgg1xbt5zvz8ifvjf"
Alex Smith,"https://static.www.nfl.com/image/private/f_auto,q_auto/league/zcpxncjwcm6ggoiqt6ub"
Alex Van Dyke,"https://static.www.nfl.com/image/private/f_auto,q_auto/league/kpokyigoi0myhcgqgsth"
Alex Webster,
Alexander Hollins,"https://static.www.nfl.com/image/private/f_auto,q_auto/league/mmztaportamkis4gklpf"
Alexander Mattison,"https://static.www.nfl.com/image/upload/f_auto,q_auto/league/mbcaep8diu9yuo3qrtiz"
Alexander Wright,"https://static.www.nfl.com/image/private/f_auto,q_auto/league/hh3piqouizuuu5cv2uwx"
Alfonso Smith,"https://static.www.nfl.com/image/private/f_auto,q_auto/league/iekv37llp0u4uob0sby6"
Alfred Anderson,"https://static.www.nfl.com/image/private/f_auto,q_auto/league/hcvdjbauj5b86kyzcvgc"
Alfred Blue,"https://static.www.nfl.com/image/private/f_auto,q_auto/league/qt9zmmipmlcin4gxs8wt"
Alfred Jackson,"https://static.www.nfl.com/image/private/f_auto,q_auto/league/t1is1z5lytawrmiknsnj"
Alfred Jenkins,"https://static.www.nfl.com/image/private/f_auto,q_auto/league/pt8gfvqimtobjlvhet0n"
Alfred Morris,"https://static.www.nfl.com/image/private/f_auto,q_auto/league/igrm4hy4pishp4rdamin"
Alfred Pupunu,"https://static.www.nfl.com/image/private/f_auto,q_auto/league/oglkwfhggl34sj1kaqym"
Alfred Sykes,
Alfredo Roberts,"https://static.www.nfl.com/image/private/f_auto,q_auto/league/ei1rnu4eakczy1smnjqi"
Alge Crumpler,"https://static.www.nfl.com/image/private/f_auto,q_auto/league/yab733efwacdujnhngly"
Allama Matthews,"https://static.www.nfl.com/image/private/f_auto,q_auto/league/ndbnmwgbshizyalazonc"
Allan Clark,"https://static.www.nfl.com/image/private/f_auto,q_auto/league/xvnly2tngpqzseymjrgb"
Allen Brown,
Allen Carter,"https://static.www.nfl.com/image/private/f_auto,q_auto/league/wa7a2b06mejjk9opsoew"
Allen Hurns,"https://static.www.nfl.com/image/private/f_auto,q_auto/league/ficrwzwu4bfswpzu61fv"
Allen Jacobs,
Allen Lazard,"https://static.www.nfl.com/image/upload/f_auto,q_auto/league/b05f33npu1zjtpozfgdk"
Allen Pinkett,"https://static.www.nfl.com/image/private/f_auto,q_auto/league/gi93mlbdgethtwyg8z7p"
Allen Reisner,"https://static.www.nfl.com/image/private/f_auto,q_auto/league/onxfr5rajtibpckwkgol"
Allen Rice,"https://static.www.nfl.com/image/private/f_auto,q_auto/league/orunbqyzq19qttbuur3l"
Allen Robinson,"https://static.www.nfl.com/image/upload/f_auto,q_auto/league/fyukft9lraurbsq0laom"
Allen Rossum,"https://static.www.nfl.com/image/private/f_auto,q_auto/league/gvp0ie148htxbefffbjn"
Alonzo Highsmith,"https://static.www.nfl.com/image/private/f_auto,q_auto/league/ituhvchdspx8wbdg5m8y"
Alonzo Mayes,"https://static.www.nfl.com/image/private/f_auto,q_auto/league/bznwjo694lniehpfskvx"
Alshon Jeffery,"https://static.www.nfl.com/image/private/f_auto,q_auto/league/qrbsgwhzlsmwgkdfjryh"
Altie Taylor,"https://static.www.nfl.com/image/private/f_auto,q_auto/league/qm6uzgpwnhtnip3e5hro"
Alvin Blount,"https://static.www.nfl.com/image/private/f_auto,q_auto/league/ddgw6mmc49ebqvtajina"
Alvin Garrett,"https://static.www.nfl.com/image/private/f_auto,q_auto/league/mcv4d8maozl8ftqbzdng"
Alvin Harper,"https://static.www.nfl.com/image/private/f_auto,q_auto/league/oybjuhxua9jsnw8cdohe"
Alvin Kamara,"https://static.www.nfl.com/image/upload/f_auto,q_auto/league/yxebpuskandivlh2iil4"
Alvin Maxson,"https://static.www.nfl.com/image/private/f_auto,q_auto/league/d0nbxc9jpssrkbu6r9e7"
Alvin Mitchell,"https://static.www.nfl.com/image/private/f_auto,q_auto/league/nt4dkjn8tevbcsrv4l8q"
Alvin Moore,"https://static.www.nfl.com/image/private/f_auto,q_auto/league/ajpl7vgdfbom1ytxejmu"
Alvin Pearman,"https://static.www.nfl.com/image/private/f_auto,q_auto/league/wepvsczdcsxmhx8djpzc"
Alvin Reed,"https://static.www.nfl.com/image/private/f_auto,q_auto/league/pmvjy786kzv4wyhtgsso"
Alvin Ross,"https://static.www.nfl.com/image/private/f_auto,q_auto/league/k5wt7lllzf1gwqrx0euq"
Alvis Whitted,"https://static.www.nfl.com/image/private/f_auto,q_auto/league/u4iqkf6su2v2orjpyens"
Amani Hooker,"https://static.www.nfl.com/image/upload/f_auto,q_auto/league/h2jriwibpvmgdc33zsjc"
Amani Toomer,"https://static.www.nfl.com/image/private/f_auto,q_auto/league/qsfr7nbtbq4ugcfb357w"
Amara Darboh,"https://static.www.nfl.com/image/private/f_auto,q_auto/league/anlwpt2bk3gozmtk90qx"
Amari Cooper,"https://static.www.nfl.com/image/upload/f_auto,q_auto/league/zmtzqznqui37unmo5xv9"
Amari Rodgers,"https://static.www.nfl.com/image/private/f_auto,q_auto/league/g85ohsk2pgbf7xz2f1a8"
Ameer Abdullah,"https://static.www.nfl.com/image/upload/f_auto,q_auto/league/k8teyeiqchljlm0h5te4"
Amon-Ra St. Brown,"https://static.www.nfl.com/image/upload/f_auto,q_auto/league/fd8nwhm6pvxfyzphzl6i"
Amos Bullocks,
Amos Lawrence,"https://static.www.nfl.com/image/private/f_auto,q_auto/league/nlvfxepxkg9bczmpjuh0"
Amos Marsh,
Amos Zereoue,"https://static.www.nfl.com/image/private/f_auto,q_auto/league/iyscsvtdi9eeepjnm8zf"
Amp Lee,"https://static.www.nfl.com/image/private/f_auto,q_auto/league/v5ldrodqvugmwzq2xtfb"
Andra Franklin,"https://static.www.nfl.com/image/private/f_auto,q_auto/league/bttaocoeywkha2fvlaeu"
Andrae Thurman,"https://static.www.nfl.com/image/private/f_auto,q_auto/league/shd7pywnu9aojbdt2uno"
Andre Baccellia,"https://static.www.nfl.com/image/upload/f_auto,q_auto/league/uaqykjil87rj71rkyz70"
Andre Brown,"https://static.www.nfl.com/image/private/f_auto,q_auto/league/ttxme2j6sztztjd1wmfh"
Andre Caldwell,"https://static.www.nfl.com/image/private/f_auto,q_auto/league/afshg08orl4bbixigzke"
Andre Coleman,"https://static.www.nfl.com/image/private/f_auto,q_auto/league/oyllg83ddppicuhy8rhn"
Andre Cooper,"https://static.www.nfl.com/image/private/f_auto,q_auto/league/trad18fmsupy90smc5gy"
Andre Ellington,"https://static.www.nfl.com/image/private/f_auto,q_auto/league/seb6k3tjdcgi8tqmzt2z"
Andre Hall,"https://static.www.nfl.com/image/private/f_auto,q_auto/league/mhd7wesc2cdywnt9odwj"
Andre Hardy,"https://static.www.nfl.com/image/private/f_auto,q_auto/league/shzc8asllubuuv1hj5bm"
Andre Hastings,"https://static.www.nfl.com/image/private/f_auto,q_auto/league/tt2bbaqdihadpecpqhuv"
Andre Holmes,"https://static.www.nfl.com/image/private/f_auto,q_auto/league/ujb4sism9jdte3o8ofve"
Andre Johnson,"https://static.www.nfl.com/image/private/f_auto,q_auto/league/iavrftkbpw4bekzl7zfv"
Andre King,"https://static.www.nfl.com/image/private/f_auto,q_auto/league/kiat7fzt6bvxgeknjlzz"
Andre Patton,"https://static.www.nfl.com/image/private/f_auto,q_auto/league/dkaaxf1xatrlvjstbbfj"
Andre Reed,"https://static.www.nfl.com/image/private/f_auto,q_auto/league/dvoxixlob0avjbmgmazk"
Andre Rison,"https://static.www.nfl.com/image/private/f_auto,q_auto/league/uogm8ckgcd1juwc0qdyo"
Andre Roberts,"https://static.www.nfl.com/image/private/f_auto,q_auto/league/hjoyjewh7knoafxt4k93"
Andre Thomas,"https://static.www.nfl.com/image/private/f_auto,q_auto/league/eni77aj4wmremlktn3zb"
Andre Tillman,"https://static.www.nfl.com/image/private/f_auto,q_auto/league/phvqwlpq4n2pqscqaxtd"
Andre Tyler,"https://static.www.nfl.com/image/private/f_auto,q_auto/league/ctkjonpydnsmsgi6fu9a"
Andre Williams,"https://static.www.nfl.com/image/private/f_auto,q_auto/league/bkjjrp3sdtq2ubuzywyd"
Andre' Davis,
Andrei Iosivas,"https://static.www.nfl.com/image/upload/f_auto,q_auto/league/xhrvbt81iohroyftuyj2"
Andrew Beck,"https://static.www.nfl.com/image/upload/f_auto,q_auto/league/zv8xb3nfxamq7sqa1xqt"
Andrew Gissinger,"https://static.www.nfl.com/image/private/f_auto,q_auto/league/ledgnzpwmvgsgzg2kyai"
Andrew Glover,"https://static.www.nfl.com/image/private/f_auto,q_auto/league/oqp41bj93zjllmudwfrf"
Andrew Hawkins,"https://static.www.nfl.com/image/private/f_auto,q_auto/league/u8pdn7pvsmizedc80gto"
Andrew Jackson,"https://static.www.nfl.com/image/private/f_auto,q_auto/league/s391nf4kre5xl1naua8r"
Andrew Jones,"https://static.www.nfl.com/image/private/f_auto,q_auto/league/co2mrdkocg0q4f5moh2x"
Andrew Jordan,"https://static.www.nfl.com/image/private/f_auto,q_auto/league/y2cvjdo8a17lostznqh9"
Andrew Luck,"https://static.www.nfl.com/image/private/f_auto,q_auto/league/ojix2ha2u58zqozaw756"
Andrew Ogletree,"https://static.www.nfl.com/image/upload/f_auto,q_auto/league/wvcrk0ygv3coprxj4cnt"
Andrew Pinnock,"https://static.www.nfl.com/image/private/f_auto,q_auto/league/r5taqs4zsic6jhwr2d9p"
Andrew Quarless,"https://static.www.nfl.com/image/private/f_auto,q_auto/league/kzha0sj05e9x2gefmkjx"
Andrew Thomas,"https://static.www.nfl.com/image/upload/f_auto,q_auto/league/yvwuonp6lhw7ougn7q16"
Andrew Turzilli,"https://static.www.nfl.com/image/private/f_auto,q_auto/league/vv21wvuslhuw1fdzawhc"
Andrew Whitworth,"https://static.www.nfl.com/image/private/f_auto,q_auto/league/jcpd1mheqjofcqoy8bd5"
Andy Bolton,"https://static.www.nfl.com/image/private/f_auto,q_auto/league/ghidtgtq5f4ryo0zuujt"
Andy Dalton,"https://static.www.nfl.com/image/upload/f_auto,q_auto/league/sfsneh0bn46e2kwve7sr"
Andy Haase,"https://static.www.nfl.com/image/private/f_auto,q_auto/league/ubob2stmlyo51isy2kv2"
Andy Hamilton,"https://static.www.nfl.com/image/private/f_auto,q_auto/league/zsmiowcdsic1yazxlsgx"
Andy Isabella,"https://static.www.nfl.com/image/upload/f_auto,q_auto/league/qpqphhsofn96dvojfsx1"
Andy Janovich,"https://static.www.nfl.com/image/private/f_auto,q_auto/league/kf26fsuyxdvkloora0ox"
Andy Johnson,"https://static.www.nfl.com/image/private/f_auto,q_auto/league/xfxy71vopesyqclmjvua"
Andy Jones,"https://static.www.nfl.com/image/private/f_auto,q_auto/league/mdjom6h1xosrxbulj0gw"
Andy Livingston,
Andy McCullough,"https://static.www.nfl.com/image/private/f_auto,q_auto/league/tnp1ugzwhggvkolc1tf5"
Andy Parker,"https://static.www.nfl.com/image/private/f_auto,q_auto/league/r7guom5y83wt3lsgw1jc"
Andy Robustelli,
Angelo Coia,
Anquan Boldin,"https://static.www.nfl.com/image/private/f_auto,q_auto/league/ajabgwxbliupgkwjbnut"
Anthony Allen,"https://static.www.nfl.com/image/private/f_auto,q_auto/league/rfqu5zb7az7hkbddbej6"
Anthony Armstrong,"https://static.www.nfl.com/image/private/f_auto,q_auto/league/xakb7zm1f3etsnshhaiw"
Anthony Becht,"https://static.www.nfl.com/image/private/f_auto,q_auto/league/fffb8tbtlmzhxgntrrna"
Anthony Carter,"https://static.www.nfl.com/image/private/f_auto,q_auto/league/i29qbx0wpfyv6szk04nv"
Anthony Castonzo,"https://static.www.nfl.com/image/private/f_auto,q_auto/league/eo8hgegwmbukuapvzz0i"
Anthony Davis,"https://static.www.nfl.com/image/private/f_auto,q_auto/league/s8q8t33fpf9jrasxjpde"
Anthony Dixon,"https://static.www.nfl.com/image/private/f_auto,q_auto/league/lvbgbxspmjn0xo1kw8g9"
Anthony Edwards,"https://static.www.nfl.com/image/private/f_auto,q_auto/league/chltcquj2mhn8mfylrgc"
Anthony Fasano,"https://static.www.nfl.com/image/private/f_auto,q_auto/league/twcrap9uhjbazmplq5x3"
Anthony Firkser,"https://static.www.nfl.com/image/upload/f_auto,q_auto/league/rpbs9wsnuhu9tgipzwuv"
Anthony Gonzalez,"https://static.www.nfl.com/image/private/f_auto,q_auto/league/rl6wxes3xbrukxmqzgtn"
Anthony Gould,"https://static.www.nfl.com/image/upload/f_auto,q_auto/league/irctulz9pij3tzpokih0"
Anthony Hancock,"https://static.www.nfl.com/image/private/f_auto,q_auto/league/xlrnb6axu72qiw2e3wqw"
Anthony Hill,"https://static.www.nfl.com/image/private/f_auto,q_auto/league/eih6cdhnqs2en7hcjthq"
Anthony Hutchison,"https://static.www.nfl.com/image/private/f_auto,q_auto/league/eydvwgs0hadmv8sdf9mn"
Anthony Johnson,"https://static.www.nfl.com/image/private/f_auto,q_auto/league/d0cwntaegjh0kmj2kqgt"
Anthony Jones,"https://static.www.nfl.com/image/private/f_auto,q_auto/league/zekkothcamncoozinxbp"
Anthony Lynn,"https://static.www.nfl.com/image/private/f_auto,q_auto/league/rjuyvrayo0c8btfvlmwy"
Anthony McCoy,"https://static.www.nfl.com/image/private/f_auto,q_auto/league/jmfnncc5wt3g5btrsvav"
Anthony McDowell,"https://static.www.nfl.com/image/private/f_auto,q_auto/league/xc0mhljvuzg5nxqrrctk"
Anthony McFarland,"https://static.www.nfl.com/image/private/f_auto,q_auto/league/dwt64mh92t2qztepvswo"
Anthony McFarland Jr.,
Anthony Miller,"https://static.www.nfl.com/image/upload/f_auto,q_auto/league/wyblvutn6o4g6cunyhc2"
Anthony Mitchell,"https://static.www.nfl.com/image/private/f_auto,q_auto/league/iga3brgavzcbkugcgfec"
Anthony Morgan,"https://static.www.nfl.com/image/private/f_auto,q_auto/league/rpzqe4kkhslnjemgyxyt"
Anthony Mosley,"https://static.www.nfl.com/image/private/f_auto,q_auto/league/suhqa23gefw50zb30mem"
Anthony Munoz,"https://static.www.nfl.com/image/private/f_auto,q_auto/league/gxq4pfj2dmx0xp66te4j"
Anthony Newman,"https://static.www.nfl.com/image/private/f_auto,q_auto/league/dtbjfn1kodhcmlt4cahw"
Anthony Richardson,"https://static.www.nfl.com/image/upload/f_auto,q_auto/league/wrddeyklfcgk9qybgofq"
Anthony Schwartz,"https://static.www.nfl.com/image/upload/f_auto,q_auto/league/wqrxhwwlgpjkb6w8edgo"
Anthony Sherman,"https://static.www.nfl.com/image/private/f_auto,q_auto/league/ue0kpbo7b9trtkeuhvjx"
Anthony Steels,"https://static.www.nfl.com/image/private/f_auto,q_auto/league/wf7oewibqlegmlgugjyo"
Anthony Thomas,"https://static.www.nfl.com/image/private/f_auto,q_auto/league/ptc0qke4gckl4hfhl9l3"
Anthony Thompson,"https://static.www.nfl.com/image/private/f_auto,q_auto/league/t9dfx0jrooztcemu8y8n"
Anthony Toney,"https://static.www.nfl.com/image/private/f_auto,q_auto/league/fvmquf3j9kabputxnu6i"
Antoine Green,"https://static.www.nfl.com/image/upload/f_auto,q_auto/league/x5jwwdjpwiwe5sdtjzsd"
Antoine Wesley,"https://static.www.nfl.com/image/private/f_auto,q_auto/league/qbvjkexq50bd0ik1get4"
Antone Smith,"https://static.www.nfl.com/image/private/f_auto,q_auto/league/m45j6r43nwv5bsy0ooyo"
Antonio Andrews,"https://static.www.nfl.com/image/private/f_auto,q_auto/league/wwy4g14dflaelkretfzv"
Antonio Brown,"https://static.www.nfl.com/image/private/f_auto,q_auto/league/ecxsx9t7bfg42bgfwj3v"
Antonio Bryant,"https://static.www.nfl.com/image/private/f_auto,q_auto/league/ugyqtss0kiseazpznwos"
Antonio Callaway,"https://static.www.nfl.com/image/private/f_auto,q_auto/league/qebxtrpadsvtqkgvfy2u"
Antonio Chatman,"https://static.www.nfl.com/image/private/f_auto,q_auto/league/f4vrbhakrpiyw97mzmcd"
Antonio Cromartie,"https://static.www.nfl.com/image/private/f_auto,q_auto/league/xlndx1ktvw4ubay7sl14"
Antonio Freeman,"https://static.www.nfl.com/image/private/f_auto,q_auto/league/k13f45sxomyljubafc1d"
Antonio Gandy-Golden,"https://static.www.nfl.com/image/private/f_auto,q_auto/league/hi80cnzcbmyma7vq1b2w"
Antonio Gates,"https://static.www.nfl.com/image/private/f_auto,q_auto/league/kndulvysinvn4tpvt0bc"
Antonio Gibson,"https://static.www.nfl.com/image/upload/f_auto,q_auto/league/j7ixpkm7u4tdoqwzmbt4"
Antonio Pittman,"https://static.www.nfl.com/image/private/f_auto,q_auto/league/zxutnur563uvnkqythav"
Antonio Williams,"https://static.www.nfl.com/image/upload/f_auto,q_auto/league/noywrsgaqoqlv64c12yw"
Antony Auclair,"https://static.www.nfl.com/image/private/f_auto,q_auto/league/qkktgjw9l0ntyfiobegs"
Antowain Smith,"https://static.www.nfl.com/image/private/f_auto,q_auto/league/fryt8zlqmqjryov4czow"
Antrel Rolle,"https://static.www.nfl.com/image/private/f_auto,q_auto/league/issrtvdibba1d0c1msjb"
Antwaan Randle El,"https://static.www.nfl.com/image/private/f_auto,q_auto/league/oipoorlgo1xgdzzphzvo"
Antwon Blake,
ArDarius Stewart,"https://static.www.nfl.com/image/private/f_auto,q_auto/league/veeghpn7eg95a4yfr0uk"
Archie Griffin,"https://static.www.nfl.com/image/private/f_auto,q_auto/league/gtztnvyntjvjrmbmfisv"
Archie Manning,"https://static.www.nfl.com/image/private/f_auto,q_auto/league/g9vyzturkqi7oguzxqry"
Arian Foster,"https://static.www.nfl.com/image/private/f_auto,q_auto/league/b7zvp5go7e86i7wd1qyh"
Arian Smith,"https://static.www.nfl.com/image/upload/f_auto,q_auto/league/asywvwrn6zhlidxothqn"
Arlen Harris,"https://static.www.nfl.com/image/private/f_auto,q_auto/league/xgo9ljfqhrqw3cacywyf"
Armando Allen,"https://static.www.nfl.com/image/private/f_auto,q_auto/league/jrnomsfbklofqgnfk817"
Armani Rogers,"https://static.www.nfl.com/image/upload/f_auto,q_auto/league/g6lmbmhaju4jkhkcbk8u"
Armanti Edwards,"https://static.www.nfl.com/image/private/f_auto,q_auto/league/wa2chl8wz6dthhfqt6je"
Arnaz Battle,"https://static.www.nfl.com/image/private/f_auto,q_auto/league/frafersvx9wxpazu726z"
Arnold Jackson,"https://static.www.nfl.com/image/private/f_auto,q_auto/league/zh4yytu5vqdct5rb5vef"
Arnold Morgado,"https://static.www.nfl.com/image/private/f_auto,q_auto/league/rwznkingu4q1fzmcm8lf"
Arrelious Benn,"https://static.www.nfl.com/image/private/f_auto,q_auto/league/mrdtswjobu20gukdl2cp"
Arrike James,"https://static.www.nfl.com/image/private/f_auto,q_auto/league/lwk56zjwazqba985owpj"
Art DeCarlo,
Art Malone,"https://static.www.nfl.com/image/private/f_auto,q_auto/league/xkdzxtkkb6ef1l2irgor"
Art Monk,"https://static.www.nfl.com/image/private/f_auto,q_auto/league/lhnetc7kndqwtytjysi3"
Art Perkins,
Art Powell,
Art Strozier,
Arthur Cox,"https://static.www.nfl.com/image/private/f_auto,q_auto/league/wzkblifc6jtifa5eghkq"
Arthur Green,
Arthur Marshall,"https://static.www.nfl.com/image/private/f_auto,q_auto/league/cpfogydhnyf3t9voqxtm"
Arthur Whittington,
Artie Owens,"https://static.www.nfl.com/image/private/f_auto,q_auto/league/mdsi42zd1anphkubxytt"
Artose Pinner,"https://static.www.nfl.com/image/private/f_auto,q_auto/league/y5j8niw0qyyxgwflvpmc"
Asante Cleveland,"https://static.www.nfl.com/image/private/f_auto,q_auto/league/jla4z1dsbqt6t2khi1t1"
Ashley Lelie,"https://static.www.nfl.com/image/private/f_auto,q_auto/league/ecqltk8nfsaeakqb67tm"
Ashton Dulin,"https://static.www.nfl.com/image/upload/f_auto,q_auto/league/ux55cx0r9iwqwmfmaip6"
Ashton Jeanty,"https://static.www.nfl.com/image/upload/f_auto,q_auto/league/syspis1mntov9kgspb7r"
Atnaf Harris,"https://static.www.nfl.com/image/private/f_auto,q_auto/league/dqa9xkpgy83lafqgmpfl"
Aubrey Matthews,"https://static.www.nfl.com/image/private/f_auto,q_auto/league/zpeazokvh0kjclrrtiyg"
Auden Tate,"https://static.www.nfl.com/image/private/f_auto,q_auto/league/gp64utjveglpbit53u3t"
Audric Estimé,"https://static.www.nfl.com/image/upload/f_auto,q_auto/league/lcoend1mysjfhl8f4rrt"
Aundra Thompson,"https://static.www.nfl.com/image/private/f_auto,q_auto/league/no2qxbgwhpveoevech6c"
Aundrae Allison,"https://static.www.nfl.com/image/private/f_auto,q_auto/league/qrxwqugp1ezy82nztsve"
Aundray Bruce,"https://static.www.nfl.com/image/private/f_auto,q_auto/league/pbijjuljh7qglcpjj853"
Austin Carr,"https://static.www.nfl.com/image/private/f_auto,q_auto/league/kbmjaq5myumdsk85ocxf"
Austin Collie,"https://static.www.nfl.com/image/private/f_auto,q_auto/league/eux50ombnqizgxlh2fdy"
Austin Denney,
Austin Ekeler,"https://static.www.nfl.com/image/upload/f_auto,q_auto/league/sldndpn2zwt4uhkj2zks"
Austin Hooper,"https://static.www.nfl.com/image/upload/f_auto,q_auto/league/dd0j9ccd8fxokl48alzg"
Austin Johnson,"https://static.www.nfl.com/image/private/f_auto,q_auto/league/se6aqbzkyvpmtcr46bwz"
Austin Mack,"https://static.www.nfl.com/image/upload/f_auto,q_auto/league/b0qw4yrgtryeikt4fypi"
Austin Pettis,"https://static.www.nfl.com/image/private/f_auto,q_auto/league/kqic6oayt2jkoi3ezeuf"
Austin Seferian-Jenkins,"https://static.www.nfl.com/image/private/f_auto,q_auto/league/mvuoyejl5hzfzrkfezuj"
Austin Trammell,"https://static.www.nfl.com/image/upload/f_auto,q_auto/league/vpkcobp7jdqvk8qwhhtg"
Austin Traylor,"https://static.www.nfl.com/image/private/f_auto,q_auto/league/mxmi7iepd10ie7bn4hqm"
Austin Walter,"https://static.www.nfl.com/image/private/f_auto,q_auto/league/ra41toaybxgxojhemusk"
Autry Denson,"https://static.www.nfl.com/image/private/f_auto,q_auto/league/ydzqqrnx3xk3byu5dpts"
Aveion Cason,"https://static.www.nfl.com/image/private/f_auto,q_auto/league/dni24dgzcshivdpztlkn"
Avery Williams,"https://static.www.nfl.com/image/upload/f_auto,q_auto/league/udxcy5ukuuppfhemywfn"
Avion Black,"https://static.www.nfl.com/image/private/f_auto,q_auto/league/bptsxz56q171z7r7mtna"
Avon Cobourne,"https://static.www.nfl.com/image/private/f_auto,q_auto/league/fthniq4bzmg67keep2aj"
Az-Zahir Hakim,"https://static.www.nfl.com/image/private/f_auto,q_auto/league/mejrrdu6zfd1muziriw6"
B.J. Askew,"https://static.www.nfl.com/image/private/f_auto,q_auto/league/p1c0hws42t8vfirum5xp"
B.J. Sams,"https://static.www.nfl.com/image/private/f_auto,q_auto/league/leg3dzyfnwv2um29giwk"
Bailey Zappe,"https://static.www.nfl.com/image/upload/f_auto,q_auto/league/b6ntwwdcbjnzv2gml8tk"
Bake Turner,
Baker Mayfield,"https://static.www.nfl.com/image/upload/f_auto,q_auto/league/gjb8e69jtt1ffqf1afue"
Bam Childress,
Bam Knight,"https://static.www.nfl.com/image/upload/f_auto,q_auto/league/mjxnlzlnnwlfqayeybut"
Bam Morris,"https://static.www.nfl.com/image/private/f_auto,q_auto/league/xfamzuumuo1jqoibkcvu"
Baron Batch,"https://static.www.nfl.com/image/private/f_auto,q_auto/league/nyi8aktufcwzie1nzhev"
Barry Brown,
Barry Foster,"https://static.www.nfl.com/image/private/f_auto,q_auto/league/qgqgfzp8qjys26h9ezsf"
Barry Johnson,"https://static.www.nfl.com/image/private/f_auto,q_auto/league/jta1pblxnwlpyuhebikc"
Barry Krauss,"https://static.www.nfl.com/image/private/f_auto,q_auto/league/vvg6wjboszaytgpxfa37"
Barry Pearson,"https://static.www.nfl.com/image/private/f_auto,q_auto/league/mrmzhvyr4icpk29sxvs5"
Barry Redden,"https://static.www.nfl.com/image/private/f_auto,q_auto/league/vhjzix2e1okqhigctwlo"
Barry Sanders,"https://static.www.nfl.com/image/private/f_auto,q_auto/league/pj2ldftirqvwh3c9pljr"
Barry Smith,"https://static.www.nfl.com/image/private/f_auto,q_auto/league/cpfgvsi8ylndxgoadesw"
Barry Wagner,"https://static.www.nfl.com/image/private/f_auto,q_auto/league/url3w8a1twxb5gpqijtk"
Barry Word,"https://static.www.nfl.com/image/private/f_auto,q_auto/league/jk7p0dttfmrmjjmvc7hq"
Barty Smith,"https://static.www.nfl.com/image/private/f_auto,q_auto/league/ivdovcvbnorq2cka3e6o"
Basil Mitchell,"https://static.www.nfl.com/image/private/f_auto,q_auto/league/ye06atxor0eeh9mv8xzc"
Beanie Wells,
Bear Pascoe,"https://static.www.nfl.com/image/private/f_auto,q_auto/league/hhb76d36m5l6x2i12liw"
Beasley Reece,"https://static.www.nfl.com/image/private/f_auto,q_auto/league/aico9qbjpquu8iclx3rx"
Beaux Collins,"https://static.www.nfl.com/image/upload/f_auto,q_auto/league/fypzpyhv2bsvlcwp2ppo"
Ben Braunecker,"https://static.www.nfl.com/image/private/f_auto,q_auto/league/rjixl9e7vu8gze8324ne"
Ben Bredeson,"https://static.www.nfl.com/image/upload/f_auto,q_auto/league/nkygbtdxvxhluyjumvxu"
Ben Coates,"https://static.www.nfl.com/image/private/f_auto,q_auto/league/ih0cnctc2jkc0c67gpch"
Ben Edwards,"https://static.www.nfl.com/image/private/f_auto,q_auto/league/xoblgpcwhxf18xim7ika"
Ben Ellefson,"https://static.www.nfl.com/image/private/f_auto,q_auto/league/obeiese68connhihpmln"
Ben Garry,"https://static.www.nfl.com/image/private/f_auto,q_auto/league/oweplyo7mzx1wfo7cmzv"
Ben Gay,
Ben Hartsock,"https://static.www.nfl.com/image/private/f_auto,q_auto/league/mir6rekoh364h3lx8crk"
Ben Hawkins,"https://static.www.nfl.com/image/private/f_auto,q_auto/league/mj940peiqtcmkqeulzsk"
Ben Koyack,"https://static.www.nfl.com/image/private/f_auto,q_auto/league/hg1fdty7xbpwztueey8j"
Ben Obomanu,"https://static.www.nfl.com/image/private/f_auto,q_auto/league/txlk0aevckbim8dvlnam"
Ben Patrick,"https://static.www.nfl.com/image/private/f_auto,q_auto/league/aagqw67vfvcar52kxwlq"
Ben Roethlisberger,"https://static.www.nfl.com/image/private/f_auto,q_auto/league/vziogpnyp9d0xtpiuqhr"
Ben Sims,"https://static.www.nfl.com/image/upload/f_auto,q_auto/league/rigksrncrdjmbhvfuclp"
Ben Sinnott,"https://static.www.nfl.com/image/upload/f_auto,q_auto/league/ilkrv6dqajndnlsbmv8f"
Ben Skowronek,"https://static.www.nfl.com/image/upload/f_auto,q_auto/league/etozk8ja4u8lpjcvvo6l"
Ben Steele,"https://static.www.nfl.com/image/private/f_auto,q_auto/league/xxef5y5dtj35svg978wq"
Ben Tate,"https://static.www.nfl.com/image/private/f_auto,q_auto/league/hary8s6dxf5sjtqctymx"
Ben Troupe,"https://static.www.nfl.com/image/private/f_auto,q_auto/league/gnriyvlwwoyatyjej7qv"
Ben Utecht,"https://static.www.nfl.com/image/private/f_auto,q_auto/league/gbaxflp6qaxmn1ou58kb"
Ben Utt,"https://static.www.nfl.com/image/private/f_auto,q_auto/league/zhaywyuzyvawelzjqxzh"
Ben VanSumeren,"https://static.www.nfl.com/image/upload/f_auto,q_auto/league/ncnb1nwr2b1usus557xy"
Ben Watson,
Ben Wilson,
Ben Young,"https://static.www.nfl.com/image/private/f_auto,q_auto/league/rsyvk3bfh4d9s3cj0x7a"
Ben Yurosek,"https://static.www.nfl.com/image/upload/f_auto,q_auto/league/q6ea6dqd4nn27aeihiv7"
BenJarvus Green-Ellis,"https://static.www.nfl.com/image/private/f_auto,q_auto/league/hv8rz1hhlqkxkv7fx32j"
Bennie Cunningham,"https://static.www.nfl.com/image/private/f_auto,q_auto/league/x2yyg64ukdf2rbi7ucgs"
Bennie Fowler,"https://static.www.nfl.com/image/private/f_auto,q_auto/league/d3jxciybumul74f3kdnb"
Benny Barnes,"https://static.www.nfl.com/image/private/f_auto,q_auto/league/k5o5pmdiqmdj9hilr3xj"
Benny Cunningham,"https://static.www.nfl.com/image/private/f_auto,q_auto/league/yo9hvf3gnoxj7prmruo8"
Benny Malone,"https://static.www.nfl.com/image/private/f_auto,q_auto/league/ahtccfa63ich1h5z62gh"
Benny Snell,"https://static.www.nfl.com/image/private/f_auto,q_auto/league/fo3ppnx6djkougdmpthf"
Benny Snell Jr.,
Bernard Berrian,"https://static.www.nfl.com/image/private/f_auto,q_auto/league/po856tj2o11fbfjjafpa"
Bernard Ford,"https://static.www.nfl.com/image/private/f_auto,q_auto/league/x4tqfzpimjocgqmny40z"
Bernard Henry,"https://static.www.nfl.com/image/private/f_auto,q_auto/league/zual94ea4kohldyuz1dc"
Bernard Jackson,"https://static.www.nfl.com/image/private/f_auto,q_auto/league/vjsimddbyzkpgtlwp1ql"
Bernard Pierce,"https://static.www.nfl.com/image/private/f_auto,q_auto/league/fpkdvnu4uzvwxhwaryzm"
Bernard Scott,"https://static.www.nfl.com/image/private/f_auto,q_auto/league/qui3hyqvk5k44phgo0ns"
Bernie Casey,
Bernie Kosar,"https://static.www.nfl.com/image/private/f_auto,q_auto/league/j5kwb9rb36prfdwyr71q"
Bernie Parmalee,"https://static.www.nfl.com/image/private/f_auto,q_auto/league/resfephz4u73o52trfks"
Bert Askson,"https://static.www.nfl.com/image/private/f_auto,q_auto/league/mar0y1cjbild19phsaud"
Bert Emanuel,"https://static.www.nfl.com/image/private/f_auto,q_auto/league/lc3z0qk31ezffm2zex2w"
Bethel Johnson,"https://static.www.nfl.com/image/private/f_auto,q_auto/league/yjggfy4ckvjanngrrt2f"
Bhayshul Tuten,"https://static.www.nfl.com/image/upload/f_auto,q_auto/league/ryjnphuyjbedmgpx5qqj"
Bijan Robinson,"https://static.www.nfl.com/image/upload/f_auto,q_auto/league/esii5yb8yn9edboi4mlq"
Bilal Powell,"https://static.www.nfl.com/image/private/f_auto,q_auto/league/a5qlloemeetaqawzwuf7"
Bill Anderson,
Bill Baber,
Bill Brooks,"https://static.www.nfl.com/image/private/f_auto,q_auto/league/ukecrbmiopviabjt2rqz"
Bill Brown,"https://static.www.nfl.com/image/private/f_auto,q_auto/league/j4nrgfayaeihcyibthtv"
Bill Butler,"https://static.www.nfl.com/image/private/f_auto,q_auto/league/urdarihhwhqnxusvj796"
Bill Enyart,
Bill Fralic,"https://static.www.nfl.com/image/private/f_auto,q_auto/league/iqgrys771nrh2ioixxt6"
Bill Houston,"https://static.www.nfl.com/image/private/f_auto,q_auto/league/f1k4qnd93ss5fxswcjhn"
Bill Hurley,"https://static.www.nfl.com/image/private/f_auto,q_auto/league/qltmt5ixqbrp6r8yyuug"
Bill Johnson,"https://static.www.nfl.com/image/private/f_auto,q_auto/league/twhsgi72ypmosqles3t3"
Bill Jones,"https://static.www.nfl.com/image/private/f_auto,q_auto/league/ssdmlhvl6cuzkve4syjw"
Bill Kenney,"https://static.www.nfl.com/image/private/f_auto,q_auto/league/p4hyyptwqvmfmor75d7m"
Bill Kimber,
Bill Larson,"https://static.www.nfl.com/image/private/f_auto,q_auto/league/n7ajodrwnnjg2wtnlc1b"
Bill Malinchak,"https://static.www.nfl.com/image/private/f_auto,q_auto/league/cdjssmxppjr8uxl8in5a"
Bill Martin,
Bill McWatters,
Bill Munson,"https://static.www.nfl.com/image/private/f_auto,q_auto/league/cougml4dr9a5i5tlts1g"
Bill Murrell,"https://static.www.nfl.com/image/private/f_auto,q_auto/league/o0g8o7tksjjuwaf7e4dp"
Bill Nelsen,
Bill Olds,"https://static.www.nfl.com/image/private/f_auto,q_auto/league/py8np2w2fg6vqbrjy2pa"
Bill Rademacher,
Bill Ring,"https://static.www.nfl.com/image/private/f_auto,q_auto/league/c7kn1jj6lpu6tbrpcqwq"
Bill Schroeder,"https://static.www.nfl.com/image/private/f_auto,q_auto/league/xtharhdrjchxqtltrk30"
Bill Thomas,"https://static.www.nfl.com/image/private/f_auto,q_auto/league/gicqjhuqkrdxwbsxzhtb"
Bill Thornton,
Bill Triplett,
Bill Tucker,
Billy Bajema,"https://static.www.nfl.com/image/private/f_auto,q_auto/league/foqcyf8umstrjndcqjwq"
Billy Brooks,"https://static.www.nfl.com/image/private/f_auto,q_auto/league/vxbo8ddsbwcvykzhx3uf"
Billy Campfield,"https://static.www.nfl.com/image/private/f_auto,q_auto/league/n4pa3yu5mttasunqdmb2"
Billy Cannon,"https://static.www.nfl.com/image/private/f_auto,q_auto/league/d2xlw6o3yrh6lkqphplx"
Billy Davis,"https://static.www.nfl.com/image/private/f_auto,q_auto/league/ogis0bcpy1elld5ip2p0"
Billy Gambrell,
Billy Griggs,"https://static.www.nfl.com/image/private/f_auto,q_auto/league/bzlpuzagevn5hribc8ba"
Billy Harris,
Billy Howton,
Billy Hunter,
Billy Jackson,"https://static.www.nfl.com/image/private/f_auto,q_auto/league/db1mpa2aeszh4y3ccwnn"
Billy Joe DuPree,"https://static.www.nfl.com/image/private/f_auto,q_auto/league/qahvvy6nst7jk98iwmbg"
Billy Johnson,"https://static.www.nfl.com/image/private/f_auto,q_auto/league/th3wsugu08xgopwdevbl"
Billy Kilmer,"https://static.www.nfl.com/image/private/f_auto,q_auto/league/zjtagkdyapup1acwzywp"
Billy Lefear,"https://static.www.nfl.com/image/private/f_auto,q_auto/league/kfgk9qynzfyo0cjx9wzf"
Billy Martin,
Billy Masters,"https://static.www.nfl.com/image/private/f_auto,q_auto/league/bbiyy5irjbakcr9rmva4"
Billy McMullen,"https://static.www.nfl.com/image/private/f_auto,q_auto/league/ysjpylvhloruthcamdzj"
Billy Miller,"https://static.www.nfl.com/image/private/f_auto,q_auto/league/bhqkzrqlqbyqy1ktwq60"
Billy Parks,"https://static.www.nfl.com/image/private/f_auto,q_auto/league/ddyuu1bbfdtsmqgf53kq"
Billy Pricer,
Billy Pritchett,"https://static.www.nfl.com/image/private/f_auto,q_auto/league/ntaoh1tuwurlruehgjoh"
Billy Ray Barnes,
Billy Ryckman,"https://static.www.nfl.com/image/private/f_auto,q_auto/league/sf9amrpjidrs6pbl32ih"
Billy Sims,"https://static.www.nfl.com/image/private/f_auto,q_auto/league/klbuonro96ludylbxd0d"
Billy Stacy,
Billy Taylor,"https://static.www.nfl.com/image/private/f_auto,q_auto/league/cdj0zca8qmfavugoxwkm"
Billy Truax,
Billy Van Heusen,"https://static.www.nfl.com/image/private/f_auto,q_auto/league/mqjflh1wtvs7wwrsrfnh"
Billy Volek,"https://static.www.nfl.com/image/private/f_auto,q_auto/league/jei3uos0woj4u7exp8ih"
Billy Waddy,"https://static.www.nfl.com/image/private/f_auto,q_auto/league/e87hbudunnf0zekwbsqt"
Billy Walik,
Billy Wilson,
Biren Ealy,"https://static.www.nfl.com/image/private/f_auto,q_auto/league/kwz7ivegppz1hktccdm8"
Bishop Sankey,"https://static.www.nfl.com/image/private/f_auto,q_auto/league/igga9u3pw5h2rlcgs80c"
Blaine Gabbert,"https://static.www.nfl.com/image/private/f_auto,q_auto/league/fphhd3wedamgkps6e0dl"
Blair Thomas,"https://static.www.nfl.com/image/private/f_auto,q_auto/league/srltcukdwty3b1j12ydx"
Blair White,"https://static.www.nfl.com/image/private/f_auto,q_auto/league/sfwspf4ifycxtxchf5y7"
Blake Bell,"https://static.www.nfl.com/image/private/f_auto,q_auto/league/eqrmmjto8koqqc9j2kjj"
Blake Bortles,"https://static.www.nfl.com/image/private/f_auto,q_auto/league/jvoui3bptgsfvgkz5e1b"
Blake Corum,"https://static.www.nfl.com/image/upload/f_auto,q_auto/league/axzqbqjkrbwfzodwwakq"
Blake Jarwin,"https://static.www.nfl.com/image/private/f_auto,q_auto/league/fsn8rvgup22r5e53mu7i"
Blake Moore,"https://static.www.nfl.com/image/private/f_auto,q_auto/league/csnh8q6q5ydn8lshavpf"
Blake Spence,"https://static.www.nfl.com/image/private/f_auto,q_auto/league/xrnvckrx2vqmvtarsqnx"
Blake Watson,"https://static.www.nfl.com/image/upload/f_auto,q_auto/league/fqa3khjrz3ngvq27wgzz"
Blake Whiteheart,"https://static.www.nfl.com/image/upload/f_auto,q_auto/league/senw8edxu2ovkg1dbdxs"
Bo Cornell,"https://static.www.nfl.com/image/private/f_auto,q_auto/league/gqswqdw0o7rviahwpsgy"
Bo Farrington,
Bo Jackson,"https://static.www.nfl.com/image/private/f_auto,q_auto/league/rtnqjubogruter4mez7n"
Bo Matthews,"https://static.www.nfl.com/image/private/f_auto,q_auto/league/warqn4wrsdysbsvbggvl"
Bo Melton,"https://static.www.nfl.com/image/upload/f_auto,q_auto/league/d7hxvsyeufobjykcxhls"
Bo Nix,"https://static.www.nfl.com/image/upload/f_auto,q_auto/league/zvo9xatffmqn9lnukpgk"
Bo Rather,"https://static.www.nfl.com/image/private/f_auto,q_auto/league/jitqqst1dze02dyfdg24"
Bo Robinson,"https://static.www.nfl.com/image/private/f_auto,q_auto/league/ysgcoshxhlqzg1vtnlga"
Bo Scaife,"https://static.www.nfl.com/image/private/f_auto,q_auto/league/eboft3twopepfxs60yvw"
Bo Scarbrough,"https://static.www.nfl.com/image/private/f_auto,q_auto/league/y9zcmooqisc5cex2tqxb"
Bo Scott,"https://static.www.nfl.com/image/private/f_auto,q_auto/league/dykkewtrsthevsilaomf"
Bob Adams,"https://static.www.nfl.com/image/private/f_auto,q_auto/league/gqvqcnyjvsffksmpimjr"
Bob Berry,"https://static.www.nfl.com/image/private/f_auto,q_auto/league/bddbcr3vmrqbsowwgtq8"
Bob Breunig,"https://static.www.nfl.com/image/private/f_auto,q_auto/league/mxbh76wdlbphcfl5tmvv"
Bob Briggs,"https://static.www.nfl.com/image/private/f_auto,q_auto/league/j1y7opoxytqh0z27u4xo"
Bob Bruer,"https://static.www.nfl.com/image/private/f_auto,q_auto/league/ilftw1x27njvnfomp6ej"
Bob Brunet,"https://static.www.nfl.com/image/private/f_auto,q_auto/league/zpkeidh2bo1auta0qtow"
Bob Campbell,
Bob Chandler,"https://static.www.nfl.com/image/private/f_auto,q_auto/league/z2jen0feyqxavkzkszsc"
Bob Christian,"https://static.www.nfl.com/image/private/f_auto,q_auto/league/t1o81bpnihwhsofw3gdc"
Bob Coronado,
Bob Ferguson,
Bob Ferrell,"https://static.www.nfl.com/image/private/f_auto,q_auto/league/vhwsnmbvdxox9dub2yzi"
Bob Fisher,"https://static.www.nfl.com/image/private/f_auto,q_auto/league/tixvo9i2z2qduaufrntu"
Bob Gaiters,
Bob Gladieux,
Bob Glazebrook,"https://static.www.nfl.com/image/private/f_auto,q_auto/league/tl48l03p4ebemautvnpq"
Bob Goodridge,
Bob Gresham,"https://static.www.nfl.com/image/private/f_auto,q_auto/league/whjcv4soni6grvue7v4x"
Bob Grim,"https://static.www.nfl.com/image/private/f_auto,q_auto/league/mgqsdzrjmcphlynsh0w8"
Bob Hayes,"https://static.www.nfl.com/image/private/f_auto,q_auto/league/o95jzm34aduoh9libdlk"
Bob Hudson,"https://static.www.nfl.com/image/private/f_auto,q_auto/league/nrlwppdvtnvndwc5lfab"
Bob Hyland,"https://static.www.nfl.com/image/private/f_auto,q_auto/league/tlca6lx5e0vxhaomkjuf"
Bob Jencks,
Bob Jeter,
Bob Johnson,"https://static.www.nfl.com/image/private/f_auto,q_auto/league/tis1emna7unqlh5puqcq"
Bob Jones,"https://static.www.nfl.com/image/private/f_auto,q_auto/league/dyhdeoysklxrsitflk6z"
Bob Klein,"https://static.www.nfl.com/image/private/f_auto,q_auto/league/fc3pxq6m24i9rzc0dtrk"
Bob Long,
Bob McCall,
Bob Moore,"https://static.www.nfl.com/image/private/f_auto,q_auto/league/ggsvz6fhprqxuesogjuh"
Bob Mrosko,"https://static.www.nfl.com/image/private/f_auto,q_auto/league/dqxmpfa52aakqqh1tk1x"
Bob Newland,"https://static.www.nfl.com/image/private/f_auto,q_auto/league/msvmpdr7jwrvnareaurl"
Bob Paremore,
Bob Parsons,"https://static.www.nfl.com/image/private/f_auto,q_auto/league/zyvnzwqhi6wkx2tawd41"
Bob Perryman,"https://static.www.nfl.com/image/private/f_auto,q_auto/league/bvb2m3jjcwdebhcwrjeu"
Bob Pickard,"https://static.www.nfl.com/image/private/f_auto,q_auto/league/tgndyttmb6osdooxv1ho"
Bob Poole,
Bob Raba,"https://static.www.nfl.com/image/private/f_auto,q_auto/league/zjrvhck15bei5q9uw25p"
Bob Reynolds,
Bob Schnelker,
Bob Shaw,
Bob Sherlag,
Bob Simms,
Bob Thomas,"https://static.www.nfl.com/image/private/f_auto,q_auto/league/f4xc6jkywrnzl7u0tkfv"
Bob Trumpy,"https://static.www.nfl.com/image/private/f_auto,q_auto/league/rsqk5iaf5ukdzm9cppsy"
Bob Tucker,"https://static.www.nfl.com/image/private/f_auto,q_auto/league/geexl9uk2hcnc4eaipbw"
Bob Wallace,
Bob Wicks,"https://static.www.nfl.com/image/private/f_auto,q_auto/league/bte34jfantkmpo5qrp39"
Bob Windsor,"https://static.www.nfl.com/image/private/f_auto,q_auto/league/ejlhtzvturbbjva5yycp"
Bobby Anderson,"https://static.www.nfl.com/image/private/f_auto,q_auto/league/vuvhmcyndbhbrjpnsgg7"
Bobby Brown,"https://static.www.nfl.com/image/private/f_auto,q_auto/league/jy01cqstalf2vdtn9e64"
Bobby Collins,"https://static.www.nfl.com/image/private/f_auto,q_auto/league/uxzcuvpgeq1bu4il2wvb"
Bobby Crespino,
Bobby Douglass,"https://static.www.nfl.com/image/private/f_auto,q_auto/league/txqy2dejziysmk3wsvu2"
Bobby Duckworth,"https://static.www.nfl.com/image/private/f_auto,q_auto/league/gi3fqtjcna8ak8jxjxqt"
Bobby Duhon,
Bobby Engram,"https://static.www.nfl.com/image/private/f_auto,q_auto/league/u18aupjv3gtlivfcnkyv"
Bobby Felts,
Bobby Fowler,"https://static.www.nfl.com/image/private/f_auto,q_auto/league/z03ovrdsko1is3nu563n"
Bobby Hammond,"https://static.www.nfl.com/image/private/f_auto,q_auto/league/ciaz4cp8sqgp4kupgoum"
Bobby Hebert,"https://static.www.nfl.com/image/private/f_auto,q_auto/league/ivn7okbglfqcc8lbyhkz"
Bobby Howard,"https://static.www.nfl.com/image/private/f_auto,q_auto/league/kk2aaogzapukdkbevuek"
Bobby Humphery,"https://static.www.nfl.com/image/private/f_auto,q_auto/league/habw1vaak3axpdzytdxh"
Bobby Humphrey,"https://static.www.nfl.com/image/private/f_auto,q_auto/league/pgpih7oxuyavnqofnx8p"
Bobby Joe Conrad,
Bobby Joe Edmonds,"https://static.www.nfl.com/image/private/f_auto,q_auto/league/idctoo2tbzvtp7tcjokd"
Bobby Johnson,"https://static.www.nfl.com/image/private/f_auto,q_auto/league/yhzw8wjszubwgvrdjjvc"
Bobby Jones,"https://static.www.nfl.com/image/private/f_auto,q_auto/league/ooqbzkq7vqvxok3blaty"
Bobby Massie,"https://static.www.nfl.com/image/private/f_auto,q_auto/league/hfjtsmseahvvdllps7eg"
Bobby Micho,"https://static.www.nfl.com/image/private/f_auto,q_auto/league/qfbiqsmzdeeljyxazrwh"
Bobby Mitchell,
Bobby Morse,"https://static.www.nfl.com/image/private/f_auto,q_auto/league/bt5bfyligo2jeiqm7hxl"
Bobby Neely,"https://static.www.nfl.com/image/private/f_auto,q_auto/league/xmbz4ycjqeah6th1g7g2"
Bobby Price,"https://static.www.nfl.com/image/upload/f_auto,q_auto/league/rlgj4rky5w5k3k53yk4q"
Bobby Rainey,"https://static.www.nfl.com/image/private/f_auto,q_auto/league/vf2lmyxgjhrah1hfed1x"
Bobby Reed,
Bobby Shaw,"https://static.www.nfl.com/image/private/f_auto,q_auto/league/xsahxwwg0ckgok0hl52a"
Bobby Smith,
Bobby Thompson,"https://static.www.nfl.com/image/private/f_auto,q_auto/league/eldnfje4yv4gjacybjzi"
Bobby Wade,"https://static.www.nfl.com/image/private/f_auto,q_auto/league/gukxvk5jls1wpg4bnmwx"
Bobby Walston,
Bobo Wilson,"https://static.www.nfl.com/image/private/f_auto,q_auto/league/dxmqeel8jwf3yokvtg9a"
Boo Williams,"https://static.www.nfl.com/image/private/f_auto,q_auto/league/fd1auytkjzbizkgjgavw"
Boobie Clark,"https://static.www.nfl.com/image/private/f_auto,q_auto/league/y60gw18midyp8sqlppcj"
Booker Moore,"https://static.www.nfl.com/image/private/f_auto,q_auto/league/hgllge2lwfmyt1aavy8m"
Booker Russell,"https://static.www.nfl.com/image/private/f_auto,q_auto/league/dxoedptw6rw5uabfg4ff"
Boomer Esiason,"https://static.www.nfl.com/image/private/f_auto,q_auto/league/afg59qxfnusj3ebuqwyv"
Boomer Grigsby,"https://static.www.nfl.com/image/private/f_auto,q_auto/league/vllal9vsrjyhlvt4ggt7"
Boston Scott,"https://static.www.nfl.com/image/upload/f_auto,q_auto/league/drf1wvqkjdvtu1rtxvfe"
Boyce Green,"https://static.www.nfl.com/image/private/f_auto,q_auto/league/mkhcvuo0lto0imshljbw"
Boyd Brown,"https://static.www.nfl.com/image/private/f_auto,q_auto/league/fgjugufegizi6uyuuqka"
Boyd Dowler,
Brad Anderson,"https://static.www.nfl.com/image/private/f_auto,q_auto/league/otrr17yemgjd11hzvdz1"
Brad Baxter,"https://static.www.nfl.com/image/private/f_auto,q_auto/league/dyogwgx2xvmftaoz2trk"
Brad Beckman,"https://static.www.nfl.com/image/private/f_auto,q_auto/league/auvkchgcyttkkxyfbv3s"
Brad Cieslak,"https://static.www.nfl.com/image/private/f_auto,q_auto/league/yb3nvgfy9p4slgtcsqzv"
Brad Cottam,"https://static.www.nfl.com/image/private/f_auto,q_auto/league/qkquejy885n5u9j335fl"
Brad Hoover,"https://static.www.nfl.com/image/private/f_auto,q_auto/league/nkihbcljztyofowib4cy"
Brad Hubbert,
Brad Johnson,"https://static.www.nfl.com/image/private/f_auto,q_auto/league/rnzt7iobyak7at4wf6uf"
Brad Lamb,"https://static.www.nfl.com/image/private/f_auto,q_auto/league/bj5u7vwmqprghyi6ncjt"
Brad Meester,"https://static.www.nfl.com/image/private/f_auto,q_auto/league/rixo5b33kqy0mj22fdpa"
Brad Muster,"https://static.www.nfl.com/image/private/f_auto,q_auto/league/ewpuh5pmckrbhlxmgqdh"
Brad Pyatt,"https://static.www.nfl.com/image/private/f_auto,q_auto/league/x2cwusve5ha2xcype4q4"
Brad Smelley,"https://static.www.nfl.com/image/private/f_auto,q_auto/league/ah18qfsmkhcojeed1kw8"
Brad Smith,"https://static.www.nfl.com/image/private/f_auto,q_auto/league/bsr5rikxqhr1h8luu0ev"
Brad Van Pelt,"https://static.www.nfl.com/image/private/f_auto,q_auto/league/mfnxwgcg8jpfws6ufyl4"
Bradford Banta,
Bradie Ewing,"https://static.www.nfl.com/image/private/f_auto,q_auto/league/dlfaiceex75mbtf44y33"
Bradley Marquez,"https://static.www.nfl.com/image/private/f_auto,q_auto/league/p6olxbyymypgryvxovy3"
Bradley Sowell,"https://static.www.nfl.com/image/private/f_auto,q_auto/league/ep1lqjgiwemsr9eenajg"
Brady Quinn,"https://static.www.nfl.com/image/private/f_auto,q_auto/league/ezqavugaagjzhsqhoicz"
Braelon Allen,"https://static.www.nfl.com/image/upload/f_auto,q_auto/league/fmpzgmfjmcbrv1gmqbdn"
Bralon Addison,"https://static.www.nfl.com/image/private/f_auto,q_auto/league/otwc8iuqmogqjh2j8zow"
Branden Oliver,"https://static.www.nfl.com/image/private/f_auto,q_auto/league/wuvcmhjtwgqanezt6f79"
Brandin Cooks,"https://static.www.nfl.com/image/upload/f_auto,q_auto/league/krz3gv9jjs92arlctvqf"
Brandin Echols,"https://static.www.nfl.com/image/upload/f_auto,q_auto/league/igkzt4tpxbb3lfcbfnzw"
Brandon Aiyuk,"https://static.www.nfl.com/image/upload/f_auto,q_auto/league/avzzxycxyculxxqce5k7"
Brandon Banks,"https://static.www.nfl.com/image/private/f_auto,q_auto/league/utkioxbmdzvof8rhsagm"
Brandon Bennett,"https://static.www.nfl.com/image/private/f_auto,q_auto/league/whclaaky7vs2albge9yz"
Brandon Bolden,"https://static.www.nfl.com/image/private/f_auto,q_auto/league/kqqwz35z9brhkzbs4bcn"
Brandon Bostick,"https://static.www.nfl.com/image/private/f_auto,q_auto/league/eazsm9q05wcs2st2dsht"
Brandon Coleman,"https://static.www.nfl.com/image/private/f_auto,q_auto/league/mudu6l15nmg2cfvljd0d"
Brandon Dillon,"https://static.www.nfl.com/image/private/f_auto,q_auto/league/cdfez6yy9dzvblsnc3ou"
Brandon Gibson,"https://static.www.nfl.com/image/private/f_auto,q_auto/league/surhprm3dsmqjollulmn"
Brandon Jackson,"https://static.www.nfl.com/image/private/f_auto,q_auto/league/uy3xpotebhao3y1ohedi"
Brandon Jacobs,"https://static.www.nfl.com/image/private/f_auto,q_auto/league/uqirxeaumckg6jrckfg3"
Brandon James,"https://static.www.nfl.com/image/private/f_auto,q_auto/league/edn2tyyg9cv7cdydtp3x"
Brandon Johnson,"https://static.www.nfl.com/image/upload/f_auto,q_auto/league/pjdx1jdr9snczoeyevli"
Brandon Jones,"https://static.www.nfl.com/image/private/f_auto,q_auto/league/nvnsrddaiqfsorg2dpdf"
Brandon LaFell,"https://static.www.nfl.com/image/private/f_auto,q_auto/league/x4wifb5arw0neuwg1cch"
Brandon Lloyd,"https://static.www.nfl.com/image/private/f_auto,q_auto/league/ljx2jldvqmlkncplteve"
Brandon London,"https://static.www.nfl.com/image/private/f_auto,q_auto/league/svgtkx28uahmysfzhisb"
Brandon Manumaleuna,"https://static.www.nfl.com/image/private/f_auto,q_auto/league/pea5lmdbjmnnjwqxgobi"
Brandon Marshall,"https://static.www.nfl.com/image/private/f_auto,q_auto/league/jhziqh0scfksvxen6f3s"
Brandon Middleton,"https://static.www.nfl.com/image/private/f_auto,q_auto/league/zz4wojmy27fvzwe1xqey"
Brandon Miree,"https://static.www.nfl.com/image/private/f_auto,q_auto/league/tgnwsuov0jnygubpql8f"
Brandon Myers,"https://static.www.nfl.com/image/private/f_auto,q_auto/league/tzyfv93n3bgtbmywjczu"
Brandon Pettigrew,"https://static.www.nfl.com/image/private/f_auto,q_auto/league/ff8qbxnqulosib0go5ez"
Brandon Powell,"https://static.www.nfl.com/image/upload/f_auto,q_auto/league/kpggzzkazhxoq4e77xho"
Brandon Saine,"https://static.www.nfl.com/image/private/f_auto,q_auto/league/geerv1mt8m61vq70jvla"
Brandon Stokley,"https://static.www.nfl.com/image/private/f_auto,q_auto/league/u28x9vmd7ca8k2qnakua"
Brandon Tate,"https://static.www.nfl.com/image/private/f_auto,q_auto/league/uzpf58ijo44jfqakwv83"
Brandon Wilds,"https://static.www.nfl.com/image/private/f_auto,q_auto/league/pnkbbcmp3qmc3ncxfm7a"
Brandon Williams,"https://static.www.nfl.com/image/private/f_auto,q_auto/league/ozqjjoxr1sukcx2207hd"
Brandon Zylstra,"https://static.www.nfl.com/image/private/f_auto,q_auto/league/arx0mz7gc5dm0wfc5kfx"
Brant Bengen,"https://static.www.nfl.com/image/private/f_auto,q_auto/league/abtxpj656y4cbkrbm7fj"
Brashard Smith,"https://static.www.nfl.com/image/upload/f_auto,q_auto/league/xnf4x6b9a2yunsc0gaej"
Braxton Berrios,"https://static.www.nfl.com/image/upload/f_auto,q_auto/league/striwxmn9t0ixherw7l8"
Braxton Miller,"https://static.www.nfl.com/image/private/f_auto,q_auto/league/ya38kjppomtdyqbq5cyg"
Braylon Edwards,"https://static.www.nfl.com/image/private/f_auto,q_auto/league/ryuel7mxiqtyhyqn4lyn"
Braylon Sanders,"https://static.www.nfl.com/image/upload/f_auto,q_auto/league/gmfwtnng8jnsnjrhexvx"
Breece Hall,"https://static.www.nfl.com/image/upload/f_auto,q_auto/league/i01xtqbfajfq68lb6orh"
Brenden Bates,"https://static.www.nfl.com/image/upload/f_auto,q_auto/league/beeomv1jxgkwgqubgef9"
Brent Celek,"https://static.www.nfl.com/image/private/f_auto,q_auto/league/mit6ahic4gkdhy1hkejt"
Brent Fullwood,"https://static.www.nfl.com/image/private/f_auto,q_auto/league/geezupgpuwfed9ddfqc2"
Brent Jones,"https://static.www.nfl.com/image/private/f_auto,q_auto/league/scmatj2gzboq1sftqzqd"
Brent McClanahan,"https://static.www.nfl.com/image/private/f_auto,q_auto/league/chnpwilhr9sbxkbeh33g"
Brent Moss,"https://static.www.nfl.com/image/private/f_auto,q_auto/league/cmzwds51hmgh1umniny0"
Brent Novoselsky,"https://static.www.nfl.com/image/private/f_auto,q_auto/league/jgvzk0pkivaobqpepe0u"
Brenton Bersin,"https://static.www.nfl.com/image/private/f_auto,q_auto/league/gjkirn3lffpdr7gn8ars"
Brenton Strange,"https://static.www.nfl.com/image/upload/f_auto,q_auto/league/devxzxwf1sfficgncggm"
Breshad Perriman,"https://static.www.nfl.com/image/private/f_auto,q_auto/league/zpwov1n42bi5lsqdlxhh"
Brett Bech,"https://static.www.nfl.com/image/private/f_auto,q_auto/league/kkskbazdwpmo2wc02vhr"
Brett Carolan,"https://static.www.nfl.com/image/private/f_auto,q_auto/league/w3n2xchjapruj6hdjicu"
Brett Favre,"https://static.www.nfl.com/image/private/f_auto,q_auto/league/m3sggjgdqlp4jqpxktvr"
Brett Hundley,"https://static.www.nfl.com/image/private/f_auto,q_auto/league/lgplktjykzjrnjsn9x8y"
Brett Perriman,"https://static.www.nfl.com/image/private/f_auto,q_auto/league/u4ishjtpm0xpglwcm39f"
Brett Pierce,"https://static.www.nfl.com/image/private/f_auto,q_auto/league/wipzqq9q5l9chxg2em96"
Brett Swain,"https://static.www.nfl.com/image/private/f_auto,q_auto/league/h7n3p7fbn1x3bbfuxecz"
Brett Wilson,"https://static.www.nfl.com/image/private/f_auto,q_auto/league/fzk6na1mfqrus1v8bqwm"
Brevin Jordan,"https://static.www.nfl.com/image/upload/f_auto,q_auto/league/rn42gehfbeflx2px8njx"
Brevyn Spann-Ford,"https://static.www.nfl.com/image/upload/f_auto,q_auto/league/sko2pmuqociwa92ep1ad"
Brian Alford,"https://static.www.nfl.com/image/private/f_auto,q_auto/league/ipca0vnhul43hbjdpcik"
Brian Baldinger,"https://static.www.nfl.com/image/private/f_auto,q_auto/league/kzoj9v8hbfxpaiplffem"
Brian Baschnagel,"https://static.www.nfl.com/image/private/f_auto,q_auto/league/twq94ryzif5zg74wt7in"
Brian Blades,"https://static.www.nfl.com/image/private/f_auto,q_auto/league/vbxdefulc7devsxnjuln"
Brian Blados,"https://static.www.nfl.com/image/private/f_auto,q_auto/league/fpsykcqitbaagzzixomb"
Brian Brennan,"https://static.www.nfl.com/image/private/f_auto,q_auto/league/cswhjukxpkwsgnaaztrn"
Brian Cabral,"https://static.www.nfl.com/image/private/f_auto,q_auto/league/ktif7phjn8j04vt3a0wh"
Brian Calhoun,"https://static.www.nfl.com/image/private/f_auto,q_auto/league/eqcqvuofmn0r1ooc0hav"
Brian Clark,"https://static.www.nfl.com/image/private/f_auto,q_auto/league/pn1e1vuaf7bkrgboc1x1"
Brian Dawkins,"https://static.www.nfl.com/image/private/f_auto,q_auto/league/uer4z98pum4pancbyvnw"
Brian DeRoo,"https://static.www.nfl.com/image/private/f_auto,q_auto/league/ajwwsynumqwppmyjcxz5"
Brian Duncan,"https://static.www.nfl.com/image/private/f_auto,q_auto/league/stcyovkazyddfptlufpo"
Brian Finneran,"https://static.www.nfl.com/image/private/f_auto,q_auto/league/uyaqqmwgjyx6yfvxsipg"
Brian Glasgow,"https://static.www.nfl.com/image/private/f_auto,q_auto/league/h5apwmlq5ftzt5rsewlz"
Brian Griese,"https://static.www.nfl.com/image/private/f_auto,q_auto/league/h4yl6l8aqzgdqcjrckvk"
Brian Hartline,"https://static.www.nfl.com/image/private/f_auto,q_auto/league/vuqaw5utqkgyqtp7hwbu"
Brian Hill,"https://static.www.nfl.com/image/private/f_auto,q_auto/league/bsgtdhaylnpxdhfxtx0y"
Brian Holloway,"https://static.www.nfl.com/image/private/f_auto,q_auto/league/rem22j2mpkokelbe94ua"
Brian Jones,"https://static.www.nfl.com/image/private/f_auto,q_auto/league/br1hv6n6qgvlopuqqonf"
Brian Kelley,"https://static.www.nfl.com/image/private/f_auto,q_auto/league/bpuswrkix01o7jy1ktdb"
Brian Kinchen,"https://static.www.nfl.com/image/private/f_auto,q_auto/league/u75srtqyythxjmcgssdm"
Brian Kozlowski,"https://static.www.nfl.com/image/private/f_auto,q_auto/league/xvc6eblafj2uhq7zv5bz"
Brian Leonard,"https://static.www.nfl.com/image/private/f_auto,q_auto/league/a4ijk8zs4l7m3deikdib"
Brian Leonhardt,"https://static.www.nfl.com/image/private/f_auto,q_auto/league/y3hzkmu0wiquabihuunn"
Brian Manning,"https://static.www.nfl.com/image/private/f_auto,q_auto/league/rgsttemluodtvy9lkgdr"
Brian Mihalik,"https://static.www.nfl.com/image/private/f_auto,q_auto/league/sy2hcfcmwdbb2zutn77w"
Brian Milne,"https://static.www.nfl.com/image/private/f_auto,q_auto/league/j209xllpalbqfr5acltu"
Brian Mitchell,"https://static.www.nfl.com/image/private/f_auto,q_auto/league/bwm0n70rbfm6zo2xyjrr"
Brian Natkin,"https://static.www.nfl.com/image/private/f_auto,q_auto/league/unt0fnxnraqfendhqpjm"
Brian Parker,"https://static.www.nfl.com/image/private/f_auto,q_auto/league/lozfj8mnyln9bo6frq6r"
Brian Peets,"https://static.www.nfl.com/image/private/f_auto,q_auto/league/zjuonnbnerzekebntn4a"
Brian Piccolo,
Brian Quick,"https://static.www.nfl.com/image/private/f_auto,q_auto/league/tayczwuhluj2hyrva3cp"
Brian Robinson,"https://static.www.nfl.com/image/upload/f_auto,q_auto/league/n1xhex1ytisxcbcggqu7"
Brian Robiskie,"https://static.www.nfl.com/image/private/f_auto,q_auto/league/hus9yzux5rhkyfd27sog"
Brian Roche,"https://static.www.nfl.com/image/private/f_auto,q_auto/league/wy7bdwqf43yvj8o2gf6s"
Brian Saxton,"https://static.www.nfl.com/image/private/f_auto,q_auto/league/h6fcp5xxprj6kq3jtugm"
Brian Schwenke,"https://static.www.nfl.com/image/private/f_auto,q_auto/league/swc134obyt0q7uxuhfbd"
Brian Stablein,"https://static.www.nfl.com/image/private/f_auto,q_auto/league/dsbexg5qjzsjjqfdyeos"
Brian Thomas Jr.,"https://static.www.nfl.com/image/upload/f_auto,q_auto/league/plnekkriys4cm11rnxwl"
Brian Tyms,"https://static.www.nfl.com/image/private/f_auto,q_auto/league/elkf36ujpqmgvkv7griq"
Brian Urlacher,"https://static.www.nfl.com/image/private/f_auto,q_auto/league/grv500cwcjiqengfgrw1"
Brian Westbrook,"https://static.www.nfl.com/image/private/f_auto,q_auto/league/xerjzdet52uvvhqovape"
Brice Butler,"https://static.www.nfl.com/image/private/f_auto,q_auto/league/xnr2lcdlhui4vyu6z4ir"
Brice Hunter,"https://static.www.nfl.com/image/private/f_auto,q_auto/league/ludvxk9dqpbekigzcunn"
Brit Miller,"https://static.www.nfl.com/image/private/f_auto,q_auto/league/k21prnlapgfh9rxvl7o8"
Britain Covey,"https://static.www.nfl.com/image/upload/f_auto,q_auto/league/jgvgr3prtme8ua28bfxi"
Brittan Golden,"https://static.www.nfl.com/image/private/f_auto,q_auto/league/ccqjg5sjhxmgmsvraig5"
Brock Bolen,"https://static.www.nfl.com/image/private/f_auto,q_auto/league/vglxfug0iflyct5wtzaw"
Brock Bowers,"https://static.www.nfl.com/image/upload/f_auto,q_auto/league/waorceny0ggpaeckaol8"
Brock Forsey,"https://static.www.nfl.com/image/private/f_auto,q_auto/league/d3rky62yjut32coelh7f"
Brock Olivo,"https://static.www.nfl.com/image/private/f_auto,q_auto/league/cbtxjedul1l4b0cip9ap"
Brock Osweiler,"https://static.www.nfl.com/image/private/f_auto,q_auto/league/pwkmtgeitdi79qtumb2x"
Brock Wright,"https://static.www.nfl.com/image/upload/f_auto,q_auto/league/ghmaeofuj87fm97yhvcp"
Broderick Sargent,"https://static.www.nfl.com/image/private/f_auto,q_auto/league/u05xm3rsm3xkjyqr648m"
Brody Eldridge,"https://static.www.nfl.com/image/private/f_auto,q_auto/league/sui2evigtr3nwlqx2mdc"
Brooks Williams,"https://static.www.nfl.com/image/private/f_auto,q_auto/league/aq0uwk8tfyrkpjasime7"
Bruce Coslet,"https://static.www.nfl.com/image/private/f_auto,q_auto/league/i65xdhrdwxcdt2o1hoen"
Bruce Davis,"https://static.www.nfl.com/image/private/f_auto,q_auto/league/s4sqt5fvnle8zns6tbrr"
Bruce Ellington,"https://static.www.nfl.com/image/private/f_auto,q_auto/league/qqlup3kfumh2ifrixmfn"
Bruce Hansen,"https://static.www.nfl.com/image/private/f_auto,q_auto/league/ofbfyzhdhqgkcn1gth2f"
Bruce Hardy,"https://static.www.nfl.com/image/private/f_auto,q_auto/league/oyizimpyuouhekqebzcd"
Bruce Harper,"https://static.www.nfl.com/image/private/f_auto,q_auto/league/onfg0i2gzwpjpbaxs34u"
Bruce Hill,"https://static.www.nfl.com/image/private/f_auto,q_auto/league/yeydt9wp5vkvatzoaezf"
Bruce Jankowski,
Bruce King,"https://static.www.nfl.com/image/private/f_auto,q_auto/league/yalszcys492fnoyas4oe"
Bruce McLenna,
Bruce Miller,"https://static.www.nfl.com/image/private/f_auto,q_auto/league/xmxfgtmbvqxhpp3ldkwq"
Bruce Perkins,"https://static.www.nfl.com/image/private/f_auto,q_auto/league/hwwsakhu58wmzg2lcrp8"
Bryan Cox,"https://static.www.nfl.com/image/private/f_auto,q_auto/league/zxgfupgdi3ahviuehis6"
Bryan Edwards,"https://static.www.nfl.com/image/private/f_auto,q_auto/league/duzbn0dd5ss2lnrsovyn"
Bryan Fletcher,"https://static.www.nfl.com/image/private/f_auto,q_auto/league/sqorzipxi3devk40ix49"
Bryan Gilmore,"https://static.www.nfl.com/image/private/f_auto,q_auto/league/mrjlorr5e094c3nq58nk"
Bryan Johnson,"https://static.www.nfl.com/image/private/f_auto,q_auto/league/anbwxbszmibti2vuhqdl"
Bryan Millard,"https://static.www.nfl.com/image/private/f_auto,q_auto/league/vhtocxj8j9oujj74lcm5"
Bryan Reeves,"https://static.www.nfl.com/image/private/f_auto,q_auto/league/t95stfdjdkcuotguunbn"
Bryan Still,"https://static.www.nfl.com/image/private/f_auto,q_auto/league/ykqqbr7fetxmi9frz7ow"
Bryan Walters,"https://static.www.nfl.com/image/private/f_auto,q_auto/league/u58mrjpxghm6ajfjbcfz"
Bryant Johnson,"https://static.www.nfl.com/image/private/f_auto,q_auto/league/yx3wawkjsqdsyvsh8psw"
Bryce Brown,"https://static.www.nfl.com/image/private/f_auto,q_auto/league/sf0mz0q1kzqu2v3lmmsa"
Bryce Oliver,"https://static.www.nfl.com/image/upload/f_auto,q_auto/league/bdsenkkodb8gbdvtivvr"
Bryce Treggs,"https://static.www.nfl.com/image/private/f_auto,q_auto/league/o0cfgtzur0b0zyar1iir"
Brycen Hopkins,"https://static.www.nfl.com/image/private/f_auto,q_auto/league/agzychtsya1dteoz1khu"
Brycen Tremayne,"https://static.www.nfl.com/image/upload/f_auto,q_auto/league/isc094ihkf69vzrlkiql"
Bub Means,"https://static.www.nfl.com/image/upload/f_auto,q_auto/league/nnqvulr4up0nwhmipksq"
Bubba Bean,"https://static.www.nfl.com/image/private/f_auto,q_auto/league/wploobxfsi7jlqoi6s6c"
Bubba Franks,"https://static.www.nfl.com/image/private/f_auto,q_auto/league/hzbdidiabtfbheboo1nv"
Bubba Garcia,"https://static.www.nfl.com/image/private/f_auto,q_auto/league/lqjny6nyfimzifphebjr"
Bubba Miller,"https://static.www.nfl.com/image/private/f_auto,q_auto/league/finrxvzpix9mep9wgxhz"
Bubby Brister,"https://static.www.nfl.com/image/private/f_auto,q_auto/league/lzu8o971sntflaerjakm"
Buck Ortega,"https://static.www.nfl.com/image/private/f_auto,q_auto/league/diiydunt0kh26hja3dot"
Bucky Irving,"https://static.www.nfl.com/image/upload/f_auto,q_auto/league/vkc00rvnix3f2b96vkwo"
Bucky Pope,
Buddy Dial,
Buddy Hardeman,"https://static.www.nfl.com/image/private/f_auto,q_auto/league/knzuek3fac8jwjagvj3c"
Buddy Howell,"https://static.www.nfl.com/image/private/f_auto,q_auto/league/fekpyavfdcqs88tgj3dj"
Buford Jordan,"https://static.www.nfl.com/image/private/f_auto,q_auto/league/qbyygrepuudeomdbdnqm"
Buford McGee,"https://static.www.nfl.com/image/private/f_auto,q_auto/league/lyfvklpazdfgl1atc7tr"
Buster Barnett,"https://static.www.nfl.com/image/private/f_auto,q_auto/league/kpygtwt6gxsrv1wk7mzc"
Buster Rhymes,"https://static.www.nfl.com/image/private/f_auto,q_auto/league/gck3nijrmu4hoqi6sahb"
Butch Johnson,"https://static.www.nfl.com/image/private/f_auto,q_auto/league/wvtpsv8h47cm39up9qt6"
Butch Rolle,"https://static.www.nfl.com/image/private/f_auto,q_auto/league/yshs7yimhn93jojnpaij"
Butch Wilson,
Butch Woolfolk,"https://static.www.nfl.com/image/private/f_auto,q_auto/league/ighcwwwvcf3kwrcmysy2"
Byron Chamberlain,"https://static.www.nfl.com/image/private/f_auto,q_auto/league/wei7lijftagcldtpstmp"
Byron Darby,"https://static.www.nfl.com/image/private/f_auto,q_auto/league/vb2ra9cqqgjoyhe5vter"
Byron Franklin,"https://static.www.nfl.com/image/private/f_auto,q_auto/league/syjusuxvtlkhyaask1ql"
Byron Hanspard,"https://static.www.nfl.com/image/private/f_auto,q_auto/league/gcczko1mq5gkcgwgmedt"
Byron Leftwich,"https://static.www.nfl.com/image/private/f_auto,q_auto/league/zmv2cxypb5s0nhtpq3nq"
Byron Marshall,"https://static.www.nfl.com/image/private/f_auto,q_auto/league/sdfnye7daaffwtre1mbl"
Byron Pringle,"https://static.www.nfl.com/image/upload/f_auto,q_auto/league/qo8a5r4rspevt1rlq8r0"
Byron Storer,"https://static.www.nfl.com/image/private/f_auto,q_auto/league/f7cdfruigb6ea6qznkji"
Byron Walker,"https://static.www.nfl.com/image/private/f_auto,q_auto/league/r13d9t4u5sjrfmxycw5w"
Byron Williams,"https://static.www.nfl.com/image/private/f_auto,q_auto/league/inke3ouslcp7wizbrm1a"
C.J. Anderson,"https://static.www.nfl.com/image/private/f_auto,q_auto/league/jqqdxuowpdgl06zy0g0a"
C.J. Board,"https://static.www.nfl.com/image/private/f_auto,q_auto/league/pzshlaz0iihftpmg9imt"
C.J. Fiedorowicz,"https://static.www.nfl.com/image/private/f_auto,q_auto/league/syuzjdnhzquetrf9jqvp"
C.J. Ham,"https://static.www.nfl.com/image/upload/f_auto,q_auto/league/evssvutwjy6szq7dpelm"
C.J. Prosise,"https://static.www.nfl.com/image/private/f_auto,q_auto/league/rcutby5hu0vtijh6adle"
C.J. Saunders,"https://static.www.nfl.com/image/private/f_auto,q_auto/league/fsp88zweiyrelqneg7vk"
C.J. Spiller,"https://static.www.nfl.com/image/private/f_auto,q_auto/league/jqbnrdpq9c2nbchzntxt"
C.J. Stroud,"https://static.www.nfl.com/image/upload/f_auto,q_auto/league/tt4zrtxlhifaljhj0rn7"
C.J. Uzomah,"https://static.www.nfl.com/image/private/f_auto,q_auto/league/hnkflpl5pzbfbdvtcv1c"
C.R. Roberts,
Cade Johnson,"https://static.www.nfl.com/image/private/f_auto,q_auto/league/wu2lgnpiszv4fkdrsij4"
Cade Otton,"https://static.www.nfl.com/image/upload/f_auto,q_auto/league/yanr6h9aplae3jyzimf7"
Cade Stover,"https://static.www.nfl.com/image/upload/f_auto,q_auto/league/ur3ihcg0rkeqbfiksj5y"
Cadillac Williams,"https://static.www.nfl.com/image/private/f_auto,q_auto/league/izl4babukq5ucpbmcx5l"
Caleb Huntley,"https://static.www.nfl.com/image/private/f_auto,q_auto/league/xzzb2fcp1ovzekumnjga"
Caleb Williams,"https://static.www.nfl.com/image/upload/f_auto,q_auto/league/h4qs11kutwiw7whekmyt"
Calvin Austin III,"https://static.www.nfl.com/image/private/f_auto,q_auto/league/qlt6ztqcbu0uzad6aavt"
Calvin Hill,"https://static.www.nfl.com/image/private/f_auto,q_auto/league/jlbh324i1zihwkcfio6w"
Calvin Johnson,"https://static.www.nfl.com/image/private/f_auto,q_auto/league/z6dxib9sientn4m9cljh"
Calvin Jones,"https://static.www.nfl.com/image/private/f_auto,q_auto/league/nsxhaxy3gzwxako7y6od"
Calvin Magee,"https://static.www.nfl.com/image/private/f_auto,q_auto/league/gik9qxiyuvm2htkh8uuc"
Calvin Muhammad,"https://static.www.nfl.com/image/private/f_auto,q_auto/league/o6iowolnyrjf1eo7s6ol"
Calvin Murray,"https://static.www.nfl.com/image/private/f_auto,q_auto/league/o7sjhnzf87ato5qanqoo"
Calvin Nicholas,"https://static.www.nfl.com/image/private/f_auto,q_auto/league/lgfykaacxcfikwgy2jac"
Calvin Ridley,"https://static.www.nfl.com/image/upload/f_auto,q_auto/league/zrv8bjm7zdtboyka2jvr"
Calvin Sweeney,"https://static.www.nfl.com/image/private/f_auto,q_auto/league/fcmhixvtrnmee4iz40vy"
Calvin Thomas,"https://static.www.nfl.com/image/private/f_auto,q_auto/league/bw6sirik6acjjdmqtjbb"
Calvin Williams,"https://static.www.nfl.com/image/private/f_auto,q_auto/league/sxjsjtmckwaurri8rxdg"
Cam Akers,"https://static.www.nfl.com/image/upload/f_auto,q_auto/league/dutj0wamu7giwghnmr4m"
Cam Cleeland,
Cam Grandy,"https://static.www.nfl.com/image/upload/f_auto,q_auto/league/uay5dmniqx1baal3q3uu"
Cam Newton,"https://static.www.nfl.com/image/private/f_auto,q_auto/league/zwmgw2gmnn2kch4nquft"
Cam Phillips,"https://static.www.nfl.com/image/private/f_auto,q_auto/league/bcflijys3gae61fdmfv2"
Cam Sims,"https://static.www.nfl.com/image/private/f_auto,q_auto/league/rskkpergva4snsvgathy"
Cam Skattebo,"https://static.www.nfl.com/image/upload/f_auto,q_auto/league/hlggiqdfvj1f4kntkafr"
Cameron Artis-Payne,"https://static.www.nfl.com/image/private/f_auto,q_auto/league/vaeghufm3dkzmsjhb8hg"
Cameron Batson,"https://static.www.nfl.com/image/private/f_auto,q_auto/league/pow47zamr7jdcca5ibsl"
Cameron Brate,"https://static.www.nfl.com/image/private/f_auto,q_auto/league/jhioqec65qy4z7s6w9a6"
Cameron Meredith,"https://static.www.nfl.com/image/private/f_auto,q_auto/league/galvhjzccy4mw0ipexho"
Cameron Morrah,"https://static.www.nfl.com/image/private/f_auto,q_auto/league/ccoqqkxjvjwus0wy09ig"
Cannonball Butler,
Cap Boso,"https://static.www.nfl.com/image/private/f_auto,q_auto/league/sbl5q8rudhwmoxbnme7z"
Carey Davis,"https://static.www.nfl.com/image/private/f_auto,q_auto/league/sz7g5qfktgv3eqpu2p6h"
Carl Aikens,"https://static.www.nfl.com/image/private/f_auto,q_auto/league/fblns6xugrcwinqq4jr9"
Carl Banks,"https://static.www.nfl.com/image/private/f_auto,q_auto/league/ej5o44tmydrv1ncbenuc"
Carl Bland,"https://static.www.nfl.com/image/private/f_auto,q_auto/league/xihk7g5lwolevgfari8n"
Carl Byrum,"https://static.www.nfl.com/image/private/f_auto,q_auto/league/m5pbzltfflh3zofvbjap"
Carl Garrett,"https://static.www.nfl.com/image/private/f_auto,q_auto/league/sysqv2gqvikillhx9mdr"
Carl Hilton,"https://static.www.nfl.com/image/private/f_auto,q_auto/league/dkcoxs654lxywbtetumy"
Carl Monroe,"https://static.www.nfl.com/image/private/f_auto,q_auto/league/vkd8i4yrx9l0si81ufu2"
Carl Painter,"https://static.www.nfl.com/image/private/f_auto,q_auto/league/p8bbt22zs2rldbrohyh3"
Carl Parker,"https://static.www.nfl.com/image/private/f_auto,q_auto/league/rb23eqeelugt331sztb0"
Carl Pickens,"https://static.www.nfl.com/image/private/f_auto,q_auto/league/axgwysdsgh0q1yeb2r83"
Carl Roaches,"https://static.www.nfl.com/image/private/f_auto,q_auto/league/hgihaxfknx7kbrre27m2"
Carl Taseff,
Carlester Crumpler,"https://static.www.nfl.com/image/private/f_auto,q_auto/league/ozb1mu7ikmuur3zx996a"
Carlos Carson,"https://static.www.nfl.com/image/private/f_auto,q_auto/league/lvwrky7vpnqv1fwuitds"
Carlos Etheredge,"https://static.www.nfl.com/image/private/f_auto,q_auto/league/pxktxe5fqh1qhzsdpiky"
Carlos Hyde,"https://static.www.nfl.com/image/private/f_auto,q_auto/league/qpmv42ldpkpdf1gpgeua"
Carlos Pennywell,"https://static.www.nfl.com/image/private/f_auto,q_auto/league/lxv88zji84ykphrvzhsh"
Carlton Mitchell,"https://static.www.nfl.com/image/private/f_auto,q_auto/league/sxsinmo8rt5l5nvublrn"
Carroll Dale,
Carson Steele,"https://static.www.nfl.com/image/upload/f_auto,q_auto/league/q6dciqten6frfdm1takb"
Carson Wentz,"https://static.www.nfl.com/image/upload/f_auto,q_auto/league/vuolixdvigc8axelug66"
Carter Runyon,"https://static.www.nfl.com/image/upload/f_auto,q_auto/league/q8knlo3npxhjxiyyx4h6"
Carver Shannon,
Carwell Gardner,"https://static.www.nfl.com/image/private/f_auto,q_auto/league/d6mefzqvbqnyqderapkr"
Cary Williams,"https://static.www.nfl.com/image/private/f_auto,q_auto/league/iht8sg6tk9iejlud3bqf"
Casey Cramer,"https://static.www.nfl.com/image/private/f_auto,q_auto/league/tdmknlst7bthoqbrq4uj"
Casey Crawford,"https://static.www.nfl.com/image/private/f_auto,q_auto/league/eraf64ca1kcqph55cr8t"
Casey Fitzsimmons,"https://static.www.nfl.com/image/private/f_auto,q_auto/league/ma5tshacmzhyl90h1xmk"
Casey Washington,"https://static.www.nfl.com/image/upload/f_auto,q_auto/league/wkoysykj4htld4yajljn"
Cecil Collins,"https://static.www.nfl.com/image/private/f_auto,q_auto/league/jausxjeb3v2t7ozng3aq"
Cecil Martin,"https://static.www.nfl.com/image/private/f_auto,q_auto/league/v5jlaczxd8vpykygg3az"
Cecil Sapp,"https://static.www.nfl.com/image/private/f_auto,q_auto/league/tuqjmknw3iiuyvw6irav"
Cecil Shorts,"https://static.www.nfl.com/image/private/f_auto,q_auto/league/zdsyqinswn0k8664k9qs"
Cecil Turner,
Cedric Benson,"https://static.www.nfl.com/image/private/f_auto,q_auto/league/zylz83taoocxvkphhyru"
Cedric Houston,"https://static.www.nfl.com/image/private/f_auto,q_auto/league/xe5vgjtbyhxikyusalx6"
Cedric Jackson,"https://static.www.nfl.com/image/private/f_auto,q_auto/league/gb6j261w58fkqqlffynh"
Cedric James,"https://static.www.nfl.com/image/private/f_auto,q_auto/league/e8d32bvlci5ccfgsb8yf"
Cedric Jones,"https://static.www.nfl.com/image/private/f_auto,q_auto/league/hrgdgm2q8eifzcvsixix"
Cedric Mack,"https://static.www.nfl.com/image/private/f_auto,q_auto/league/ect15lvxl6zdupdgglkg"
Cedric Minter,"https://static.www.nfl.com/image/private/f_auto,q_auto/league/jyxd8eobrnshaacfb8a0"
Cedric Peerman,"https://static.www.nfl.com/image/private/f_auto,q_auto/league/a2vztwdw7rtpl9q9hzds"
Cedric Smith,"https://static.www.nfl.com/image/private/f_auto,q_auto/league/vku1qxplolhugyvwdqwg"
Cedric Tillman,"https://static.www.nfl.com/image/upload/f_auto,q_auto/league/xust9v3gob1qqwhziugh"
Cedrick Wilson,"https://static.www.nfl.com/image/private/f_auto,q_auto/league/nocwjs6usj2ytmpblq6p"
Cedrick Wilson Jr.,"https://static.www.nfl.com/image/upload/f_auto,q_auto/league/esfxvl8f7kl9othclvl0"
CeeDee Lamb,"https://static.www.nfl.com/image/upload/f_auto,q_auto/league/mbblzwtynxr15ovzkevi"
Cethan Carter,"https://static.www.nfl.com/image/private/f_auto,q_auto/league/soxu9ft40rqaizt9yizp"
Chad Beebe,"https://static.www.nfl.com/image/private/f_auto,q_auto/league/ahab5ps31svdxyb03rc2"
Chad Fann,"https://static.www.nfl.com/image/private/f_auto,q_auto/league/csacz8wtnfiu94mikjtb"
Chad Hall,"https://static.www.nfl.com/image/private/f_auto,q_auto/league/ip86dsmrve29cjzqipkf"
Chad Hansen,"https://static.www.nfl.com/image/private/f_auto,q_auto/league/vnqylrclnnacn5lymvrk"
Chad Henne,"https://static.www.nfl.com/image/private/f_auto,q_auto/league/ornr9pcnzveqlntqc7jx"
Chad Jackson,"https://static.www.nfl.com/image/private/f_auto,q_auto/league/nxt0i9axkjpy9qqrzpiv"
Chad Johnson,"https://static.www.nfl.com/image/private/f_auto,q_auto/league/mgqjdvtaexisxrtayew2"
Chad Levitt,"https://static.www.nfl.com/image/private/f_auto,q_auto/league/kq6vtmawlte3hynwme8o"
Chad Lewis,"https://static.www.nfl.com/image/private/f_auto,q_auto/league/ypchowfddyjthk70ldcx"
Chad Lucas,"https://static.www.nfl.com/image/private/f_auto,q_auto/league/oshxqrupjs2smmhaihcj"
Chad Morton,"https://static.www.nfl.com/image/private/f_auto,q_auto/league/gusuhjnafaan2frip2qj"
Chad Mustard,"https://static.www.nfl.com/image/private/f_auto,q_auto/league/cxvfis0u2ndybhkh9oig"
Chad Simpson,"https://static.www.nfl.com/image/private/f_auto,q_auto/league/gdyr9nmfkggnf6foqxen"
Chad Williams,"https://static.www.nfl.com/image/private/f_auto,q_auto/league/kzbc8yd4lmtr3npzai2w"
Champ Bailey,"https://static.www.nfl.com/image/private/f_auto,q_auto/league/nxtpe8xo54kxbkyabih6"
Champ Henson,"https://static.www.nfl.com/image/private/f_auto,q_auto/league/pdramhrcm4y1myxzrzkc"
Chandler Cox,"https://static.www.nfl.com/image/private/f_auto,q_auto/league/ybovjdd88byff6gpvm80"
Chandler Worthy,"https://static.www.nfl.com/image/private/f_auto,q_auto/league/o3c106jnwvyu7bjqnm1e"
Chansi Stuckey,"https://static.www.nfl.com/image/private/f_auto,q_auto/league/smitiykmbdjg63nwoizi"
Charcandrick West,"https://static.www.nfl.com/image/private/f_auto,q_auto/league/ccvw7oos9bzr4ojdiuac"
Charle Young,"https://static.www.nfl.com/image/private/f_auto,q_auto/league/jzxovblfenppxgfifcor"
Charles Alexander,"https://static.www.nfl.com/image/private/f_auto,q_auto/league/yitbmkbvblyb19jtrkhd"
Charles Ali,"https://static.www.nfl.com/image/private/f_auto,q_auto/league/uace76xjf2r3xur6nhr2"
Charles Arbuckle,"https://static.www.nfl.com/image/private/f_auto,q_auto/league/ypktnmkqfkjvzinmgto4"
Charles Clay,"https://static.www.nfl.com/image/private/f_auto,q_auto/league/gbfhfjn5cxtou5aazegt"
Charles Coleman,"https://static.www.nfl.com/image/private/f_auto,q_auto/league/mnuaic3rq6hpfgq7dacf"
Charles Davenport,"https://static.www.nfl.com/image/private/f_auto,q_auto/league/a0p8lbughbw1tzqhc2jv"
Charles Evans,
Charles Gladman,"https://static.www.nfl.com/image/private/f_auto,q_auto/league/bpbl78lflcqvhx9lbutf"
Charles Henry,"https://static.www.nfl.com/image/private/f_auto,q_auto/league/dpbk7vggaugprnme9syc"
Charles Johnson,"https://static.www.nfl.com/image/private/f_auto,q_auto/league/zhegs7umppomxakfo8yj"
Charles Jones,"https://static.www.nfl.com/image/private/f_auto,q_auto/league/cx7tosfq741z1xu3lbnf"
Charles Jordan,"https://static.www.nfl.com/image/private/f_auto,q_auto/league/hrkfklazca8kgduppobu"
Charles Lee,"https://static.www.nfl.com/image/private/f_auto,q_auto/league/hede66ml5hvu2adkamfz"
Charles Lockett,"https://static.www.nfl.com/image/private/f_auto,q_auto/league/aydrc5emczfjn9fsuj8i"
Charles Rogers,"https://static.www.nfl.com/image/private/f_auto,q_auto/league/mnjhc8caqeailo3dgec8"
Charles Sims,"https://static.www.nfl.com/image/private/f_auto,q_auto/league/w1yff81pb8rfp9sytx5l"
Charles Stackhouse,"https://static.www.nfl.com/image/private/f_auto,q_auto/league/fbzueezf9sx4rritlgee"
Charles Way,"https://static.www.nfl.com/image/private/f_auto,q_auto/league/g8yxh9aiyqxaueuslbmc"
Charles White,"https://static.www.nfl.com/image/private/f_auto,q_auto/league/nqtmdvvvyr0xu7t2rypf"
Charles Wilson,"https://static.www.nfl.com/image/private/f_auto,q_auto/league/kuuqkpnhuau8xdm718r3"
Charles Woodson,"https://static.www.nfl.com/image/private/f_auto,q_auto/league/gohbupnj3mhletq96zzu"
Charley Ferguson,
Charley Frazier,
Charley Taylor,"https://static.www.nfl.com/image/private/f_auto,q_auto/league/ii7rywjrtsizqsmm5nqu"
Charley Young,"https://static.www.nfl.com/image/private/f_auto,q_auto/league/j0dktlwoi2l9tjquvymo"
Charlie Adams,"https://static.www.nfl.com/image/private/f_auto,q_auto/league/u36athj3mdl3ka6lk2ve"
Charlie Bivins,
Charlie Brown,"https://static.www.nfl.com/image/private/f_auto,q_auto/league/vvwahlufdsozrn26w7ka"
Charlie Bryant,"https://static.www.nfl.com/image/private/f_auto,q_auto/league/kmdlyskllldzzk1spfvo"
Charlie Cowan,
Charlie Davis,"https://static.www.nfl.com/image/private/f_auto,q_auto/league/yb5punfybj3p48qt9gso"
Charlie Evans,"https://static.www.nfl.com/image/private/f_auto,q_auto/league/elmof3ynber3mduzhgb4"
Charlie Garner,"https://static.www.nfl.com/image/private/f_auto,q_auto/league/i6vgoizxzlnf1ecxnzbq"
Charlie Getty,"https://static.www.nfl.com/image/private/f_auto,q_auto/league/guf9acsudryqhx2qyfz4"
Charlie Hall,"https://static.www.nfl.com/image/private/f_auto,q_auto/league/v5tq1knrvu2zcbtorsjd"
Charlie Harraway,
Charlie Johnson,"https://static.www.nfl.com/image/private/f_auto,q_auto/league/p3ytssw1i1iduzcloczc"
Charlie Joiner,"https://static.www.nfl.com/image/private/f_auto,q_auto/league/rvnwuud1omemquowcor7"
Charlie Jones,"https://static.www.nfl.com/image/upload/f_auto,q_auto/league/poy4ph18jx211xbe6ajt"
Charlie Kolar,"https://static.www.nfl.com/image/upload/f_auto,q_auto/league/g75ws8vkqz9cqwifhcy7"
Charlie Leigh,"https://static.www.nfl.com/image/private/f_auto,q_auto/league/xlp4960nuywt4o5cufyw"
Charlie Rogers,"https://static.www.nfl.com/image/private/f_auto,q_auto/league/eigvh5qzpsyf6hzyviuc"
Charlie Sanders,"https://static.www.nfl.com/image/private/f_auto,q_auto/league/lx8khgic5evf987ldvpt"
Charlie Scales,
Charlie Smith,"https://static.www.nfl.com/image/private/f_auto,q_auto/league/jgyzxoduzzacu1exxbuz"
Charlie Wade,"https://static.www.nfl.com/image/private/f_auto,q_auto/league/xvt9onumukt9gdxyolcp"
Charlie White,"https://static.www.nfl.com/image/private/f_auto,q_auto/league/kpk8dx4meyyzvihpwj7d"
Charlie Woerner,"https://static.www.nfl.com/image/upload/f_auto,q_auto/league/tuzldnhk23mvsapfejqd"
Charly Martin,"https://static.www.nfl.com/image/private/f_auto,q_auto/league/sjqohzmlws7doq1vpon5"
Charone Peake,"https://static.www.nfl.com/image/private/f_auto,q_auto/league/ocgnemo0vbro2gvjsbgb"
Chas Fox,"https://static.www.nfl.com/image/private/f_auto,q_auto/league/jpshgzrqlsirmpfnvgiq"
Chase Brown,"https://static.www.nfl.com/image/upload/f_auto,q_auto/league/tch3y6jlj7khvyi9jg0c"
Chase Claypool,"https://static.www.nfl.com/image/upload/f_auto,q_auto/league/intpee5tvgt6rhzxhquc"
Chase Coffman,"https://static.www.nfl.com/image/private/f_auto,q_auto/league/wwv9hxkrcbiqururrcuy"
Chase Daniel,"https://static.www.nfl.com/image/private/f_auto,q_auto/league/jt8fvgeyuhsbpo9m9t4x"
Chase Edmonds,"https://static.www.nfl.com/image/upload/f_auto,q_auto/league/nbnqxhjafvg2vg6lc2ls"
Chase Ford,"https://static.www.nfl.com/image/private/f_auto,q_auto/league/vul6yi2s6klresxw9tsl"
Chase Reynolds,"https://static.www.nfl.com/image/private/f_auto,q_auto/league/kmtfxfxdwsipikltab8t"
Chastin West,"https://static.www.nfl.com/image/private/f_auto,q_auto/league/hmajkz59nsblwdyepmry"
Chauncey Washington,"https://static.www.nfl.com/image/private/f_auto,q_auto/league/ga8hqpmjxx5gmxgb46c2"
Chaz Schilens,"https://static.www.nfl.com/image/private/f_auto,q_auto/league/wwqcdxs7wvbxeu749y0r"
Chester Rogers,"https://static.www.nfl.com/image/private/f_auto,q_auto/league/lkszsifhpwtjpvjvlxw5"
Chester Taylor,"https://static.www.nfl.com/image/private/f_auto,q_auto/league/ay2c42ghmrgmxqcdsmdi"
Chester Willis,"https://static.www.nfl.com/image/private/f_auto,q_auto/league/sgb0ezqjnygbwddz6s1c"
Chet Anderson,
Chig Okonkwo,"https://static.www.nfl.com/image/upload/f_auto,q_auto/league/pzcez6pi9tpdqkmjjnzk"
Chimdi Chekwa,"https://static.www.nfl.com/image/private/f_auto,q_auto/league/yxubap1powl4qoafgoob"
Chimere Dike,"https://static.www.nfl.com/image/upload/f_auto,q_auto/league/cbcpv4931dqmgsu3anvo"
Chip Glass,"https://static.www.nfl.com/image/private/f_auto,q_auto/league/djgl1wg9thr097rxjsws"
Chip Myers,"https://static.www.nfl.com/image/private/f_auto,q_auto/league/hxnbsgrxjrvaqp2c5dle"
Chris Baker,"https://static.www.nfl.com/image/private/f_auto,q_auto/league/vewppbny38vhni9gdwbr"
Chris Blair,"https://static.www.nfl.com/image/upload/f_auto,q_auto/league/gfkhv6k1wr45fnhl0p1d"
Chris Brantley,"https://static.www.nfl.com/image/private/f_auto,q_auto/league/eaczszdr3e5jsojlhtrh"
Chris Brazzell,"https://static.www.nfl.com/image/private/f_auto,q_auto/league/oeumtn7z0ngoyavgtzkx"
Chris Brewer,"https://static.www.nfl.com/image/private/f_auto,q_auto/league/ymypzski8kgpz2cnagpn"
Chris Brooks,"https://static.www.nfl.com/image/upload/f_auto,q_auto/league/ityat7ltppdxe9t0imjd"
Chris Brown,"https://static.www.nfl.com/image/private/f_auto,q_auto/league/gpua2ku6urvfqro2ubj8"
Chris Burkett,"https://static.www.nfl.com/image/private/f_auto,q_auto/league/lw9pu8shduge0g6z8zde"
Chris Calloway,"https://static.www.nfl.com/image/private/f_auto,q_auto/league/zttcfvieeohnynyu4lpa"
Chris Carson,"https://static.www.nfl.com/image/private/f_auto,q_auto/league/zxjqunrgf4j8p2eg4xyl"
Chris Castor,"https://static.www.nfl.com/image/private/f_auto,q_auto/league/ep0igrdzqw4hjhhongsa"
Chris Chambers,"https://static.www.nfl.com/image/private/f_auto,q_auto/league/gdsezycexvr0esyddrqf"
Chris Chandler,"https://static.www.nfl.com/image/private/f_auto,q_auto/league/yrkv7xnpwcfljbhpgz6w"
Chris Cole,"https://static.www.nfl.com/image/private/f_auto,q_auto/league/ssbf6sizrqt0hexxyjli"
Chris Coleman,"https://static.www.nfl.com/image/private/f_auto,q_auto/league/sljbii9nw3hawumng8pj"
Chris Collier,"https://static.www.nfl.com/image/upload/f_auto,q_auto/league/ljfhyvlszo4qs63fo4ow"
Chris Combs,"https://static.www.nfl.com/image/private/f_auto,q_auto/league/lev75pedi4xqjprd4oy8"
Chris Conley,"https://static.www.nfl.com/image/upload/f_auto,q_auto/league/mr4h7vx02uwpr7xlfk6y"
Chris Cooley,"https://static.www.nfl.com/image/private/f_auto,q_auto/league/fvuuyskqr5koylr0ebcc"
Chris Dalman,"https://static.www.nfl.com/image/private/f_auto,q_auto/league/ecs72uijmdxpkfnvkpja"
Chris Darrington,"https://static.www.nfl.com/image/private/f_auto,q_auto/league/uytkheisg0p9ulayd7hj"
Chris Davis,"https://static.www.nfl.com/image/private/f_auto,q_auto/league/jnzku6fdrld9utiwkgry"
Chris Doering,"https://static.www.nfl.com/image/private/f_auto,q_auto/league/xtw1oboswuuwpij5onvk"
Chris Dressel,"https://static.www.nfl.com/image/private/f_auto,q_auto/league/yeaqgecblizp0nljeug8"
Chris Evans,"https://static.www.nfl.com/image/upload/f_auto,q_auto/league/r7f5vinm6aqdzxtjf4yx"
Chris Faulkner,"https://static.www.nfl.com/image/private/f_auto,q_auto/league/gjrs4gbxsj3ppn7u1rbr"
Chris Floyd,"https://static.www.nfl.com/image/private/f_auto,q_auto/league/r7gbgku7msbjrqcqbo0z"
Chris Fontenot,"https://static.www.nfl.com/image/private/f_auto,q_auto/league/qsfkt4poci5d4mlbt7im"
Chris Francies,"https://static.www.nfl.com/image/private/f_auto,q_auto/league/pjl48aidncyqcuqbiynu"
Chris Fuamatu-Ma'afala,"https://static.www.nfl.com/image/private/f_auto,q_auto/league/g4qj5wnwrwfqzjzog3yk"
Chris Gedney,"https://static.www.nfl.com/image/private/f_auto,q_auto/league/fawt4mqabakxxzhjo6dz"
Chris Givens,"https://static.www.nfl.com/image/private/f_auto,q_auto/league/crnbi2k4ju3dnvyftpau"
Chris Godwin,
Chris Godwin Jr.,"https://static.www.nfl.com/image/upload/f_auto,q_auto/league/ilkheljdx4hbjpisulke"
Chris Gragg,"https://static.www.nfl.com/image/private/f_auto,q_auto/league/wljmssrm2nmd3y4pbejd"
Chris Gronkowski,"https://static.www.nfl.com/image/private/f_auto,q_auto/league/yeozslpudsqn42irkcen"
Chris Hanburger,"https://static.www.nfl.com/image/private/f_auto,q_auto/league/cvetp0trgfhpdfi6girx"
Chris Harper,"https://static.www.nfl.com/image/private/f_auto,q_auto/league/eb0duhdzifs4ky3jpvhf"
Chris Henry,"https://static.www.nfl.com/image/private/f_auto,q_auto/league/wv7yhfbi3c2cbepff3rg"
Chris Herndon,"https://static.www.nfl.com/image/private/f_auto,q_auto/league/orypxaqv1ux3nbqssqqx"
Chris Hetherington,"https://static.www.nfl.com/image/private/f_auto,q_auto/league/na19cxqwjrdruhs2ysep"
Chris Hinton,"https://static.www.nfl.com/image/private/f_auto,q_auto/league/z41g8zujb6oznylfhmoo"
Chris Hogan,"https://static.www.nfl.com/image/private/f_auto,q_auto/league/fmpqnciwjqicsjzy63mc"
Chris Hope,"https://static.www.nfl.com/image/private/f_auto,q_auto/league/nsswxkw786ns5y149yej"
Chris Horn,"https://static.www.nfl.com/image/private/f_auto,q_auto/league/r0d3gaqzqqw3bfucjlrv"
Chris Howard,"https://static.www.nfl.com/image/private/f_auto,q_auto/league/jzipeoi6fg8c3elhnkan"
Chris Ivory,"https://static.www.nfl.com/image/private/f_auto,q_auto/league/wuhrkffigvt55hcqd4yw"
Chris Jennings,"https://static.www.nfl.com/image/private/f_auto,q_auto/league/immfrf26b7jpol1jblsz"
Chris Johnson,"https://static.www.nfl.com/image/private/f_auto,q_auto/league/ryf9nc84eovvdbf0cz79"
Chris Jones,"https://static.www.nfl.com/image/private/f_auto,q_auto/league/x0kansgqj2vvk5rvtoaz"
Chris Kolodziejski,"https://static.www.nfl.com/image/private/f_auto,q_auto/league/b60vozk5k5xxh2xtxu4r"
Chris Lacy,"https://static.www.nfl.com/image/private/f_auto,q_auto/league/aopxp9h0dbs4beiar23d"
Chris Luzar,"https://static.www.nfl.com/image/private/f_auto,q_auto/league/lhzhdhlcughz9cgwfi4g"
Chris Manhertz,"https://static.www.nfl.com/image/upload/f_auto,q_auto/league/bw0kytk1nwrdln9t3wzg"
Chris Matthews,"https://static.www.nfl.com/image/private/f_auto,q_auto/league/yhaaa3gyqbin9feahr0v"
Chris McFoy,"https://static.www.nfl.com/image/private/f_auto,q_auto/league/zz0vw157c8yy7xakrrfm"
Chris Moore,"https://static.www.nfl.com/image/upload/f_auto,q_auto/league/o0s29hnpztyxqotqdx8h"
Chris Myarick,"https://static.www.nfl.com/image/upload/f_auto,q_auto/league/zyedrh1lvylrutfof4ld"
Chris Ogbonnaya,"https://static.www.nfl.com/image/private/f_auto,q_auto/league/asbf4eskpit7fggsiazo"
Chris Olave,"https://static.www.nfl.com/image/upload/f_auto,q_auto/league/onmxufsprtvglhejg94o"
Chris Owusu,"https://static.www.nfl.com/image/private/f_auto,q_auto/league/jt4c83h8nuz5einex0ya"
Chris Penn,"https://static.www.nfl.com/image/private/f_auto,q_auto/league/uopvhqndictxcq13ojfy"
Chris Perry,"https://static.www.nfl.com/image/private/f_auto,q_auto/league/rfnary1kpd4vpp5q8x9s"
Chris Polk,"https://static.www.nfl.com/image/private/f_auto,q_auto/league/yuwqhwdnbrd2ie34zxz8"
Chris Pressley,"https://static.www.nfl.com/image/private/f_auto,q_auto/league/yhlckhtcfgzrfdzd3nib"
Chris Rainey,"https://static.www.nfl.com/image/private/f_auto,q_auto/league/jhezdyvrfaxztxts3fty"
Chris Rodriguez Jr.,"https://static.www.nfl.com/image/upload/f_auto,q_auto/league/pknd5uajvpvfd8c744im"
Chris Samuels,"https://static.www.nfl.com/image/private/f_auto,q_auto/league/z7qpyt9i11mv3arqfofd"
Chris Sanders,"https://static.www.nfl.com/image/private/f_auto,q_auto/league/zrcqcc9sv8cxe94rrsjw"
Chris Simms,"https://static.www.nfl.com/image/private/f_auto,q_auto/league/w518cn63vg4detgszuzp"
Chris Smith,"https://static.www.nfl.com/image/private/f_auto,q_auto/league/scuk45wbxcq12c8u4hxb"
Chris Taylor,"https://static.www.nfl.com/image/private/f_auto,q_auto/league/eyibxx4exktzfm5xr0ad"
Chris Thomas,"https://static.www.nfl.com/image/private/f_auto,q_auto/league/y8bwk8xvjnyhuo68cfxv"
Chris Thompson,"https://static.www.nfl.com/image/private/f_auto,q_auto/league/ypyldro2efcy5jcrytft"
Chris Verhulst,"https://static.www.nfl.com/image/private/f_auto,q_auto/league/qc4ripayhjqwaavyibfc"
Chris Walsh,"https://static.www.nfl.com/image/private/f_auto,q_auto/league/t6xsje4cw1bvt4gnyble"
Chris Warren,"https://static.www.nfl.com/image/private/f_auto,q_auto/league/vm5wme4wxfmaz4otdx4o"
Chris Williams,"https://static.www.nfl.com/image/private/f_auto,q_auto/league/qjyxpk7sxwqlequuxrxd"
Chris Woods,"https://static.www.nfl.com/image/private/f_auto,q_auto/league/geaxwe8la9cka2qcpb79"
Christian Blake,"https://static.www.nfl.com/image/private/f_auto,q_auto/league/xaaqzgbfsqhs4qvdndrz"
Christian Fauria,"https://static.www.nfl.com/image/private/f_auto,q_auto/league/evp2lv6ovuvqn30yjkxy"
Christian Kirk,"https://static.www.nfl.com/image/upload/f_auto,q_auto/league/ffp75mtwnqgrv0qz0txz"
Christian McCaffrey,"https://static.www.nfl.com/image/upload/f_auto,q_auto/league/st82s2ytyzanatcmkqck"
Christian Okoye,"https://static.www.nfl.com/image/private/f_auto,q_auto/league/bhkq33vthswayyygjrx9"
Christian Ponder,"https://static.www.nfl.com/image/private/f_auto,q_auto/league/zbs6aql0ucbsqdrclqrs"
Christian Watson,"https://static.www.nfl.com/image/upload/f_auto,q_auto/league/tumeg4d32sirkab2xzu5"
Christian Wilkins,"https://static.www.nfl.com/image/upload/f_auto,q_auto/league/ogy5fqw1xsut7lcxffyw"
Christine Michael,"https://static.www.nfl.com/image/private/f_auto,q_auto/league/qlysbozgkexeoohnqrvz"
Chuba Hubbard,"https://static.www.nfl.com/image/upload/f_auto,q_auto/league/rzsvnt0pxsaize2ndhxm"
Chuck Banks,"https://static.www.nfl.com/image/private/f_auto,q_auto/league/cjupu9r0bjc5wtkipdtq"
Chuck Bradley,"https://static.www.nfl.com/image/private/f_auto,q_auto/league/dbc9lym4k5n1u4phubg2"
Chuck Dicus,
Chuck Foreman,"https://static.www.nfl.com/image/private/f_auto,q_auto/league/a3h17dlr4bau5y8gdnqi"
Chuck Hughes,
Chuck Levy,"https://static.www.nfl.com/image/private/f_auto,q_auto/league/zmrbk2iskbqaqssyokv5"
Chuck Logan,
Chuck Mercein,
Chuck Muncie,"https://static.www.nfl.com/image/private/f_auto,q_auto/league/mpmj684cfreiqk9vmxzi"
Chuck Sanders,"https://static.www.nfl.com/image/private/f_auto,q_auto/league/xkmq4y1ov27qjtififjm"
Chuck Scott,"https://static.www.nfl.com/image/private/f_auto,q_auto/league/qdgde0gfedzi7tj62oxp"
Chuck Walton,"https://static.www.nfl.com/image/private/f_auto,q_auto/league/ggo4bzeijbs2hurynny0"
Ciatrick Fason,"https://static.www.nfl.com/image/private/f_auto,q_auto/league/r9cqa5v5vgmeu7nuldgn"
Cid Edwards,"https://static.www.nfl.com/image/private/f_auto,q_auto/league/kj1zkswy7yvmjybptdyd"
Cierre Wood,"https://static.www.nfl.com/image/private/f_auto,q_auto/league/m3yfsak9gf6s9ioab39h"
Clarence Childs,
Clarence Coleman,"https://static.www.nfl.com/image/private/f_auto,q_auto/league/jccv99498kconieizdwk"
Clarence Davis,"https://static.www.nfl.com/image/private/f_auto,q_auto/league/oilat264tlkwlqn0chpz"
Clarence Harmon,"https://static.www.nfl.com/image/private/f_auto,q_auto/league/nwy1f4cumhbwyhmhxrxm"
Clarence Hawkins,"https://static.www.nfl.com/image/private/f_auto,q_auto/league/s0keh7kamglfnn5hn44g"
Clarence Kay,"https://static.www.nfl.com/image/private/f_auto,q_auto/league/hacf490w7zwvcgfooafn"
Clarence Moore,"https://static.www.nfl.com/image/private/f_auto,q_auto/league/mqf72b0pkehth7yz7puy"
Clarence Peaks,
Clarence Verdin,"https://static.www.nfl.com/image/private/f_auto,q_auto/league/dweh63atieg63v9dnxbz"
Clarence Weathers,"https://static.www.nfl.com/image/private/f_auto,q_auto/league/jzb6xucn8dwwjcbbohg6"
Clarence Williams,"https://static.www.nfl.com/image/private/f_auto,q_auto/league/vyvv5uxqjvwvvyydvs2s"
Clark Gaines,"https://static.www.nfl.com/image/private/f_auto,q_auto/league/hx0hxm56i6nq7nzxaqjl"
Claude Crabb,
Claudis James,
Claxton Welch,
Clay Harbor,"https://static.www.nfl.com/image/private/f_auto,q_auto/league/spuxscdmedvqosq5yrho"
Clay Pickering,"https://static.www.nfl.com/image/private/f_auto,q_auto/league/ftrqvht7bejbbybhg1to"
Clem Daniels,
Clem Turner,
Clendon Thomas,
Cleo Miller,"https://static.www.nfl.com/image/private/f_auto,q_auto/league/bofv94j0ollo9oqp8gt4"
Cleo Montgomery,"https://static.www.nfl.com/image/private/f_auto,q_auto/league/xsm3trvhar2oev9swayk"
Cleveland Franklin,"https://static.www.nfl.com/image/private/f_auto,q_auto/league/bu3aizkmzfr116blp4za"
Cleveland Gary,"https://static.www.nfl.com/image/private/f_auto,q_auto/league/exyvghdj2ppjh7mr9e1l"
Cleveland Jackson,"https://static.www.nfl.com/image/private/f_auto,q_auto/league/zs6hlmefyjsmp7lxcamz"
Clif Groce,"https://static.www.nfl.com/image/private/f_auto,q_auto/league/b9tuknosag4lebyuqtgy"
Cliff Austin,"https://static.www.nfl.com/image/private/f_auto,q_auto/league/besikxbcnvhdnbb7zyhe"
Cliff Benson,"https://static.www.nfl.com/image/private/f_auto,q_auto/league/ku4ztunxndzffwhmpbc8"
Cliff Branch,"https://static.www.nfl.com/image/private/f_auto,q_auto/league/ldgr9ahzhwqvujkxtsxi"
Cliff Chatman,"https://static.www.nfl.com/image/private/f_auto,q_auto/league/mxtybbildejrtafizziq"
Cliff McClain,
Cliff Russell,"https://static.www.nfl.com/image/private/f_auto,q_auto/league/ggwmhmghtn5rrzadmyzy"
Cliff Taylor,"https://static.www.nfl.com/image/private/f_auto,q_auto/league/h6nbstdpabl9qdask8n4"
Clifton McNeil,
Clifton Smith,"https://static.www.nfl.com/image/private/f_auto,q_auto/league/avl76b2ddrfggxriybke"
Clint Didier,"https://static.www.nfl.com/image/private/f_auto,q_auto/league/ybov960jqtvrec2zxnfw"
Clint Jones,
Clint Sampson,"https://static.www.nfl.com/image/private/f_auto,q_auto/league/bty0fmd1ihylbxsrt1po"
Clinton Portis,"https://static.www.nfl.com/image/private/f_auto,q_auto/league/nuj4tdazwyxp6cfhac7h"
Clive Walford,"https://static.www.nfl.com/image/private/f_auto,q_auto/league/fjs40pz6ry6p7jqzckeg"
Clyde Conner,
Clyde Duncan,"https://static.www.nfl.com/image/private/f_auto,q_auto/league/gqydtpkgjpqxyirfdlqh"
Clyde Edwards-Helaire,"https://static.www.nfl.com/image/upload/f_auto,q_auto/league/er6tfnyxampiwn74zrui"
Clyde Gates,"https://static.www.nfl.com/image/private/f_auto,q_auto/league/z5scsuahpatlxg9kykgt"
Clyde Glosson,
Cobi Hamilton,"https://static.www.nfl.com/image/private/f_auto,q_auto/league/fslk4pbx1mtdjdl5zk9g"
Coby Fleener,"https://static.www.nfl.com/image/private/f_auto,q_auto/league/csj8khi0e2rpkvqqjmc1"
Codey McElroy,"https://static.www.nfl.com/image/private/f_auto,q_auto/league/agj6osumqjtba8sdmuyj"
Cody Core,"https://static.www.nfl.com/image/private/f_auto,q_auto/league/pjgnazhwpfaznduhwf3g"
Cody Davis,"https://static.www.nfl.com/image/private/f_auto,q_auto/league/pdijtrs1tnltal8g6cmx"
Cody Ford,"https://static.www.nfl.com/image/private/f_auto,q_auto/league/tvlrnep8pest5wubog4f"
Cody Hollister,"https://static.www.nfl.com/image/private/f_auto,q_auto/league/naicfqo1ayh448qi86xq"
Cody Latimer,"https://static.www.nfl.com/image/private/f_auto,q_auto/league/whgchcrp9pqx0waocewu"
Cody Schrader,"https://static.www.nfl.com/image/upload/f_auto,q_auto/league/snrwsjepuvkatdjjokp8"
Cody Thompson,"https://static.www.nfl.com/image/upload/f_auto,q_auto/league/dghmeq55sg0rb1ppakkr"
Cody White,"https://static.www.nfl.com/image/upload/f_auto,q_auto/league/qaxlehtrp722qleo48sc"
Colby Parkinson,"https://static.www.nfl.com/image/upload/f_auto,q_auto/league/qsyrgtfjj06wryahnxc9"
Cole Beasley,"https://static.www.nfl.com/image/private/f_auto,q_auto/league/y5r0fhwctl6ljwvmktvu"
Cole Fotheringham,"https://static.www.nfl.com/image/upload/f_auto,q_auto/league/stshlkkfc995vk5tuhtd"
Cole Hikutini,"https://static.www.nfl.com/image/private/f_auto,q_auto/league/termkvfwqk7v5b38icnf"
Cole Kmet,"https://static.www.nfl.com/image/upload/f_auto,q_auto/league/ysnui8mzlu2fo70ub0yt"
Cole Turner,"https://static.www.nfl.com/image/upload/f_auto,q_auto/league/tuoxojttzngaook6qbde"
Cole Wick,"https://static.www.nfl.com/image/private/f_auto,q_auto/league/mooolu9t0hv8zjqrphaa"
Coleman Bell,"https://static.www.nfl.com/image/private/f_auto,q_auto/league/eh8qj0zu3btodxa5phiz"
Coleman Zeno,
Colin Cloherty,"https://static.www.nfl.com/image/private/f_auto,q_auto/league/qcltf09kqm2x3yejympt"
Colin Cochart,"https://static.www.nfl.com/image/private/f_auto,q_auto/league/m9oalkrs5kvzwmc5e5ow"
Colin Thompson,"https://static.www.nfl.com/image/private/f_auto,q_auto/league/lbjhmxtdg1i6ichpzrbw"
Collin Johnson,"https://static.www.nfl.com/image/upload/f_auto,q_auto/league/ijr7bal4mbsaum2lp9dq"
Collin Mooney,"https://static.www.nfl.com/image/private/f_auto,q_auto/league/scivmrrlmtunlsbun22w"
Colson Yankoff,"https://static.www.nfl.com/image/upload/f_auto,q_auto/league/cgsxdjqy6l2zuqaftbd6"
Colston Loveland,"https://static.www.nfl.com/image/upload/f_auto,q_auto/league/cnxiyi76jeahgx94nh6d"
Colt McCoy,"https://static.www.nfl.com/image/private/f_auto,q_auto/league/jqdwuhtcovhdnqno0mhg"
Colton Dowell,"https://static.www.nfl.com/image/upload/f_auto,q_auto/league/asnykoet55r5qhhewijc"
Connor Colby,"https://static.www.nfl.com/image/upload/f_auto,q_auto/league/dazpyka1tbihu0gobwgw"
Connor Hamlett,"https://static.www.nfl.com/image/private/f_auto,q_auto/league/xauaqbsvxeenvgs3fmod"
Connor Heyward,"https://static.www.nfl.com/image/upload/f_auto,q_auto/league/nbbhxtutzvbj0ejljyyp"
Conor McDermott,"https://static.www.nfl.com/image/upload/f_auto,q_auto/league/v0n8mrrqv0a03zok2kvg"
Conrad Rucker,"https://static.www.nfl.com/image/private/f_auto,q_auto/league/vzexlrzfhrter7vlr9ta"
Cooper Carlisle,"https://static.www.nfl.com/image/private/f_auto,q_auto/league/xdgixpmvifi2lqi21lcf"
Cooper Helfet,"https://static.www.nfl.com/image/private/f_auto,q_auto/league/qwcm0hofeezyv0fr1wbf"
Cooper Kupp,"https://static.www.nfl.com/image/upload/f_auto,q_auto/league/kjixprihktsfog6wx9sq"
Cooper Wallace,"https://static.www.nfl.com/image/private/f_auto,q_auto/league/qukzear7v6s1os0t1old"
Cordarrelle Patterson,"https://static.www.nfl.com/image/upload/f_auto,q_auto/league/jktdrwmujfuqp94csnav"
Corey Bradford,"https://static.www.nfl.com/image/private/f_auto,q_auto/league/nm3dgcfd1c0vrf3ajpmw"
Corey Brown,"https://static.www.nfl.com/image/private/f_auto,q_auto/league/lgk5rlkpxd0vw28nhrrq"
Corey Clement,"https://static.www.nfl.com/image/private/f_auto,q_auto/league/rrbdxl0frmnyr1qcgexd"
Corey Coleman,"https://static.www.nfl.com/image/private/f_auto,q_auto/league/yawvrg2sh7ryru2z2kwe"
Corey Croom,"https://static.www.nfl.com/image/private/f_auto,q_auto/league/rkdlae2eaejbzzlvhubf"
Corey Davis,"https://static.www.nfl.com/image/private/f_auto,q_auto/league/hr0uv4ai1zhkn7nof2a2"
Corey Dillon,"https://static.www.nfl.com/image/private/f_auto,q_auto/league/fkbrkwz0nztu20g3ljde"
Corey Fuller,"https://static.www.nfl.com/image/private/f_auto,q_auto/league/omxsxhwznxnay3ynkjph"
Corey Grant,"https://static.www.nfl.com/image/private/f_auto,q_auto/league/gj5yoyyx8nulm8ss037t"
Corey Harris,"https://static.www.nfl.com/image/private/f_auto,q_auto/league/xnunbd4ncwi93v7zc5mp"
Corey Holliday,"https://static.www.nfl.com/image/private/f_auto,q_auto/league/yd9tthqzb4oeozfrtqyv"
Corey Kiner,"https://static.www.nfl.com/image/upload/f_auto,q_auto/league/tpnamrgzfbytwlzhhyf8"
Corey Louchiey,"https://static.www.nfl.com/image/private/f_auto,q_auto/league/vnuec7qm3b9vvzpmse31"
Corey McIntyre,"https://static.www.nfl.com/image/private/f_auto,q_auto/league/ovijvmrmt333plngqjsc"
Corey Walker,"https://static.www.nfl.com/image/private/f_auto,q_auto/league/vtvvzspspqb2rmwlo6jb"
Corey Washington,"https://static.www.nfl.com/image/private/f_auto,q_auto/league/ce8tzaiv0phol3srwykf"
Corn Redick,"https://static.www.nfl.com/image/private/f_auto,q_auto/league/jyrkxxgh1irhdviekr9v"
Cornell Burbage,"https://static.www.nfl.com/image/private/f_auto,q_auto/league/gjixfjv6jzsw0qmtkda8"
Cornell Webster,"https://static.www.nfl.com/image/private/f_auto,q_auto/league/kpsbwlql2jenoga4pkmh"
Correll Buckhalter,"https://static.www.nfl.com/image/private/f_auto,q_auto/league/p4vivjprh7wfmr6powdk"
Cortez Hankton,"https://static.www.nfl.com/image/private/f_auto,q_auto/league/y8briw40kadt1k0nwud1"
Corwin Brown,"https://static.www.nfl.com/image/private/f_auto,q_auto/league/vchlktdoldkodo0whlhq"
Cory Fleming,"https://static.www.nfl.com/image/private/f_auto,q_auto/league/vzbqimrwjomvtcmfomkk"
Cory Geason,"https://static.www.nfl.com/image/private/f_auto,q_auto/league/zw34kwbxrkkipr5qgzit"
Cory Harkey,"https://static.www.nfl.com/image/private/f_auto,q_auto/league/qnxxlalj3rx8oueqjgsv"
Cory Schlesinger,"https://static.www.nfl.com/image/private/f_auto,q_auto/league/fkm7gvy2gxogjiw1j9o7"
Cosey Coleman,"https://static.www.nfl.com/image/private/f_auto,q_auto/league/kats5mx5nme3yltukoet"
Cotton Speyrer,"https://static.www.nfl.com/image/private/f_auto,q_auto/league/m52ktjb3c7nvbtnp4kli"
Courtland Sutton,"https://static.www.nfl.com/image/upload/f_auto,q_auto/league/kqwmqcrlrwmqcvfuguhs"
Courtney Anderson,"https://static.www.nfl.com/image/private/f_auto,q_auto/league/sfkhcq22st6uaxbk6icx"
Courtney Hawkins,"https://static.www.nfl.com/image/private/f_auto,q_auto/league/utgzfxhrl49iw2likcot"
Courtney Roby,"https://static.www.nfl.com/image/private/f_auto,q_auto/league/bu4xwrlfflxgdxz1ervu"
Courtney Taylor,"https://static.www.nfl.com/image/private/f_auto,q_auto/league/eqtga9ao36vano7xfvpn"
Craig Baynham,
Craig Cotton,"https://static.www.nfl.com/image/private/f_auto,q_auto/league/zjzd1jtherccvgi0d0tz"
Craig Davis,"https://static.www.nfl.com/image/private/f_auto,q_auto/league/xsch6mtrqbeadp7e6nw9"
Craig Ellis,"https://static.www.nfl.com/image/private/f_auto,q_auto/league/vf92lr3mtwxgnuqt6lry"
Craig Heyward,"https://static.www.nfl.com/image/private/f_auto,q_auto/league/z3nbkg7umsrmbsjlenwc"
Craig James,"https://static.www.nfl.com/image/private/f_auto,q_auto/league/fareq05djtkfjiqlkscr"
Craig Keith,"https://static.www.nfl.com/image/private/f_auto,q_auto/league/snratrr5attiaheltkjp"
Craig McEwen,"https://static.www.nfl.com/image/private/f_auto,q_auto/league/kubskvwputu80hljbr7j"
Craig Reynolds,"https://static.www.nfl.com/image/upload/f_auto,q_auto/league/f5zuttg3hinfqgronrsg"
Craig Stevens,"https://static.www.nfl.com/image/private/f_auto,q_auto/league/ydn9wsicn6agvcwuxzsi"
Craig Taylor,"https://static.www.nfl.com/image/private/f_auto,q_auto/league/k4nv0rg2lty1pjvfx108"
Craig Thompson,"https://static.www.nfl.com/image/private/f_auto,q_auto/league/unqm1tbisb2lkeffnvnk"
Craig White,"https://static.www.nfl.com/image/private/f_auto,q_auto/league/zfj2u4juak6bhzhmmptr"
Craig Yeast,"https://static.www.nfl.com/image/private/f_auto,q_auto/league/gzsxkfc5egpzzewrzcun"
Craphonso Thorpe,"https://static.www.nfl.com/image/private/f_auto,q_auto/league/xpvqyowlavleojd4p77b"
Creston Whitaker,
Cris Carter,"https://static.www.nfl.com/image/private/f_auto,q_auto/league/tb52fk83tmdpmbzwliuk"
Cris Collinsworth,"https://static.www.nfl.com/image/private/f_auto,q_auto/league/fim4z7r60ne7auyeivr4"
Crockett Gillmore,"https://static.www.nfl.com/image/private/f_auto,q_auto/league/wdnss99dxs771hd8ifpn"
Cullen Bryant,"https://static.www.nfl.com/image/private/f_auto,q_auto/league/mdok1lltawqo9jylcyyq"
Cullen Gillaspia,"https://static.www.nfl.com/image/private/f_auto,q_auto/league/nalegoem45fmncudsllg"
Curt Pardridge,"https://static.www.nfl.com/image/private/f_auto,q_auto/league/pv1rvtoyirw6gwmbx7u7"
Curt Warner,"https://static.www.nfl.com/image/private/f_auto,q_auto/league/ixigsctdlqxfp14edflm"
Curtis Adams,"https://static.www.nfl.com/image/private/f_auto,q_auto/league/m4vkaojzdmqtiwzddb9q"
Curtis Bledsoe,"https://static.www.nfl.com/image/private/f_auto,q_auto/league/mklck2x2hiljzeufjxhd"
Curtis Brinkley,"https://static.www.nfl.com/image/private/f_auto,q_auto/league/dcncivwannanufjddkdu"
Curtis Brown,"https://static.www.nfl.com/image/private/f_auto,q_auto/league/wsapt7hwhre6pmxdm8uh"
Curtis Conway,"https://static.www.nfl.com/image/private/f_auto,q_auto/league/xi2qseh2pqknw9xseuhw"
Curtis Dickey,"https://static.www.nfl.com/image/private/f_auto,q_auto/league/e9wmuxaybikgvjnjgtik"
Curtis Duncan,"https://static.www.nfl.com/image/private/f_auto,q_auto/league/plxlckyr5yijvsujugtr"
Curtis Enis,"https://static.www.nfl.com/image/private/f_auto,q_auto/league/njqff7inehiv5pryf5pi"
Curtis Jackson,"https://static.www.nfl.com/image/private/f_auto,q_auto/league/rxwtfvxitmqvfgsha7r2"
Curtis Keaton,"https://static.www.nfl.com/image/private/f_auto,q_auto/league/dvqbi5kkyp26iw0or6o2"
Curtis Marsh,"https://static.www.nfl.com/image/private/f_auto,q_auto/league/jf6zgim7vdnc8li2rygq"
Curtis Martin,"https://static.www.nfl.com/image/private/f_auto,q_auto/league/ikb6en50ga5g4wc8oekd"
Curtis Samuel,"https://static.www.nfl.com/image/upload/f_auto,q_auto/league/vyibrxegz375ntjby5zs"
Curtis Weathers,"https://static.www.nfl.com/image/private/f_auto,q_auto/league/gdewbsoquxbctkr4z5k8"
Curtland Thomas,"https://static.www.nfl.com/image/private/f_auto,q_auto/league/zgmnxs761s25ds8muzsf"
Curvin Richards,"https://static.www.nfl.com/image/private/f_auto,q_auto/league/re8r5v40rvjpm4z5nlql"
Cyril Grayson,"https://static.www.nfl.com/image/private/f_auto,q_auto/league/klv5np9csnnm6p6zpkcs"
Cyril Pinder,
Cyrus Gray,"https://static.www.nfl.com/image/private/f_auto,q_auto/league/vhsbeenxltrsykgsd2xb"
D'Andre Swift,"https://static.www.nfl.com/image/upload/f_auto,q_auto/league/owpmwzoilitcodc6cmxo"
D'Ernest Johnson,"https://static.www.nfl.com/image/upload/f_auto,q_auto/league/gbe2eojaxid4n3pmo0rj"
D'Onta Foreman,"https://static.www.nfl.com/image/upload/f_auto,q_auto/league/shlxaet74pmn8arznphw"
D'Wayne Bates,"https://static.www.nfl.com/image/private/f_auto,q_auto/league/vjprsnrzpipv7jrk8j96"
D.J. Dozier,"https://static.www.nfl.com/image/private/f_auto,q_auto/league/sj6ktujeel8bdumm4edx"
D.J. Foster,"https://static.www.nfl.com/image/private/f_auto,q_auto/league/jjizp7deudsht2dqmzvq"
D.J. Hackett,"https://static.www.nfl.com/image/private/f_auto,q_auto/league/vhepv73bqd762raohguu"
D.J. Montgomery,"https://static.www.nfl.com/image/upload/f_auto,q_auto/league/tpo0g9pqvia4lh2noq33"
D.J. Moore,"https://static.www.nfl.com/image/private/f_auto,q_auto/league/qqwugxxnxe62smcbibwg"
D.J. Tialavea,"https://static.www.nfl.com/image/private/f_auto,q_auto/league/cszuqeqpg8y4z2nrdccx"
D.J. Williams,"https://static.www.nfl.com/image/upload/f_auto,q_auto/league/mnptqwcy8vdcsimzfnac"
D.K. Metcalf,
DJ Chark,"https://static.www.nfl.com/image/upload/f_auto,q_auto/league/skuieceh50r31ulwpo5s"
DJ Moore,"https://static.www.nfl.com/image/upload/f_auto,q_auto/league/lsavpxtqoqu25emwcnvy"
DJ Turner,"https://static.www.nfl.com/image/upload/f_auto,q_auto/league/os5eurhh1y45sixa8phl"
DK Metcalf,"https://static.www.nfl.com/image/upload/f_auto,q_auto/league/kxql4sjfelubhxawu2zh"
Da'Mari Scott,"https://static.www.nfl.com/image/private/f_auto,q_auto/league/nebin0nevleumqvsk0fu"
Da'Rel Scott,"https://static.www.nfl.com/image/private/f_auto,q_auto/league/mvopxdgumla0ypn7yisg"
Da'Rick Rogers,"https://static.www.nfl.com/image/private/f_auto,q_auto/league/hl9v7ytdq0nrpy0nzea0"
DaeSean Hamilton,"https://static.www.nfl.com/image/private/f_auto,q_auto/league/thfspx6c8befeosbsj1b"
Daimon Shelton,"https://static.www.nfl.com/image/private/f_auto,q_auto/league/xdc22edgyrj8e3nnff1y"
Dak Prescott,"https://static.www.nfl.com/image/upload/f_auto,q_auto/league/yvscmqq1qki8zfsemmcd"
Dale Carter,"https://static.www.nfl.com/image/private/f_auto,q_auto/league/p0lamz2eofttqjhqvcva"
Dale Dawkins,"https://static.www.nfl.com/image/private/f_auto,q_auto/league/wvll2bsmqp9u9ijydvrl"
Dale Messer,
Dallas Baker,"https://static.www.nfl.com/image/private/f_auto,q_auto/league/eekutel5dydgqcktwxty"
Dallas Clark,"https://static.www.nfl.com/image/private/f_auto,q_auto/league/oqhmamvx6w1aetfoalpw"
Dallas Goedert,"https://static.www.nfl.com/image/upload/f_auto,q_auto/league/bafepstxu7vvxb9v5vua"
Dallin Holker,"https://static.www.nfl.com/image/upload/f_auto,q_auto/league/sps8av7spro1015lpwn1"
Dalton Hilliard,"https://static.www.nfl.com/image/private/f_auto,q_auto/league/tnuburatvvej9fh2d10f"
Dalton Keene,"https://static.www.nfl.com/image/upload/f_auto,q_auto/league/n2lmavplrrwtbcjuccyk"
Dalton Kincaid,"https://static.www.nfl.com/image/upload/f_auto,q_auto/league/z7k857flehljboaixj8m"
Dalton Schultz,"https://static.www.nfl.com/image/upload/f_auto,q_auto/league/ym8sbkev8l4scnrc0vd8"
Dalvin Cook,"https://static.www.nfl.com/image/upload/f_auto,q_auto/league/uurolop9ktcloxqh4fid"
Damaris Johnson,"https://static.www.nfl.com/image/private/f_auto,q_auto/league/fbcf86kaohvtyvoz2t0y"
Dameane Douglas,"https://static.www.nfl.com/image/private/f_auto,q_auto/league/gy73ndsfeqibqgeniqk5"
Dameon Pierce,"https://static.www.nfl.com/image/upload/f_auto,q_auto/league/oai3defivyfyofxxh4ux"
Dameon Reilly,"https://static.www.nfl.com/image/private/f_auto,q_auto/league/ohj6sgkfej3bagkh2d3q"
Dameyune Craig,"https://static.www.nfl.com/image/private/f_auto,q_auto/league/px34d4jf9tw1e32fkw4l"
Damian Williams,"https://static.www.nfl.com/image/private/f_auto,q_auto/league/xpwxm5fu6ywk9mpxzamm"
Damien Anderson,"https://static.www.nfl.com/image/private/f_auto,q_auto/league/hzf1euye460niokyshx5"
Damien Harris,"https://static.www.nfl.com/image/private/f_auto,q_auto/league/s0cagglk6qh9ciuddjmu"
Damien Nash,"https://static.www.nfl.com/image/private/f_auto,q_auto/league/sizgsvjjvxqzaenbag67"
Damien Robinson,"https://static.www.nfl.com/image/private/f_auto,q_auto/league/jv6ujfqgfnykdhwmheaf"
Damien Williams,"https://static.www.nfl.com/image/private/f_auto,q_auto/league/ga4vusnfwfvhp2ksqw7x"
Damiere Byrd,"https://static.www.nfl.com/image/private/f_auto,q_auto/league/cskulleqxehtrgkqsl3u"
Damion Ratley,"https://static.www.nfl.com/image/private/f_auto,q_auto/league/yafh5dzxcfpwqwrirmdd"
Damion Willis,"https://static.www.nfl.com/image/private/f_auto,q_auto/league/qc6dvlvsaekyjgcqdkou"
Damon Gibson,"https://static.www.nfl.com/image/private/f_auto,q_auto/league/q5htjj90zt3yubdxfugl"
Damon Griffin,"https://static.www.nfl.com/image/private/f_auto,q_auto/league/lelc809on2tzhjbf51cu"
Damon Hodge,"https://static.www.nfl.com/image/private/f_auto,q_auto/league/e4rzhlfwbngoqo3zwbwm"
Damon Huard,"https://static.www.nfl.com/image/private/f_auto,q_auto/league/xertseiinipmodedwo4b"
Damon Jones,"https://static.www.nfl.com/image/private/f_auto,q_auto/league/zlfuxjqsyyacyslywrba"
Damon Thomas,"https://static.www.nfl.com/image/private/f_auto,q_auto/league/y9pwnvm5nwnvjlj1q6we"
Damon Washington,"https://static.www.nfl.com/image/private/f_auto,q_auto/league/dopywzw6xrw1spidqqmk"
Damone Johnson,"https://static.www.nfl.com/image/private/f_auto,q_auto/league/j6olraiayab1kunusvt2"
Dan Arnold,"https://static.www.nfl.com/image/private/f_auto,q_auto/league/txr5zwgfdbtwzsre8trk"
Dan Campbell,"https://static.www.nfl.com/image/private/f_auto,q_auto/league/mjqfip0ythczsmgwwqze"
Dan Chisena,"https://static.www.nfl.com/image/upload/f_auto,q_auto/league/h49vqubwp2trswtzmcny"
Dan Doornink,"https://static.www.nfl.com/image/private/f_auto,q_auto/league/h3ruav3buu8wlsdjjovm"
Dan Fouts,"https://static.www.nfl.com/image/private/f_auto,q_auto/league/jubsyezxh2cl5gzo4dow"
Dan Gronkowski,"https://static.www.nfl.com/image/private/f_auto,q_auto/league/slid0mmsvskvuy5vjtej"
Dan Herron,"https://static.www.nfl.com/image/private/f_auto,q_auto/league/vdxm5ggdcokhzn1yfnza"
Dan Johnson,"https://static.www.nfl.com/image/private/f_auto,q_auto/league/vgiowxn58mbtxhifsju3"
Dan Klecko,"https://static.www.nfl.com/image/private/f_auto,q_auto/league/l8f72ct2lihcafibxr8q"
Dan Kreider,"https://static.www.nfl.com/image/private/f_auto,q_auto/league/dmxuhoow7t3vwvc6ahdj"
Dan Lewis,
Dan Marino,"https://static.www.nfl.com/image/private/f_auto,q_auto/league/jk97vzadmthvdyu8mbr2"
Dan Reeder,"https://static.www.nfl.com/image/private/f_auto,q_auto/league/nskkeere3eacxgwrjjvv"
Dan Reeves,
Dan Ross,"https://static.www.nfl.com/image/private/f_auto,q_auto/league/sdgxg6dxxyj9hanhifcc"
Dan Ryczek,"https://static.www.nfl.com/image/private/f_auto,q_auto/league/kk5o1n5gbzgslmkccsme"
Dan Sharp,"https://static.www.nfl.com/image/private/f_auto,q_auto/league/tmskbdkfbr94ikx8vazw"
Dan Skipper,"https://static.www.nfl.com/image/upload/f_auto,q_auto/league/umcplds2xhmcs6wijlpw"
Dana Brinson,"https://static.www.nfl.com/image/private/f_auto,q_auto/league/bfosivqmrts4cei9nqxm"
Dana Hall,"https://static.www.nfl.com/image/private/f_auto,q_auto/league/hs5s9ccx9ijcmmywkc0a"
Dana Nafziger,"https://static.www.nfl.com/image/private/f_auto,q_auto/league/dnffu3k8mltktwjvbyvc"
Dana Wright,"https://static.www.nfl.com/image/private/f_auto,q_auto/league/xti3pregz1wuz6guaquw"
Danan Hughes,"https://static.www.nfl.com/image/private/f_auto,q_auto/league/lwv7un988uwapema7sye"
Danario Alexander,"https://static.www.nfl.com/image/private/f_auto,q_auto/league/vvu1dtofttohpfwiolyo"
Dane Cruikshank,"https://static.www.nfl.com/image/private/f_auto,q_auto/league/lnq0ypzkle8qqwbtbqr3"
Dane Looker,"https://static.www.nfl.com/image/private/f_auto,q_auto/league/yaekv9wmvkduhdzsvdrb"
Dane Sanzenbacher,"https://static.www.nfl.com/image/private/f_auto,q_auto/league/jwt2ofzidwm2tuvh2fem"
Daniel Bellinger,"https://static.www.nfl.com/image/upload/f_auto,q_auto/league/nvabdu88h2cvroeygabo"
Daniel Brown,"https://static.www.nfl.com/image/private/f_auto,q_auto/league/fnhg5hbp5sjn3uuanqua"
Daniel Coats,"https://static.www.nfl.com/image/private/f_auto,q_auto/league/cry1p9kgoxthlrlk6ovi"
Daniel Fells,"https://static.www.nfl.com/image/private/f_auto,q_auto/league/lhecgqac5nourex1czfo"
Daniel Graham,"https://static.www.nfl.com/image/private/f_auto,q_auto/league/nnedc5qbdgpo5n8gjc5n"
Daniel Helm,"https://static.www.nfl.com/image/private/f_auto,q_auto/league/aevwno51rzt28qzgkm3v"
Daniel Jones,"https://static.www.nfl.com/image/upload/f_auto,q_auto/league/ohvvctuykzwrpqer7xgl"
Daniel Lasco,"https://static.www.nfl.com/image/private/f_auto,q_auto/league/bqwslkxtdxyq5cihdvas"
Daniel Thomas,"https://static.www.nfl.com/image/private/f_auto,q_auto/league/vskzvdncbtm9dn5orl50"
Daniel Wilcox,"https://static.www.nfl.com/image/private/f_auto,q_auto/league/trdtxmspysby0k7rui3w"
Danny Abramowicz,"https://static.www.nfl.com/image/private/f_auto,q_auto/league/njn7ibtbvpkrkvwwclhe"
Danny Amendola,"https://static.www.nfl.com/image/private/f_auto,q_auto/league/etz06w7s0ardf49mnayz"
Danny Bradley,"https://static.www.nfl.com/image/private/f_auto,q_auto/league/vou1shhhqtzwkups2qnp"
Danny Buggs,"https://static.www.nfl.com/image/private/f_auto,q_auto/league/bdw2fpbbib3qxzjbk0ft"
Danny Farmer,"https://static.www.nfl.com/image/private/f_auto,q_auto/league/i0yl1592qzogmj59m9y1"
Danny Fulton,"https://static.www.nfl.com/image/private/f_auto,q_auto/league/khxawkssscf0iaxs15y0"
Danny Gray,"https://static.www.nfl.com/image/upload/f_auto,q_auto/league/qu9ojb3kaf3rhjotlycy"
Danny Greene,"https://static.www.nfl.com/image/private/f_auto,q_auto/league/lhaioffmxcoiiwqhvqmj"
Danny Noble,"https://static.www.nfl.com/image/private/f_auto,q_auto/league/idp7tqhby0smupyzcr0t"
Danny Peebles,"https://static.www.nfl.com/image/private/f_auto,q_auto/league/hoscvjzluyraaeh3wsou"
Danny Pierce,
Danny Pinter,"https://static.www.nfl.com/image/upload/f_auto,q_auto/league/oeo9gt4ytdtwhu5hvvu8"
Danny Pittman,"https://static.www.nfl.com/image/private/f_auto,q_auto/league/shksqdtvao3vtitehust"
Danny Reece,"https://static.www.nfl.com/image/private/f_auto,q_auto/league/awimeduiiyovrsjuypw6"
Danny Vitale,"https://static.www.nfl.com/image/private/f_auto,q_auto/league/x9z1hqodjhb8dio4dr1w"
Danny Ware,
Danny White,"https://static.www.nfl.com/image/private/f_auto,q_auto/league/z0qceljtywyvmj2z0jis"
Danny Woodhead,"https://static.www.nfl.com/image/private/f_auto,q_auto/league/gorlqe0etvc8ek5wob7j"
Danta Whitaker,"https://static.www.nfl.com/image/private/f_auto,q_auto/league/ke3d8t1uzk80qwwu8yer"
Dante Hall,"https://static.www.nfl.com/image/private/f_auto,q_auto/league/kbnhi4dslz0xvp9iwz2y"
Dante Pettis,"https://static.www.nfl.com/image/upload/f_auto,q_auto/league/xz70t2ahl2ak2q9mqtia"
Dante Ridgeway,"https://static.www.nfl.com/image/private/f_auto,q_auto/league/rimqo9gjiwehl4c9ga0f"
Dante Rosario,"https://static.www.nfl.com/image/private/f_auto,q_auto/league/soq9rrcsvdsvwygnz7ih"
Dantrell Savage,"https://static.www.nfl.com/image/private/f_auto,q_auto/league/udkwnazm3xfoiwd0htzo"
Danzell Lee,"https://static.www.nfl.com/image/private/f_auto,q_auto/league/ld6xryxbqvoxcezz1ntk"
Darcy Johnson,"https://static.www.nfl.com/image/private/f_auto,q_auto/league/oiug9lq5hiubiy077hn0"
Dare Ogunbowale,"https://static.www.nfl.com/image/upload/f_auto,q_auto/league/bsm0k0jkytuiej2riudv"
Dareke Young,"https://static.www.nfl.com/image/upload/f_auto,q_auto/league/xd0585sr1fy1wpry0ued"
Darian Barnes,"https://static.www.nfl.com/image/private/f_auto,q_auto/league/qwmwkpw9tzczuimdxgd2"
Darick Holmes,"https://static.www.nfl.com/image/private/f_auto,q_auto/league/vv7dn6gmzzeigsukz8am"
Darius Cooper,"https://static.www.nfl.com/image/upload/f_auto,q_auto/league/pe71oe4eoyyfnq80fkxc"
Darius Jennings,"https://static.www.nfl.com/image/private/f_auto,q_auto/league/a5hbv77h2qaienl37ptf"
Darius Johnson,"https://static.www.nfl.com/image/private/f_auto,q_auto/league/apc1jslxoogg1j1it4s8"
Darius Powe,"https://static.www.nfl.com/image/private/f_auto,q_auto/league/gpvxfnsuraqhcxco9b0v"
Darius Reynaud,"https://static.www.nfl.com/image/private/f_auto,q_auto/league/wjqan177hlgxynua9yxo"
Darius Slayton,"https://static.www.nfl.com/image/upload/f_auto,q_auto/league/otksyfjll5waf0vsczeu"
Darius Walker,"https://static.www.nfl.com/image/private/f_auto,q_auto/league/mscahsqlxn9orcs7whsp"
Darius Watts,"https://static.www.nfl.com/image/private/f_auto,q_auto/league/amk2z6ocbrcmfglcwiur"
Darnay Scott,"https://static.www.nfl.com/image/private/f_auto,q_auto/league/parvdthv81x0j4z6jlb6"
Darnell Autry,"https://static.www.nfl.com/image/private/f_auto,q_auto/league/ledkrjklk2lyswmowzgw"
Darnell Dinkins,"https://static.www.nfl.com/image/private/f_auto,q_auto/league/fpbzbphusdsfgiyk2fvm"
Darnell McDonald,"https://static.www.nfl.com/image/private/f_auto,q_auto/league/wq93orxj1dyxlao04dnf"
Darnell Mooney,"https://static.www.nfl.com/image/upload/f_auto,q_auto/league/eaejonwaflt9drrs9ika"
Darnell Powell,"https://static.www.nfl.com/image/private/f_auto,q_auto/league/ah5u38wqo4a5lvufydsn"
Darnell Sanders,"https://static.www.nfl.com/image/private/f_auto,q_auto/league/ejk3c33f68hkgovztvou"
Darnell Washington,"https://static.www.nfl.com/image/upload/f_auto,q_auto/league/inwx7uipfktapaump5pj"
Darnerien McCants,"https://static.www.nfl.com/image/private/f_auto,q_auto/league/yvolmah9viarzeilxq6c"
Darrel Williams,"https://static.www.nfl.com/image/private/f_auto,q_auto/league/qloiwle7db59cznhqhub"
Darrel Young,"https://static.www.nfl.com/image/private/f_auto,q_auto/league/znfzmkdrjpzxrhv8j0r7"
Darrell Colbert,"https://static.www.nfl.com/image/private/f_auto,q_auto/league/h0buisobrn5it2yycjjb"
Darrell Daniels,"https://static.www.nfl.com/image/private/f_auto,q_auto/league/uite1keyl09qsvofsqzf"
Darrell Dess,
Darrell Fullington,"https://static.www.nfl.com/image/private/f_auto,q_auto/league/s5qsmgv4dvhkqpktjpsf"
Darrell Grymes,"https://static.www.nfl.com/image/private/f_auto,q_auto/league/bf4innapvxjyjqmkr4xu"
Darrell Henderson,"https://static.www.nfl.com/image/private/f_auto,q_auto/league/trvk8n0wjne7edxbajgw"
Darrell Jackson,"https://static.www.nfl.com/image/private/f_auto,q_auto/league/a2frfenrullgrcq1ceme"
Darrell Nelson,"https://static.www.nfl.com/image/private/f_auto,q_auto/league/tquazokehyhxggih9bqs"
Darrell Thompson,"https://static.www.nfl.com/image/private/f_auto,q_auto/league/jawaow4h2ogpfuvberyq"
Darren Fells,"https://static.www.nfl.com/image/private/f_auto,q_auto/league/eh0rbweg4wbzgzpvprnv"
Darren Flutie,"https://static.www.nfl.com/image/private/f_auto,q_auto/league/jkgdxejkgnez6bejsep3"
Darren Lewis,"https://static.www.nfl.com/image/private/f_auto,q_auto/league/mxmvhgwrmseoub4p5dkz"
Darren Long,"https://static.www.nfl.com/image/private/f_auto,q_auto/league/nwktm7sovq8qs6p7dzbn"
Darren McFadden,"https://static.www.nfl.com/image/private/f_auto,q_auto/league/bfvionxxsfckmjqtw4kv"
Darren Sproles,"https://static.www.nfl.com/image/private/f_auto,q_auto/league/gvj5ng27blmwuz170aeo"
Darren Waller,"https://static.www.nfl.com/image/upload/f_auto,q_auto/league/loyehiyzcu2lexjk7plq"
Darrin Chiaverini,"https://static.www.nfl.com/image/private/f_auto,q_auto/league/rggucotcwc2thchkgvg0"
Darrin Nelson,"https://static.www.nfl.com/image/private/f_auto,q_auto/league/hncynvsmnndttnutlszs"
Darrin Reaves,"https://static.www.nfl.com/image/private/f_auto,q_auto/league/cao4naqrbmjavj4glrmc"
Darrius Heyward-Bey,"https://static.www.nfl.com/image/private/f_auto,q_auto/league/d5otkkbb0z2rdd2bjatd"
Darrius Shepherd,"https://static.www.nfl.com/image/private/f_auto,q_auto/league/nnkbqhiewcrey2bl3tlh"
Darryl Clack,"https://static.www.nfl.com/image/private/f_auto,q_auto/league/cj1hebxwmfdrp6yztqr7"
Darryl Harris,"https://static.www.nfl.com/image/private/f_auto,q_auto/league/clnfqsdbrzkeow8b6yet"
Darryl Ingram,"https://static.www.nfl.com/image/private/f_auto,q_auto/league/jlyguy7s5tacadsp61ci"
Darryl Oliver,"https://static.www.nfl.com/image/private/f_auto,q_auto/league/shvxwfyh6apvfwf0zaun"
Darryl Spencer,"https://static.www.nfl.com/image/private/f_auto,q_auto/league/ejzyf7f0kul2vpcoqwok"
Darryl Stingley,"https://static.www.nfl.com/image/private/f_auto,q_auto/league/nuiyaaq0q6nlrfvlgnpo"
Darrynton Evans,"https://static.www.nfl.com/image/upload/f_auto,q_auto/league/akmrd72vwsbpsnuh9775"
Darvell Huffman,"https://static.www.nfl.com/image/private/f_auto,q_auto/league/iaubcgnwqwpnnnlzbbif"
Darvin Kidsy,"https://static.www.nfl.com/image/private/f_auto,q_auto/league/deaj4sn82d3gx2mvehhc"
Darwin Thompson,"https://static.www.nfl.com/image/private/f_auto,q_auto/league/l1hcf7i4flghdacmhorc"
Daryl Hobbs,"https://static.www.nfl.com/image/private/f_auto,q_auto/league/uzq1cdtldvmenghifxpa"
Daryl Johnston,"https://static.www.nfl.com/image/private/f_auto,q_auto/league/oedbekojj3qxlibchwuo"
Daryl Jones,"https://static.www.nfl.com/image/private/f_auto,q_auto/league/fpbpjr55ueqf1wlghpr0"
Daryl Porter,"https://static.www.nfl.com/image/private/f_auto,q_auto/league/q6tkiazvhvebihlhidss"
Daryl Richardson,"https://static.www.nfl.com/image/private/f_auto,q_auto/league/taqrenf1eqcvd1nibre5"
Daryl Turner,"https://static.www.nfl.com/image/private/f_auto,q_auto/league/phkjufelcynyqjmhllmb"
Daunte Culpepper,"https://static.www.nfl.com/image/private/f_auto,q_auto/league/vmvl5xojgtwm6jadhy7l"
Daurice Fountain,"https://static.www.nfl.com/image/upload/f_auto,q_auto/league/o1qlrzg7ddwfh7igt5e7"
Davante Adams,"https://static.www.nfl.com/image/upload/f_auto,q_auto/league/tdzluk4xau3arxqk9zsl"
Dave Ahrens,"https://static.www.nfl.com/image/private/f_auto,q_auto/league/bphxkrqjkwi87hl47ign"
Dave Atkins,"https://static.www.nfl.com/image/private/f_auto,q_auto/league/ctaikzlv0hyciikztpus"
Dave Casper,"https://static.www.nfl.com/image/private/f_auto,q_auto/league/njpwjyzxtmgh7jt6oznj"
Dave D'Addio,"https://static.www.nfl.com/image/private/f_auto,q_auto/league/tvsqhubgww58pkswde0g"
Dave Dalby,"https://static.www.nfl.com/image/private/f_auto,q_auto/league/ilx0jimbx1zpk4gvdb0r"
Dave Davis,"https://static.www.nfl.com/image/private/f_auto,q_auto/league/r5gush00uoldytqfyqgg"
Dave Dunaway,
Dave Gagnon,"https://static.www.nfl.com/image/private/f_auto,q_auto/league/aqwnfcm4tjtmtibuwfne"
Dave Grannell,"https://static.www.nfl.com/image/private/f_auto,q_auto/league/b1oionkkryuosljcw48q"
Dave Green,"https://static.www.nfl.com/image/private/f_auto,q_auto/league/bpompxrbpkdhq0ia6ogo"
Dave Hampton,"https://static.www.nfl.com/image/private/f_auto,q_auto/league/uex5xddcse6d5cqtoc37"
Dave Jones,
Dave Kopay,
Dave Krieg,"https://static.www.nfl.com/image/private/f_auto,q_auto/league/srx5ku7mit9cvbapch11"
Dave Lafary,"https://static.www.nfl.com/image/private/f_auto,q_auto/league/ejzc26ymdjl5pckbxxks"
Dave Little,"https://static.www.nfl.com/image/private/f_auto,q_auto/league/y8hkwgqn6ctm4iu71t0d"
Dave Logan,"https://static.www.nfl.com/image/private/f_auto,q_auto/league/lc0uim8wtoxao3x8ab8c"
Dave Meggett,"https://static.www.nfl.com/image/private/f_auto,q_auto/league/czc5ehkkhtpepzzv3uun"
Dave Middleton,
Dave Montagne,
Dave Moore,"https://static.www.nfl.com/image/private/f_auto,q_auto/league/dpkynnhekynii7fskyll"
Dave Olerich,
Dave Osborn,"https://static.www.nfl.com/image/private/f_auto,q_auto/league/ndwhigkojzkl6gtycbpa"
Dave Parks,
Dave Pivec,
Dave Preston,"https://static.www.nfl.com/image/private/f_auto,q_auto/league/zxklvhixlchytojf8ggy"
Dave Ragone,"https://static.www.nfl.com/image/private/f_auto,q_auto/league/ao5q2tsim1s1l97bxarq"
Dave Smith,"https://static.www.nfl.com/image/private/f_auto,q_auto/league/vq3ewtdtwr9uapxymeec"
Dave Stachelski,"https://static.www.nfl.com/image/private/f_auto,q_auto/league/nhnqwbik9lnznwkmifzs"
Dave Stief,"https://static.www.nfl.com/image/private/f_auto,q_auto/league/gsbn9ncddqtfxqzv7vhb"
Dave Studdard,"https://static.www.nfl.com/image/private/f_auto,q_auto/league/t5h9rguzhtbpwpbf0df5"
Dave Sullivan,"https://static.www.nfl.com/image/private/f_auto,q_auto/league/qznagqo89besgzstqbry"
Dave Washington,"https://static.www.nfl.com/image/private/f_auto,q_auto/league/byytjene3nyiheaqplyo"
Dave Waymer,"https://static.www.nfl.com/image/private/f_auto,q_auto/league/cru3vme0xcqkhu8wycqj"
Dave Williams,"https://static.www.nfl.com/image/private/f_auto,q_auto/league/ljq6ab6ehmjwvcq2knbv"
Dave Young,"https://static.www.nfl.com/image/private/f_auto,q_auto/league/p2zxrols4ikf9ns3dibq"
David Adams,"https://static.www.nfl.com/image/private/f_auto,q_auto/league/wcid4j0nzil7v9f7wwl3"
David Alexander,"https://static.www.nfl.com/image/private/f_auto,q_auto/league/edu4dqueshw81vqxk2az"
David Allen,"https://static.www.nfl.com/image/private/f_auto,q_auto/league/ynozvrxhctiibfpp2gpe"
David Anderson,"https://static.www.nfl.com/image/private/f_auto,q_auto/league/vgqehge1oceyp7qyu1du"
David Ausberry,"https://static.www.nfl.com/image/private/f_auto,q_auto/league/sq2a1uiugibsy4j9z5qi"
David Bell,"https://static.www.nfl.com/image/private/f_auto,q_auto/league/otv2kkn3lxonp9z43bdj"
David Blough,"https://static.www.nfl.com/image/private/f_auto,q_auto/league/enumsdgbnfykd6znzeck"
David Boston,"https://static.www.nfl.com/image/private/f_auto,q_auto/league/efvdgyy0lnmdok7k2us0"
David Clowney,"https://static.www.nfl.com/image/private/f_auto,q_auto/league/htp19mbraxc7gzwtj2r2"
David Cobb,"https://static.www.nfl.com/image/private/f_auto,q_auto/league/ldrbbzqpoup10wofflob"
David Daniels,"https://static.www.nfl.com/image/private/f_auto,q_auto/league/ce695mbfgbhbhualaowk"
David Dunn,"https://static.www.nfl.com/image/private/f_auto,q_auto/league/bjv8dzqir9jvvk2uk9id"
David Frisch,"https://static.www.nfl.com/image/private/f_auto,q_auto/league/eumwjam5fc5ucaa8tnwc"
David Garrard,"https://static.www.nfl.com/image/private/f_auto,q_auto/league/ogcdepv291fwwguy3zho"
David Gettis,"https://static.www.nfl.com/image/private/f_auto,q_auto/league/epak7gcrrzjv7bp5ic23"
David Givens,"https://static.www.nfl.com/image/private/f_auto,q_auto/league/mohq1lhnq54inmwhsred"
David Grinnage,"https://static.www.nfl.com/image/private/f_auto,q_auto/league/xzwdae27ugz08bfuce7b"
David Hill,"https://static.www.nfl.com/image/private/f_auto,q_auto/league/cuasnlb47l6i9wqkyp4h"
David Hughes,"https://static.www.nfl.com/image/private/f_auto,q_auto/league/qtwrqk9oswiiuh1u68tk"
David Johnson,"https://static.www.nfl.com/image/private/f_auto,q_auto/league/y7dtsyyjnoafefkbylbb"
David Jones,"https://static.www.nfl.com/image/private/f_auto,q_auto/league/muifbbi2xxapdgrdzmde"
David Kircus,"https://static.www.nfl.com/image/private/f_auto,q_auto/league/hgfoz8swkvb5uchp1dax"
David Klingler,"https://static.www.nfl.com/image/private/f_auto,q_auto/league/awileyiayqolyddhirtg"
David Knight,"https://static.www.nfl.com/image/private/f_auto,q_auto/league/gk4j3tntkahmgggr0hzy"
David LaFleur,"https://static.www.nfl.com/image/private/f_auto,q_auto/league/bxpbdrdrczbv1zyrhw72"
David Lang,"https://static.www.nfl.com/image/private/f_auto,q_auto/league/e2idhvmxeqrbcbvj7ovs"
David Lewis,"https://static.www.nfl.com/image/private/f_auto,q_auto/league/umh88oieumscujay0xtb"
David Martin,"https://static.www.nfl.com/image/private/f_auto,q_auto/league/zwwasokh3wrsi5m3byiw"
David Martin-Robinson,"https://static.www.nfl.com/image/upload/f_auto,q_auto/league/imh2h5q6jmoqno5xlpwm"
David McCluskey,"https://static.www.nfl.com/image/private/f_auto,q_auto/league/ildu16bwqyjq1hejplkw"
David Mims,"https://static.www.nfl.com/image/private/f_auto,q_auto/league/gopelwhqxgzzl51bemlm"
David Montgomery,"https://static.www.nfl.com/image/upload/f_auto,q_auto/league/csz0c9roa4pqsccothxg"
David Moore,"https://static.www.nfl.com/image/upload/f_auto,q_auto/league/iyawzolvibsds35fwapv"
David Morgan,"https://static.www.nfl.com/image/private/f_auto,q_auto/league/vvmtt05lja1y2iulrwdp"
David Nelson,"https://static.www.nfl.com/image/private/f_auto,q_auto/league/yufyz3x6jtalthynvdfv"
David Njoku,"https://static.www.nfl.com/image/upload/f_auto,q_auto/league/y4g1iayqrbrhdvkqywpx"
David Overstreet,"https://static.www.nfl.com/image/private/f_auto,q_auto/league/a0kaftdaqcec9gvlcm7f"
David Palmer,"https://static.www.nfl.com/image/private/f_auto,q_auto/league/zmqay7fglka2khxx9tvl"
David Patten,"https://static.www.nfl.com/image/private/f_auto,q_auto/league/zzybbpvmsjs093ikw5ex"
David Paulson,"https://static.www.nfl.com/image/private/f_auto,q_auto/league/rwrxhesx5jizfxet5pbn"
David Quessenberry,"https://static.www.nfl.com/image/upload/f_auto,q_auto/league/c8kmny1s0pl307ivrngh"
David Ray,"https://static.www.nfl.com/image/private/f_auto,q_auto/league/pchm675p2asbhhsaaovx"
David Reed,"https://static.www.nfl.com/image/private/f_auto,q_auto/league/si1ityf354bhjpq0kock"
David Sills,"https://static.www.nfl.com/image/upload/f_auto,q_auto/league/g0jd9yaq2yhw05ktamlh"
David Sims,"https://static.www.nfl.com/image/private/f_auto,q_auto/league/aaakh5qfkffb1wigwzbl"
David Sloan,"https://static.www.nfl.com/image/private/f_auto,q_auto/league/rna3k7hffln6ycwpuuva"
David Terrell,"https://static.www.nfl.com/image/private/f_auto,q_auto/league/btirkt5rpuuqc4ch9lel"
David Thomas,"https://static.www.nfl.com/image/private/f_auto,q_auto/league/ckc8sclg2sh9qjr3t4mt"
David Tyree,"https://static.www.nfl.com/image/private/f_auto,q_auto/league/jdwv4lgsjgsme2xyxfht"
David Verser,"https://static.www.nfl.com/image/private/f_auto,q_auto/league/bjm8qrilulysp1bwx32l"
David Wells,"https://static.www.nfl.com/image/upload/f_auto,q_auto/league/ft7ynz8n2ehrduolhihy"
David Williams,"https://static.www.nfl.com/image/private/f_auto,q_auto/league/jh3coxcsvnqk9vfxod9j"
David Wilson,"https://static.www.nfl.com/image/private/f_auto,q_auto/league/f1ihxrw9bi520l4egiw2"
David Woodley,"https://static.www.nfl.com/image/private/f_auto,q_auto/league/oopqirpipkq1coe9z8dg"
David Wyman,"https://static.www.nfl.com/image/private/f_auto,q_auto/league/ne0lnwfdpo7hvi4b6vhb"
Davion Davis,"https://static.www.nfl.com/image/private/f_auto,q_auto/league/sqsasalphgxytdferwds"
Davis Allen,"https://static.www.nfl.com/image/upload/f_auto,q_auto/league/iweydtcrfchsl3mt6jtd"
Davone Bess,"https://static.www.nfl.com/image/private/f_auto,q_auto/league/s48y8mu0chhsigt5kuit"
Dawson Knox,"https://static.www.nfl.com/image/upload/f_auto,q_auto/league/k8bi9ppahwfmoxs8ij4w"
Dax Milne,"https://static.www.nfl.com/image/upload/f_auto,q_auto/league/is6qfhpfr82xc3udysfu"
Daylen Baldwin,"https://static.www.nfl.com/image/private/f_auto,q_auto/league/azk4fbf1r56sykzhjcku"
Dazz Newsome,"https://static.www.nfl.com/image/private/f_auto,q_auto/league/cwp4qiumv4yzxg0hsbvj"
De Dorsey,
De'Angelo Henderson,
De'Anthony Thomas,"https://static.www.nfl.com/image/private/f_auto,q_auto/league/ubevvtu8f1snobsxnnwl"
De'Lance Turner,"https://static.www.nfl.com/image/private/f_auto,q_auto/league/eyoauplfm4yffbfu9ijf"
De'Michael Harris,"https://static.www.nfl.com/image/private/f_auto,q_auto/league/mrren8m5euy8x1amvqus"
De'Mond Parker,"https://static.www.nfl.com/image/private/f_auto,q_auto/league/lrmjzt22xxkpdwqqrm5a"
De'Veon Smith,"https://static.www.nfl.com/image/private/f_auto,q_auto/league/kcu2rs5ripjvgiskb9er"
De'Von Achane,"https://static.www.nfl.com/image/upload/f_auto,q_auto/league/xk1xwio0bryfxo1ylweu"
DeAndre Carter,"https://static.www.nfl.com/image/upload/f_auto,q_auto/league/jx4io3owliw3l5xve6ta"
DeAndre Hopkins,"https://static.www.nfl.com/image/upload/f_auto,q_auto/league/snvo6holyfdjmrlqxqxu"
DeAndre Smelter,"https://static.www.nfl.com/image/private/f_auto,q_auto/league/vljfatuqlqxm84sxpsha"
DeAndre Washington,"https://static.www.nfl.com/image/private/f_auto,q_auto/league/r89dcprs99qahleja3mz"
DeAndrew White,"https://static.www.nfl.com/image/private/f_auto,q_auto/league/aw9z36nr5wirjrnfxd7v"
DeAngelo Hall,"https://static.www.nfl.com/image/private/f_auto,q_auto/league/yqzm0jpubsxcgkiqtaql"
DeAngelo Williams,"https://static.www.nfl.com/image/private/f_auto,q_auto/league/oky9ooitgqa1fgwdll6b"
DeMarco Murray,"https://static.www.nfl.com/image/private/f_auto,q_auto/league/lu4pqg7cvxbz7z4oormo"
DeMarco Sampson,"https://static.www.nfl.com/image/private/f_auto,q_auto/league/qias0did7dvnbqtugsjr"
DeMario Douglas,"https://static.www.nfl.com/image/upload/f_auto,q_auto/league/cm9vnzqu5phlmsocjwgc"
DeSean Jackson,"https://static.www.nfl.com/image/private/f_auto,q_auto/league/pr5m864fqvnoozihylrh"
DeShaun Foster,"https://static.www.nfl.com/image/private/f_auto,q_auto/league/jujycv6ylthhpis3i3wl"
DeShawn Wynn,"https://static.www.nfl.com/image/private/f_auto,q_auto/league/a03bbuzkwbby2j4azumb"
DeVante Parker,"https://static.www.nfl.com/image/private/f_auto,q_auto/league/beuyfjou6kckaoqqpa96"
DeVier Posey,"https://static.www.nfl.com/image/private/f_auto,q_auto/league/neyvfbqn4cma8ecy22hb"
DeVonta Smith,"https://static.www.nfl.com/image/upload/f_auto,q_auto/league/k724kq3hyv7jc0y9s03x"
DeWayne Dotson,"https://static.www.nfl.com/image/private/f_auto,q_auto/league/dfittdtsek2glyqimm5s"
Deacon Turner,"https://static.www.nfl.com/image/private/f_auto,q_auto/league/zrlfiljl6aavoyr5btam"
Dede Westbrook,"https://static.www.nfl.com/image/private/f_auto,q_auto/league/jjlxw2ircxecpx3ipeax"
Dedric Ward,"https://static.www.nfl.com/image/private/f_auto,q_auto/league/durqveh9ccz9lxmpmsgy"
Dedrick Epps,"https://static.www.nfl.com/image/private/f_auto,q_auto/league/gdowg6wsuuw2rf4boqoe"
Dee Brown,"https://static.www.nfl.com/image/private/f_auto,q_auto/league/pgrpjdnlzbucmfispr4q"
Dee Eskridge,"https://static.www.nfl.com/image/upload/f_auto,q_auto/league/baasw8ia3qztewmawfnz"
Dee Mackey,
DeeJay Dallas,"https://static.www.nfl.com/image/upload/f_auto,q_auto/league/qrvemj4m3g2mqlbgy352"
Deebo Samuel,
Deebo Samuel Sr.,"https://static.www.nfl.com/image/upload/f_auto,q_auto/league/ntgyhqg6hq7fanhhsqiw"
Deems May,"https://static.www.nfl.com/image/private/f_auto,q_auto/league/zp02r0hrobdinul0eyjl"
Deion Branch,"https://static.www.nfl.com/image/private/f_auto,q_auto/league/xd8wzyqiqepe4rxvqfov"
Deion Sanders,"https://static.www.nfl.com/image/private/f_auto,q_auto/league/hgcom8m5korxg0lvnxhj"
Deji Karim,"https://static.www.nfl.com/image/private/f_auto,q_auto/league/nxus17lqfs59eov1xnwv"
Del Rodgers,"https://static.www.nfl.com/image/private/f_auto,q_auto/league/tfi9yrrgx8efemiajysi"
Del Shofner,
Delanie Walker,"https://static.www.nfl.com/image/private/f_auto,q_auto/league/diknegkpqy0qnri7877z"
Delone Carter,"https://static.www.nfl.com/image/private/f_auto,q_auto/league/adwwaxxloa9zcymslxy6"
Deltha O'Neal,"https://static.www.nfl.com/image/private/f_auto,q_auto/league/v0ekwgbe5mw8lqre30rk"
Delvin Joyce,"https://static.www.nfl.com/image/private/f_auto,q_auto/league/w7uubm5jsz4ebjxvsikt"
Delvin Williams,"https://static.www.nfl.com/image/private/f_auto,q_auto/league/qkyfifzl3vydqgcvhp2w"
Demarcus Ayers,
Demarcus Robinson,"https://static.www.nfl.com/image/upload/f_auto,q_auto/league/cokassoz2z7hb4wk2krh"
Demaryius Thomas,"https://static.www.nfl.com/image/private/f_auto,q_auto/league/p1yjsqtqimjd6iazu3h9"
Demetric Felton,"https://static.www.nfl.com/image/private/f_auto,q_auto/league/pfjsjpzj2f9cn39xqde2"
Demetrius Harris,"https://static.www.nfl.com/image/private/f_auto,q_auto/league/nlajcnjlosuajmqswxvl"
Demetrius Williams,"https://static.www.nfl.com/image/private/f_auto,q_auto/league/xntwqlnegaqr47enwajy"
Denard Robinson,"https://static.www.nfl.com/image/private/f_auto,q_auto/league/qxucqizbxstsxgtv0jpn"
Denarius Moore,"https://static.www.nfl.com/image/private/f_auto,q_auto/league/sttop34l1fezi28ls4d9"
Dennis Bligen,"https://static.www.nfl.com/image/private/f_auto,q_auto/league/vp8thav8q0tugd1ocdsw"
Dennis Boyd,"https://static.www.nfl.com/image/private/f_auto,q_auto/league/psnfj2octel44st5uiao"
Dennis Franklin,"https://static.www.nfl.com/image/private/f_auto,q_auto/league/vjbi4wdqs6yhru6f7bd5"
Dennis Gadbois,"https://static.www.nfl.com/image/private/f_auto,q_auto/league/rbpep5iq8uwvjq8du78b"
Dennis Gentry,"https://static.www.nfl.com/image/private/f_auto,q_auto/league/z9pqxye61dmw2ppvnlvi"
Dennis Homan,
Dennis Houston,"https://static.www.nfl.com/image/upload/f_auto,q_auto/league/mrysbvm2hmsouvdwti9w"
Dennis Hughes,
Dennis Johnson,"https://static.www.nfl.com/image/private/f_auto,q_auto/league/qed0cmk3uuftjvkma9ec"
Dennis Kelly,"https://static.www.nfl.com/image/private/f_auto,q_auto/league/i4ev1ltkthmoslllgfhi"
Dennis Law,"https://static.www.nfl.com/image/private/f_auto,q_auto/league/yr1pomhejpcpu6zsie9h"
Dennis McKinley,"https://static.www.nfl.com/image/private/f_auto,q_auto/league/zsn5raym65n7f3cc5sqi"
Dennis McKinnon,"https://static.www.nfl.com/image/private/f_auto,q_auto/league/ixlvodm4cd99nhctp11m"
Dennis Northcutt,"https://static.www.nfl.com/image/private/f_auto,q_auto/league/ek5gyfklwyjhe2xxe69w"
Dennis Pearson,"https://static.www.nfl.com/image/private/f_auto,q_auto/league/jhal6korzudxnagif4kv"
Dennis Pitta,"https://static.www.nfl.com/image/private/f_auto,q_auto/league/liu0pixlkbyftxesaq06"
Denzel Mims,"https://static.www.nfl.com/image/private/f_auto,q_auto/league/vxqhwwsx0ngjupeajnpm"
Deon Anderson,"https://static.www.nfl.com/image/private/f_auto,q_auto/league/xiqqvwjnf1ruaqajwzbi"
Deon Butler,"https://static.www.nfl.com/image/private/f_auto,q_auto/league/zxkz6mxnysnokddqabqf"
Deon Dyer,"https://static.www.nfl.com/image/private/f_auto,q_auto/league/mky6hybiahrn00mmgpoc"
Deon Jackson,"https://static.www.nfl.com/image/private/f_auto,q_auto/league/wvi0pz27h6t7gfjujxis"
Deon Yelder,"https://static.www.nfl.com/image/private/f_auto,q_auto/league/ipykvobx6lilpvc5vyca"
Deontay Burnett,"https://static.www.nfl.com/image/private/f_auto,q_auto/league/iyteeepnw4u0hssvjzxe"
Deonte Harris,
Deonte Harty,"https://static.www.nfl.com/image/upload/f_auto,q_auto/league/fh7rbtvohdkaacqaxqke"
Deonte Thompson,"https://static.www.nfl.com/image/private/f_auto,q_auto/league/bvfgozqccoo627wuitkb"
Derek Brown,"https://static.www.nfl.com/image/private/f_auto,q_auto/league/k3vc6q3gmcbygtrsiauf"
Derek Carr,"https://static.www.nfl.com/image/upload/f_auto,q_auto/league/qsz1pyrlu6bmvby6maaf"
Derek Carrier,"https://static.www.nfl.com/image/private/f_auto,q_auto/league/fohbnjxhixammxtonhnd"
Derek Fine,"https://static.www.nfl.com/image/private/f_auto,q_auto/league/wxqkufglv6hn3j4vxy5t"
Derek Hagan,"https://static.www.nfl.com/image/private/f_auto,q_auto/league/mx7kvui7ktz6b0k37g3f"
Derek Hill,"https://static.www.nfl.com/image/private/f_auto,q_auto/league/s5ojhvgghzk0ayl3mquk"
Derek Holloway,"https://static.www.nfl.com/image/private/f_auto,q_auto/league/ghcvaquoelpzpvyusucc"
Derek Kennard,"https://static.www.nfl.com/image/private/f_auto,q_auto/league/imm5u9hlpb7nzvvbyo3q"
Derek Loville,"https://static.www.nfl.com/image/private/f_auto,q_auto/league/ospnjr1stscwwtij4tdu"
Derek Moye,"https://static.www.nfl.com/image/private/f_auto,q_auto/league/cfxx58gnpnpukdkyxzer"
Derek Price,"https://static.www.nfl.com/image/private/f_auto,q_auto/league/cgh7cxvyesgcmosxznea"
Derek Rackley,"https://static.www.nfl.com/image/private/f_auto,q_auto/league/xv4qo1rn52jlndfpsdd4"
Derek Russell,"https://static.www.nfl.com/image/private/f_auto,q_auto/league/roiuhxxhqtxteudgplko"
Derek Schouman,"https://static.www.nfl.com/image/private/f_auto,q_auto/league/khby35br1mxgycwakqhp"
Derek Stanley,"https://static.www.nfl.com/image/private/f_auto,q_auto/league/j4qps5vya2meirdjzoba"
Derek Tennell,"https://static.www.nfl.com/image/private/f_auto,q_auto/league/b209u76x9fhjatsgqros"
Derek Ware,"https://static.www.nfl.com/image/private/f_auto,q_auto/league/kulms0seeozoaloqmw5q"
Derek Watt,"https://static.www.nfl.com/image/private/f_auto,q_auto/league/jrhk6npb7u3tmgzt7rwn"
Derick Armstrong,"https://static.www.nfl.com/image/private/f_auto,q_auto/league/rzzdo4ytnwvxtyggi2di"
Derius Davis,"https://static.www.nfl.com/image/upload/f_auto,q_auto/league/ykmeihbr6903smvblzgc"
Derrell Mitchell,"https://static.www.nfl.com/image/private/f_auto,q_auto/league/hzkuqg2jqdzk1rjtklcs"
Derrick Alexander,"https://static.www.nfl.com/image/private/f_auto,q_auto/league/kghksofxi1gzyke5cexb"
Derrick Blaylock,"https://static.www.nfl.com/image/private/f_auto,q_auto/league/vxuxzgerpxpeonpqrrdr"
Derrick Clark,"https://static.www.nfl.com/image/private/f_auto,q_auto/league/ih8va5uejsxthzhizkv6"
Derrick Coleman,"https://static.www.nfl.com/image/private/f_auto,q_auto/league/jmgzlxi6qlrvvyrzkuh2"
Derrick Crawford,"https://static.www.nfl.com/image/private/f_auto,q_auto/league/a7sresdxoflk6uwiuo4f"
Derrick Cullors,"https://static.www.nfl.com/image/private/f_auto,q_auto/league/ts0yfrludlwkbylruqko"
Derrick Faison,"https://static.www.nfl.com/image/private/f_auto,q_auto/league/xe8dzwilqrfcz4vwd8ng"
Derrick Fenner,"https://static.www.nfl.com/image/private/f_auto,q_auto/league/etk6faa44g9k7quaphhz"
Derrick Foster,"https://static.www.nfl.com/image/private/f_auto,q_auto/league/p7qat9sh7fmwffdsld9k"
Derrick Gaffney,"https://static.www.nfl.com/image/private/f_auto,q_auto/league/pgxg8ebvgn5y6nl4h3lx"
Derrick Gainer,"https://static.www.nfl.com/image/private/f_auto,q_auto/league/vlgmtxvmzdtavijtgyqh"
Derrick Gore,"https://static.www.nfl.com/image/private/f_auto,q_auto/league/wk7zy3ceecze3ly0mj7c"
Derrick Harden,"https://static.www.nfl.com/image/private/f_auto,q_auto/league/kau6ktgc2f2rff2rbns5"
Derrick Harmon,"https://static.www.nfl.com/image/private/f_auto,q_auto/league/xmpohbszzi9qh0fpp1ht"
Derrick Harris,"https://static.www.nfl.com/image/private/f_auto,q_auto/league/fya5lyd0uycwhijau950"
Derrick Henry,"https://static.www.nfl.com/image/upload/f_auto,q_auto/league/tm79x0iknqg6hms3ypyt"
Derrick Jensen,"https://static.www.nfl.com/image/private/f_auto,q_auto/league/philxveag0opseezb4nc"
Derrick Lassic,"https://static.www.nfl.com/image/private/f_auto,q_auto/league/k3aspqkadiq0upfgk1qc"
Derrick Lewis,"https://static.www.nfl.com/image/private/f_auto,q_auto/league/ee9vmeswo17s6dqqnnzm"
Derrick Mason,"https://static.www.nfl.com/image/private/f_auto,q_auto/league/cdzevcyfslujjbirrvyq"
Derrick Mayes,"https://static.www.nfl.com/image/private/f_auto,q_auto/league/caugxb8xr7teb8wnwjkq"
Derrick McAdoo,"https://static.www.nfl.com/image/private/f_auto,q_auto/league/ijub1ocvnctbysflraos"
Derrick Moore,"https://static.www.nfl.com/image/private/f_auto,q_auto/league/jgwpesmzbjurn4emzdy0"
Derrick Ned,"https://static.www.nfl.com/image/private/f_auto,q_auto/league/mtqt4acfucfeps4rjs3x"
Derrick Ramsey,"https://static.www.nfl.com/image/private/f_auto,q_auto/league/aae8ytxqpwmqnh2gtaet"
Derrick Walker,"https://static.www.nfl.com/image/private/f_auto,q_auto/league/adkpp28ll3tfwzmxgjzk"
Derrick Ward,"https://static.www.nfl.com/image/private/f_auto,q_auto/league/alp1lllkthvns8nnaul0"
Derrick Williams,"https://static.www.nfl.com/image/private/f_auto,q_auto/league/d7q8cp4rewu5utctmyts"
Derrick Willies,"https://static.www.nfl.com/image/private/f_auto,q_auto/league/rmioj9lqsbhzgojtsq0u"
Derrick Wimbush,"https://static.www.nfl.com/image/private/f_auto,q_auto/league/f4q7zhqwmzcvd3svtfvg"
Derrius Guice,"https://static.www.nfl.com/image/private/f_auto,q_auto/league/vkzgf6tpbcidlbnvyvon"
Derrius Thompson,"https://static.www.nfl.com/image/private/f_auto,q_auto/league/zt34bymvoqnt5tyjmopf"
Derwin Williams,"https://static.www.nfl.com/image/private/f_auto,q_auto/league/qnw0qqbcpwsmbx7hndlc"
Deshaun Watson,"https://static.www.nfl.com/image/private/f_auto,q_auto/league/otfs2docj6eahaebo5xn"
Desmond Clark,"https://static.www.nfl.com/image/private/f_auto,q_auto/league/g9lsnunxeacqezoeq7pk"
Desmond Howard,"https://static.www.nfl.com/image/private/f_auto,q_auto/league/lplsoxpz5hxr7yy1td9k"
Desmond Ridder,"https://static.www.nfl.com/image/upload/f_auto,q_auto/league/rhpusa7pfgd82d9ui6y7"
Detrez Newsome,"https://static.www.nfl.com/image/private/f_auto,q_auto/league/nxw9d9uxbh2qsyle689j"
Detron Smith,"https://static.www.nfl.com/image/private/f_auto,q_auto/league/mazglvfvumc1vrq0lw0s"
Deuce McAllister,"https://static.www.nfl.com/image/private/f_auto,q_auto/league/jvzk4fr8bxmzo0kjcjdf"
Deuce Vaughn,"https://static.www.nfl.com/image/upload/f_auto,q_auto/league/z8lnunc6vvq9qlnidaw3"
Devale Ellis,"https://static.www.nfl.com/image/private/f_auto,q_auto/league/qsusjs5rnggrion0ojel"
Devante Mays,"https://static.www.nfl.com/image/private/f_auto,q_auto/league/vkoqrkhn2aec7xg1mnih"
Devard Darling,"https://static.www.nfl.com/image/private/f_auto,q_auto/league/mclnv8pgxvkcobazg6lf"
Devaughn Vele,"https://static.www.nfl.com/image/upload/f_auto,q_auto/league/fa3dwsu8nxzkbf2knczm"
Deven Thompkins,"https://static.www.nfl.com/image/upload/f_auto,q_auto/league/hohgyaldfuylxqwnb8i2"
Devery Henderson,"https://static.www.nfl.com/image/private/f_auto,q_auto/league/rtheywtlw7yhso1da4bu"
Devin Aromashodu,"https://static.www.nfl.com/image/private/f_auto,q_auto/league/hfs3dxvebau20khe9vh9"
Devin Asiasi,"https://static.www.nfl.com/image/private/f_auto,q_auto/league/ag0lglz7kkq6d29iqxl8"
Devin Culp,"https://static.www.nfl.com/image/upload/f_auto,q_auto/league/e32gorf12yuyy6iyijt9"
Devin Duvernay,"https://static.www.nfl.com/image/upload/f_auto,q_auto/league/tj3t166iwsxbnyzxcyyl"
Devin Funchess,"https://static.www.nfl.com/image/private/f_auto,q_auto/league/j0q0lmao9tg0rbviax6z"
Devin Hester,"https://static.www.nfl.com/image/private/f_auto,q_auto/league/jtntm2ci9doez4qxbx0c"
Devin Neal,"https://static.www.nfl.com/image/upload/f_auto,q_auto/league/yqv7u0yb5toyhx1pnvku"
Devin Singletary,"https://static.www.nfl.com/image/upload/f_auto,q_auto/league/xy2r2msxjqneml2c1cdc"
Devin Smith,"https://static.www.nfl.com/image/private/f_auto,q_auto/league/sxvloat4tcr7e6eghply"
Devin Street,"https://static.www.nfl.com/image/private/f_auto,q_auto/league/y2xezm37npdrqvgrhuga"
Devin Thomas,"https://static.www.nfl.com/image/private/f_auto,q_auto/league/blk40lqgykitt6vuoixj"
Devine Ozigbo,"https://static.www.nfl.com/image/private/f_auto,q_auto/league/teht8fiw2mu5g8xmdoqm"
Devon Wylie,"https://static.www.nfl.com/image/private/f_auto,q_auto/league/lhhgyck4vwdss7wqufse"
Devonta Freeman,"https://static.www.nfl.com/image/private/f_auto,q_auto/league/vjhvfwypu1byxfo2uvki"
Devontae Booker,"https://static.www.nfl.com/image/private/f_auto,q_auto/league/y5fw68qxcmxykv1uchlo"
Devontez Walker,"https://static.www.nfl.com/image/upload/f_auto,q_auto/league/x3x3k5ispk44ms0f7vrv"
Dexter Bussey,"https://static.www.nfl.com/image/private/f_auto,q_auto/league/mynjggmpx7me7cukv6rw"
Dexter Carter,"https://static.www.nfl.com/image/private/f_auto,q_auto/league/m3mpjilu3poypskxfaje"
Dexter McCluster,"https://static.www.nfl.com/image/private/f_auto,q_auto/league/vawlifwslfzekg0e35ig"
Dez Bryant,"https://static.www.nfl.com/image/private/f_auto,q_auto/league/gvepdqkr998dbgfawn7e"
Dez Fitzpatrick,"https://static.www.nfl.com/image/upload/f_auto,q_auto/league/xmxepri7gjhhu6wbvsnm"
Dez White,"https://static.www.nfl.com/image/private/f_auto,q_auto/league/uca9a9fciufuogbpfq2v"
Dezmon Briscoe,"https://static.www.nfl.com/image/private/f_auto,q_auto/league/f1xww0epsgm18fwshdty"
Dezmon Patmon,"https://static.www.nfl.com/image/private/f_auto,q_auto/league/mqyc6dcbtujx7ioohpmv"
Dick Bass,
Dick Bielski,
Dick Compton,
Dick Gordon,"https://static.www.nfl.com/image/private/f_auto,q_auto/league/z1lz0gwdw20vqpdvoln6"
Dick Haley,
Dick Hoak,
Dick James,
Dick Lucas,
Dick Smith,
Dick Szymanski,
Dick Witcher,
Dickie Post,
Dietrich Jells,"https://static.www.nfl.com/image/private/f_auto,q_auto/league/mjwaemj7uzfuyooruuxn"
Dimitri Nance,"https://static.www.nfl.com/image/private/f_auto,q_auto/league/ocndsbfzcda3j3pivqtm"
Dino Hall,"https://static.www.nfl.com/image/private/f_auto,q_auto/league/zdme3wzby3ocngckpr8q"
Dino Philyaw,"https://static.www.nfl.com/image/private/f_auto,q_auto/league/s7qhdqfkmhgqz440e77v"
Dion Dawkins,"https://static.www.nfl.com/image/upload/f_auto,q_auto/league/je2zvakc2v5jrahxtq05"
Dion Lewis,"https://static.www.nfl.com/image/private/f_auto,q_auto/league/mvv0a1lqk90dscqn8uuj"
Dion Sims,"https://static.www.nfl.com/image/private/f_auto,q_auto/league/gvok1agdl3xtz9nceqfr"
Diontae Johnson,"https://static.www.nfl.com/image/upload/f_auto,q_auto/league/rjtil6ilydmwoy0btlt7"
Diontae Spencer,"https://static.www.nfl.com/image/private/f_auto,q_auto/league/lf3axvxomg2ktozc1rei"
Divine Deablo,"https://static.www.nfl.com/image/upload/f_auto,q_auto/league/epymgfknvbi0vbygiv4j"
Dokie Williams,"https://static.www.nfl.com/image/private/f_auto,q_auto/league/zd5ryslofca9fhhhubiu"
Domanick Williams,"https://static.www.nfl.com/image/private/f_auto,q_auto/league/mu7kp64coo3jeycmxota"
Domenik Hixon,"https://static.www.nfl.com/image/private/f_auto,q_auto/league/ygyaqjbpy8tp6tcbeflb"
Dominic Rhodes,"https://static.www.nfl.com/image/private/f_auto,q_auto/league/taziom9j7nf5gjezrmnr"
Dominique Byrd,"https://static.www.nfl.com/image/private/f_auto,q_auto/league/qebddzeylakr5m4ujjh8"
Dominique Dafney,"https://static.www.nfl.com/image/private/f_auto,q_auto/league/iualxf5bff0nuttmxkut"
Dominique Jones,"https://static.www.nfl.com/image/private/f_auto,q_auto/league/idkomraqkcnmkivkqjwk"
Dominique Thompson,"https://static.www.nfl.com/image/private/f_auto,q_auto/league/l0ao2hlkmgupxrb9k6ao"
Dominique Zeigler,"https://static.www.nfl.com/image/private/f_auto,q_auto/league/ibolhldeob3w9qi2fqtk"
Don Alley,
Don Bass,"https://static.www.nfl.com/image/private/f_auto,q_auto/league/eilvpbo3bcvpw8gwd3or"
Don Beebe,"https://static.www.nfl.com/image/private/f_auto,q_auto/league/nzlopjkas8m5eediym9r"
Don Bosseler,
Don Buckey,"https://static.www.nfl.com/image/private/f_auto,q_auto/league/dzgmdvja3jy4qogt5idv"
Don Burchfield,
Don Calhoun,"https://static.www.nfl.com/image/private/f_auto,q_auto/league/mmrjd435bho0bvmcjvpy"
Don Clune,"https://static.www.nfl.com/image/private/f_auto,q_auto/league/ko6uewbydhuuasgev7oa"
Don Hardeman,"https://static.www.nfl.com/image/private/f_auto,q_auto/league/bfjjzsf1iughrl2gjwjt"
Don Hasselbeck,"https://static.www.nfl.com/image/private/f_auto,q_auto/league/x8etmam0wfxuyp6os5pk"
Don Herrmann,"https://static.www.nfl.com/image/private/f_auto,q_auto/league/aj8urskz3ayhxlctduhn"
Don Highsmith,
Don Holmes,"https://static.www.nfl.com/image/private/f_auto,q_auto/league/bmu0abmgepiylv7pirbz"
Don Kern,"https://static.www.nfl.com/image/private/f_auto,q_auto/league/xygjh3gyoqsi8qtx4hxd"
Don Kindt,"https://static.www.nfl.com/image/private/f_auto,q_auto/league/zbtay1jfaofymoxvhoyb"
Don Lisbon,
Don Maynard,
Don McCall,
Don McCauley,"https://static.www.nfl.com/image/private/f_auto,q_auto/league/tv3f6osain0wrr7dp6bg"
Don McIlhenny,
Don Nottingham,"https://static.www.nfl.com/image/private/f_auto,q_auto/league/vpxvn1k38nyezvjhjgwg"
Don Overton,"https://static.www.nfl.com/image/private/f_auto,q_auto/league/thiz2bipkhfdiqbj46ci"
Don Perkins,
Don Shy,
Don Smith,"https://static.www.nfl.com/image/private/f_auto,q_auto/league/nds6vhe8rbt6gaiqtt5r"
Don Summers,"https://static.www.nfl.com/image/private/f_auto,q_auto/league/gxymhcj1zebjyba7tlfm"
Don Testerman,"https://static.www.nfl.com/image/private/f_auto,q_auto/league/di6zboipa6afgnfogbf1"
Don Warren,"https://static.www.nfl.com/image/private/f_auto,q_auto/league/wcabs11zkwaq9eaxzbj3"
Don Westbrook,
Don Woods,"https://static.www.nfl.com/image/private/f_auto,q_auto/league/d3pfemuynpi8vth458sv"
Don Zimmerman,"https://static.www.nfl.com/image/private/f_auto,q_auto/league/yfdtzcxyiiq8ptmmpvhw"
Donald Brown,"https://static.www.nfl.com/image/private/f_auto,q_auto/league/shuzv9hi421ip4zllqly"
Donald Driver,"https://static.www.nfl.com/image/private/f_auto,q_auto/league/meghf1spsre8cqmyobo7"
Donald Hayes,"https://static.www.nfl.com/image/private/f_auto,q_auto/league/hveufttffdrcsevdxy2j"
Donald Jones,"https://static.www.nfl.com/image/private/f_auto,q_auto/league/afnjsy8fijf4hiubsyoo"
Donald Jordan,"https://static.www.nfl.com/image/private/f_auto,q_auto/league/mf1nadssgahr41l3s1sw"
Donald Lee,"https://static.www.nfl.com/image/private/f_auto,q_auto/league/xxaj9gnomfvyvyqksvfx"
Donald Parham,"https://static.www.nfl.com/image/upload/f_auto,q_auto/league/v4ryz7edi35hnbogbqjt"
Donald Penn,"https://static.www.nfl.com/image/private/f_auto,q_auto/league/lbarhx9omymxl236etax"
Dondre Gilliam,"https://static.www.nfl.com/image/private/f_auto,q_auto/league/ffiyfrgrrar5h4swkaqw"
Donnell Bennett,"https://static.www.nfl.com/image/private/f_auto,q_auto/league/sjugjsobqac1s5w7syhr"
Donnie Avery,"https://static.www.nfl.com/image/private/f_auto,q_auto/league/bmknyivfp6aevb6yrm1m"
Donnie Craft,"https://static.www.nfl.com/image/private/f_auto,q_auto/league/oet47mgkxpid4cdqgonr"
Donnie Davis,
Donnie Green,"https://static.www.nfl.com/image/private/f_auto,q_auto/league/hdeehi9qdhijqtdb88nd"
Donnie Nickey,"https://static.www.nfl.com/image/private/f_auto,q_auto/league/e7ashtlkw3pdcyxko9u1"
Donnie Shell,"https://static.www.nfl.com/image/private/f_auto,q_auto/league/rycwahqk4mmbjqrux4cx"
Donnie Williams,
Donny Anderson,"https://static.www.nfl.com/image/private/f_auto,q_auto/league/igxygw54r1jkdcklviht"
Donovan McNabb,"https://static.www.nfl.com/image/private/f_auto,q_auto/league/wd6jjtwdweq7v3ya2pet"
Donovan Morgan,"https://static.www.nfl.com/image/private/f_auto,q_auto/league/cvcerxloxm7oyo7igmwn"
Donovan Peoples-Jones,"https://static.www.nfl.com/image/upload/f_auto,q_auto/league/sgfgvm2myyrntnmiqojk"
Donovan Smith,"https://static.www.nfl.com/image/private/f_auto,q_auto/league/iivzp0ofngoslzvvb46q"
Dont'e Thornton Jr.,"https://static.www.nfl.com/image/upload/f_auto,q_auto/league/hlxztd3lpjaxtzojuxwh"
Dontayvion Wicks,"https://static.www.nfl.com/image/upload/f_auto,q_auto/league/v1lt8kpvkn0qw5elyaoz"
Donte Moncrief,"https://static.www.nfl.com/image/private/f_auto,q_auto/league/f7p1ufvbhedqf96d0i0r"
Donte' Stallworth,"https://static.www.nfl.com/image/private/f_auto,q_auto/league/ahqsd0htfjlwpgrd5ot8"
Donteea Dye,"https://static.www.nfl.com/image/private/f_auto,q_auto/league/fsdl4ssnmvwdec6uoafu"
Dontrell Hilliard,"https://static.www.nfl.com/image/private/f_auto,q_auto/league/ukhyslngeuojxkjqfq9f"
Dontrelle Inman,"https://static.www.nfl.com/image/private/f_auto,q_auto/league/ankqlmlhk3orbiztqott"
Dorial Green-Beckham,"https://static.www.nfl.com/image/private/f_auto,q_auto/league/jyrzrpb37ybd9feblt3m"
Dorin Dickerson,"https://static.www.nfl.com/image/private/f_auto,q_auto/league/rzyr56chrrn9v5xjjvmd"
Dorsey Levens,"https://static.www.nfl.com/image/private/f_auto,q_auto/league/sfuocpcy2nem6bllgiri"
Doug Baldwin,"https://static.www.nfl.com/image/private/f_auto,q_auto/league/kccmcttfdtl7m3g49vb8"
Doug Buffone,"https://static.www.nfl.com/image/private/f_auto,q_auto/league/zgbryeyz8ssmfasmjq71"
Doug Chapman,"https://static.www.nfl.com/image/private/f_auto,q_auto/league/n5q3mszqaarnmontxgf3"
Doug Cosbie,"https://static.www.nfl.com/image/private/f_auto,q_auto/league/c662iu41klw5muhmirua"
Doug Cunningham,"https://static.www.nfl.com/image/private/f_auto,q_auto/league/gnn8l4kvwarcn0wx7gt2"
Doug Dennison,"https://static.www.nfl.com/image/private/f_auto,q_auto/league/ucjwqfqgamv7bjhsr6av"
Doug Dieken,"https://static.www.nfl.com/image/private/f_auto,q_auto/league/ifkrjrr6hbul0strcxp6"
Doug Donley,"https://static.www.nfl.com/image/private/f_auto,q_auto/league/xv7n8gpbugdqlvxs76tb"
Doug Dressler,"https://static.www.nfl.com/image/private/f_auto,q_auto/league/yrbaonkb5fqyjj5iax0g"
Doug DuBose,"https://static.www.nfl.com/image/private/f_auto,q_auto/league/ivgviq3nwgaiclaozlmw"
Doug Easlick,"https://static.www.nfl.com/image/private/f_auto,q_auto/league/u10mqpbqdisdkh7eypyt"
Doug Gabriel,"https://static.www.nfl.com/image/private/f_auto,q_auto/league/bjzy3eviwkv64dyzc6cp"
Doug Jolley,"https://static.www.nfl.com/image/private/f_auto,q_auto/league/rszbfahxz1ydshsl24q5"
Doug Kingsriter,"https://static.www.nfl.com/image/private/f_auto,q_auto/league/xfvqksdhjenyygbzu3uj"
Doug Kotar,"https://static.www.nfl.com/image/private/f_auto,q_auto/league/fb7fqohsjbwyqy68djdj"
Doug Marsh,"https://static.www.nfl.com/image/private/f_auto,q_auto/league/wrxxqaixxlspjflqxxri"
Doug Martin,"https://static.www.nfl.com/image/private/f_auto,q_auto/league/lhazttk4tjpi7ggf7du4"
Doug Mayberry,
Doug Paschal,"https://static.www.nfl.com/image/private/f_auto,q_auto/league/zkjtylkffffljfivrzvu"
Doug Thomas,"https://static.www.nfl.com/image/private/f_auto,q_auto/league/u7wzoghkfs5jimjzp14t"
Doug Wellsandt,"https://static.www.nfl.com/image/private/f_auto,q_auto/league/vzayjrxqbf3eat5cnrft"
Doug Widell,"https://static.www.nfl.com/image/private/f_auto,q_auto/league/sagt1cgrj4wqjbvixtv5"
Doug Winslow,"https://static.www.nfl.com/image/private/f_auto,q_auto/league/g3lpi5yqn5rocjfyuhlr"
Douglas Cunningham,"https://static.www.nfl.com/image/private/f_auto,q_auto/league/axinqj2gwysllz7ufcpp"
Drake Dabney,"https://static.www.nfl.com/image/upload/f_auto,q_auto/league/olsiufbauh2x6pshrygm"
Drake London,"https://static.www.nfl.com/image/upload/f_auto,q_auto/league/mcllowcfrmmdeo4zy3g1"
Drake Maye,"https://static.www.nfl.com/image/upload/f_auto,q_auto/league/s1nmoon2xnrc3bnyulv4"
Drew Bennett,"https://static.www.nfl.com/image/private/f_auto,q_auto/league/xztlttrhxqekjfl6xk93"
Drew Bledsoe,"https://static.www.nfl.com/image/private/f_auto,q_auto/league/asbipakyrn90khbmi7xo"
Drew Brees,"https://static.www.nfl.com/image/private/f_auto,q_auto/league/bt6nv11jgsirnuymookt"
Drew Buie,
Drew Carter,"https://static.www.nfl.com/image/private/f_auto,q_auto/league/wpyzsurzztzycm2vljkt"
Drew Davis,"https://static.www.nfl.com/image/private/f_auto,q_auto/league/tvkufylarqpg0meqnqcs"
Drew Haddad,"https://static.www.nfl.com/image/private/f_auto,q_auto/league/qpkh1wsxljtnjaiixszo"
Drew Hill,"https://static.www.nfl.com/image/private/f_auto,q_auto/league/socupvhqhg0lvquxfn8p"
Drew Lock,"https://static.www.nfl.com/image/upload/f_auto,q_auto/league/vdixnkk1uglfpwowalf8"
Drew Pearson,"https://static.www.nfl.com/image/private/f_auto,q_auto/league/j4qa2jefavaeprnvnxze"
Drew Sample,"https://static.www.nfl.com/image/upload/f_auto,q_auto/league/mmxrr2k7gdfowqpyxtr7"
Dri Archer,"https://static.www.nfl.com/image/private/f_auto,q_auto/league/gcvdndgayu8it5mzvs4d"
DuJuan Harris,"https://static.www.nfl.com/image/private/f_auto,q_auto/league/bm9b6aulywolcwjqjcpo"
Duane Allen,
Duane Thomas,"https://static.www.nfl.com/image/private/f_auto,q_auto/league/z6zigr1gtluqzjviapb1"
Duane Young,"https://static.www.nfl.com/image/private/f_auto,q_auto/league/k77yj6iasg8y9nr5jqog"
Duce Staley,"https://static.www.nfl.com/image/private/f_auto,q_auto/league/izbeawj2abiogsozoygr"
Duke Calhoun,"https://static.www.nfl.com/image/private/f_auto,q_auto/league/hnyrnq7nwlbpsmiwwd50"
Duke Fergerson,"https://static.www.nfl.com/image/private/f_auto,q_auto/league/w8urzrskvmbpo8pxmres"
Duke Johnson,"https://static.www.nfl.com/image/private/f_auto,q_auto/league/hf7lxjjesduggqdfktsg"
Duke Williams,"https://static.www.nfl.com/image/private/f_auto,q_auto/league/mex8kxfkvddls48d6j26"
Durham Smythe,"https://static.www.nfl.com/image/upload/f_auto,q_auto/league/pwcuy1ntmris98x8xmxi"
Duriel Harris,"https://static.www.nfl.com/image/private/f_auto,q_auto/league/daftz0dbnkmvcyl5ccrc"
Dustin Keller,"https://static.www.nfl.com/image/private/f_auto,q_auto/league/vbxamjhkbclgfcgrcmfb"
Dustin Lyman,"https://static.www.nfl.com/image/private/f_auto,q_auto/league/p7vuofgake9c2eozortt"
Dwayne Allen,"https://static.www.nfl.com/image/private/f_auto,q_auto/league/wduwt0ibzoutozuywe4b"
Dwayne Blakley,"https://static.www.nfl.com/image/private/f_auto,q_auto/league/qoa4rwjwaw9zdbm5zver"
Dwayne Bowe,"https://static.www.nfl.com/image/private/f_auto,q_auto/league/ihvktvkw198qeclu6mtk"
Dwayne Carswell,"https://static.www.nfl.com/image/private/f_auto,q_auto/league/xuse1m2bepq6y1t9gcnj"
Dwayne Crutchfield,"https://static.www.nfl.com/image/private/f_auto,q_auto/league/mferg8gwzcpt5f8milva"
Dwayne Dixon,"https://static.www.nfl.com/image/private/f_auto,q_auto/league/ywfoipgktekdriiaaamy"
Dwayne Harris,"https://static.www.nfl.com/image/private/f_auto,q_auto/league/cz34jefkstkm3mvjznvg"
Dwayne Jarrett,"https://static.www.nfl.com/image/private/f_auto,q_auto/league/ad7lwiigyrpzlofzo2kp"
Dwayne Washington,"https://static.www.nfl.com/image/private/f_auto,q_auto/league/h1nintlpbk2zyxerjpy4"
Dwayne Wright,"https://static.www.nfl.com/image/private/f_auto,q_auto/league/ioknmdz4lzzkrekcejvc"
Dwight Beverly,"https://static.www.nfl.com/image/private/f_auto,q_auto/league/wp6xalxxqkswfjxuyfws"
Dwight Clark,"https://static.www.nfl.com/image/private/f_auto,q_auto/league/zzqgj9w7by4f8bn2bisg"
Dwight Collins,"https://static.www.nfl.com/image/private/f_auto,q_auto/league/hsxgy9euvlgbf8ediwij"
Dwight Harrison,"https://static.www.nfl.com/image/private/f_auto,q_auto/league/otbztuf7hxvrjlw9ipvb"
Dwight McDonald,"https://static.www.nfl.com/image/private/f_auto,q_auto/league/eryz1tiumrciiwlfon6l"
Dwight Scales,"https://static.www.nfl.com/image/private/f_auto,q_auto/league/lhpspwwnak7yurccq3nj"
Dwight Stone,"https://static.www.nfl.com/image/private/f_auto,q_auto/league/gcisaxpznlmzy02cdsb5"
Dwight Walker,"https://static.www.nfl.com/image/private/f_auto,q_auto/league/mdo8f8lvratzkbmmaont"
Dyami Brown,"https://static.www.nfl.com/image/upload/f_auto,q_auto/league/addv9eheok1jj7amfkpb"
Dylan Drummond,"https://static.www.nfl.com/image/upload/f_auto,q_auto/league/xyexcy7ur9nscytyhinx"
Dylan Laube,"https://static.www.nfl.com/image/upload/f_auto,q_auto/league/lpizdza73bgksstymv5t"
Dylan Sampson,"https://static.www.nfl.com/image/upload/f_auto,q_auto/league/den1hzzomdxfcsgk88o5"
E.G. Green,"https://static.www.nfl.com/image/private/f_auto,q_auto/league/jtbcqmdmlas1cq5kuck8"
E.J. Bibbs,"https://static.www.nfl.com/image/private/f_auto,q_auto/league/lvc2ffs7bbxbkvyciibj"
E.J. Jenkins,"https://static.www.nfl.com/image/upload/f_auto,q_auto/league/jmhuk0gcnyotcjhdxo6v"
E.J. Jones,"https://static.www.nfl.com/image/private/f_auto,q_auto/league/qlopxbg9nwjtcghjafwq"
Earl Bennett,"https://static.www.nfl.com/image/private/f_auto,q_auto/league/pmgfxtibnilokke025ac"
Earl Campbell,"https://static.www.nfl.com/image/private/f_auto,q_auto/league/svozyfy3gco5j6seywed"
Earl Carr,"https://static.www.nfl.com/image/private/f_auto,q_auto/league/xxtur6uflseddcfrljf5"
Earl Cooper,"https://static.www.nfl.com/image/private/f_auto,q_auto/league/jop1r0vhfgvlqcv3yp3p"
Earl Edwards,"https://static.www.nfl.com/image/private/f_auto,q_auto/league/cscpdevnbxjpkyuowsq6"
Earl Ferrell,"https://static.www.nfl.com/image/private/f_auto,q_auto/league/fbu6kwdblqjlrnxa3xmn"
Earl Gant,"https://static.www.nfl.com/image/private/f_auto,q_auto/league/uxs0eduveahgugavbv03"
Earl Gros,
Earl McCullouch,"https://static.www.nfl.com/image/private/f_auto,q_auto/league/xmxbw9mvoveizgjobcci"
Earl Thomas,"https://static.www.nfl.com/image/private/f_auto,q_auto/league/aj7wg6tykgo4puqyimgh"
Early Doucet,"https://static.www.nfl.com/image/private/f_auto,q_auto/league/egk4ozql2ba3cifswifo"
Earnest Byner,"https://static.www.nfl.com/image/private/f_auto,q_auto/league/yb7xgclmqv5l26cqogzg"
Earnest Graham,"https://static.www.nfl.com/image/private/f_auto,q_auto/league/qzmev6dpacggkawbipds"
Earnest Gray,"https://static.www.nfl.com/image/private/f_auto,q_auto/league/kmfjk0q9b5zcdvwkl1b0"
Earnest Hunter,"https://static.www.nfl.com/image/private/f_auto,q_auto/league/v2sexrehee9jg53lp6ep"
Earnest Jackson,"https://static.www.nfl.com/image/private/f_auto,q_auto/league/khkwbowglxejdt9zhrr1"
Eason Ramson,"https://static.www.nfl.com/image/private/f_auto,q_auto/league/ohbflu6qiu0lcpquot0k"
Easop Winston,"https://static.www.nfl.com/image/upload/f_auto,q_auto/league/qjqlxbgva6thln9lj9n5"
Ed Beckman,"https://static.www.nfl.com/image/private/f_auto,q_auto/league/hqnkswumohyys356lqf8"
Ed Brown,
Ed Dickson,"https://static.www.nfl.com/image/private/f_auto,q_auto/league/qtxat8xwaclkqfkj5lrq"
Ed Kovac,
Ed Marinaro,"https://static.www.nfl.com/image/private/f_auto,q_auto/league/p5ut4t6yrzboyf3nho9q"
Ed Marshall,"https://static.www.nfl.com/image/private/f_auto,q_auto/league/tqu5npjyffclqguy0idw"
Ed McCaffrey,"https://static.www.nfl.com/image/private/f_auto,q_auto/league/woek7ubvo99so2ninrs5"
Ed O'Neil,"https://static.www.nfl.com/image/private/f_auto,q_auto/league/uvnwlkuxbflbpvdqon1l"
Ed Perry,"https://static.www.nfl.com/image/private/f_auto,q_auto/league/ymddt8dmew65fqquycq7"
Ed Podolak,"https://static.www.nfl.com/image/private/f_auto,q_auto/league/sl6vc77msoeynqnvshlx"
Ed Schenk,"https://static.www.nfl.com/image/private/f_auto,q_auto/league/hrosb8svejhfhq1wou6a"
Ed Smith,"https://static.www.nfl.com/image/private/f_auto,q_auto/league/wgrlzqkandfdxigkzg2x"
Ed Sutton,
Ed Thomas,"https://static.www.nfl.com/image/private/f_auto,q_auto/league/j4wsahamdwmbv9kcjmev"
Ed Toner,"https://static.www.nfl.com/image/private/f_auto,q_auto/league/mkguvc897s6riwp3vl8j"
Ed Vereb,
Ed West,"https://static.www.nfl.com/image/private/f_auto,q_auto/league/tiztplomwmzyqvdjnici"
Ed Williams,"https://static.www.nfl.com/image/private/f_auto,q_auto/league/eyauqcmhkgj8chwo2hcv"
Eddie Bell,"https://static.www.nfl.com/image/private/f_auto,q_auto/league/ldpytabrum0gsu0xostl"
Eddie Berlin,"https://static.www.nfl.com/image/private/f_auto,q_auto/league/dwzx3ydjqvaocgqhd8ru"
Eddie Brown,"https://static.www.nfl.com/image/private/f_auto,q_auto/league/fhjtz0eze4ptsyzoih8d"
Eddie Chavis,"https://static.www.nfl.com/image/private/f_auto,q_auto/league/kmx9fogncfvobvb3wkwh"
Eddie Drummond,"https://static.www.nfl.com/image/private/f_auto,q_auto/league/gnxommvcmeqdemvrjpig"
Eddie Foster,"https://static.www.nfl.com/image/private/f_auto,q_auto/league/b1zkoo8klgchlzqfjxs8"
Eddie Fuller,"https://static.www.nfl.com/image/private/f_auto,q_auto/league/uyetspfuqyybddzo9cgo"
Eddie George,"https://static.www.nfl.com/image/private/f_auto,q_auto/league/htepvetwtvjnl3viu9af"
Eddie Hicks,"https://static.www.nfl.com/image/private/f_auto,q_auto/league/qssxhpzbhbso5gskmvqw"
Eddie Hill,"https://static.www.nfl.com/image/private/f_auto,q_auto/league/tzdmcss0ssf5qxpovewx"
Eddie Hinton,"https://static.www.nfl.com/image/private/f_auto,q_auto/league/e20k5qp5myhkms1ubf1u"
Eddie Kennison,"https://static.www.nfl.com/image/private/f_auto,q_auto/league/wh50rjege8ht41ht5yw9"
Eddie Lacy,"https://static.www.nfl.com/image/private/f_auto,q_auto/league/ckn4luxcj2oc2c24fh7i"
Eddie Lee Ivery,"https://static.www.nfl.com/image/private/f_auto,q_auto/league/fwx0ce258pvztzgnzrtl"
Eddie McGill,"https://static.www.nfl.com/image/private/f_auto,q_auto/league/nusdvlo623833fdonqoe"
Eddie Ray,"https://static.www.nfl.com/image/private/f_auto,q_auto/league/o3yvwifkxtgaws09gz4v"
Eddie Royal,"https://static.www.nfl.com/image/private/f_auto,q_auto/league/xoejgvlit9inmaazsvk4"
Edell Shepherd,"https://static.www.nfl.com/image/private/f_auto,q_auto/league/fzqtmk4wle1nbeljqxbx"
Edgar Bennett,"https://static.www.nfl.com/image/private/f_auto,q_auto/league/ypwsi8hiiycvtejvlbvr"
Edgar Jones,"https://static.www.nfl.com/image/private/f_auto,q_auto/league/qomqcmxxprbqmkp0nh23"
Edgerrin James,"https://static.www.nfl.com/image/private/f_auto,q_auto/league/g7i6v01dasbvebawxwdm"
Edwin Bailey,"https://static.www.nfl.com/image/private/f_auto,q_auto/league/hepj17eqasihwxvsm2xo"
Edwin Baker,"https://static.www.nfl.com/image/private/f_auto,q_auto/league/bs2vqotuhacmgldbwcoy"
Edwin Lovelady,"https://static.www.nfl.com/image/private/f_auto,q_auto/league/lpvtgzqeoy3tz6lhx1yk"
Efren Herrera,"https://static.www.nfl.com/image/private/f_auto,q_auto/league/aqt2iehjpgfiigmdfsb2"
Efton Chism III,"https://static.www.nfl.com/image/upload/f_auto,q_auto/league/zbnf3ujmwprzgjnwdtlo"
Elandon Roberts,"https://static.www.nfl.com/image/upload/f_auto,q_auto/league/niydmsknfdiu1zyivwso"
Eldra Buckley,"https://static.www.nfl.com/image/private/f_auto,q_auto/league/edkm79nx0y0k4yj3zv2h"
Eldridge Dickey,
Eli Rogers,"https://static.www.nfl.com/image/private/f_auto,q_auto/league/wj9e3uvudi1wvdsr0qdi"
Elic Ayomanor,"https://static.www.nfl.com/image/upload/f_auto,q_auto/league/jjmscqt6v4ecasveugoh"
Elijah Arroyo,"https://static.www.nfl.com/image/upload/f_auto,q_auto/league/m5rdyemjoxl4cuz9yun8"
Elijah Cooks,"https://static.www.nfl.com/image/upload/f_auto,q_auto/league/jdwpqogatij3pqncde1l"
Elijah Dotson,"https://static.www.nfl.com/image/upload/f_auto,q_auto/league/yx9vzbdqe6khlgdanbk3"
Elijah Higgins,"https://static.www.nfl.com/image/upload/f_auto,q_auto/league/qgvtaa0gekopg4ad6vqe"
Elijah McGuire,"https://static.www.nfl.com/image/private/f_auto,q_auto/league/hf6svwovhi83xfee214j"
Elijah Mitchell,"https://static.www.nfl.com/image/upload/f_auto,q_auto/league/xf383ph8bz6dpp0u9lcd"
Elijah Moore,"https://static.www.nfl.com/image/upload/f_auto,q_auto/league/wax90oyx9vs0x9j4nt5n"
Elijah Pitts,
Elijhaa Penny,"https://static.www.nfl.com/image/private/f_auto,q_auto/league/jiebuu94lu81xzneqrsf"
Elmer Bailey,"https://static.www.nfl.com/image/private/f_auto,q_auto/league/arwg8fmwo6syxxo70teg"
Elmo Wright,"https://static.www.nfl.com/image/private/f_auto,q_auto/league/tbuz6ceq8r1bgsi2jxt2"
Elois Grooms,"https://static.www.nfl.com/image/private/f_auto,q_auto/league/vp1ztbeclwwnmxwqmjw3"
Elroy Harris,"https://static.www.nfl.com/image/private/f_auto,q_auto/league/pyocchmgz99ly7sw8sz4"
Elvis Joseph,"https://static.www.nfl.com/image/private/f_auto,q_auto/league/vxhkwilgu3nakeyxk6gl"
Elvis Patterson,"https://static.www.nfl.com/image/private/f_auto,q_auto/league/smihdmtkipp7xglm9gi7"
Elvis Peacock,"https://static.www.nfl.com/image/private/f_auto,q_auto/league/qkjyteriotkbhjpmlsq2"
Emanuel Byrd,"https://static.www.nfl.com/image/private/f_auto,q_auto/league/zjib7pwkvetor37oqw8v"
Emanuel Wilson,"https://static.www.nfl.com/image/upload/f_auto,q_auto/league/uorruvczsxzvffpbxu8z"
Emanuel Zanders,"https://static.www.nfl.com/image/private/f_auto,q_auto/league/rjaws2u0uwpdk5opf9p8"
Emari Demercado,"https://static.www.nfl.com/image/upload/f_auto,q_auto/league/wu0sm9ttr4aiugi9fquf"
Emeka Egbuka,"https://static.www.nfl.com/image/upload/f_auto,q_auto/league/z224kbzs62rjuykc0vha"
Emerson Boozer,"https://static.www.nfl.com/image/private/f_auto,q_auto/league/kjnqbuefsrffzg5jhwiz"
Emery Moorehead,"https://static.www.nfl.com/image/private/f_auto,q_auto/league/bsloik0nr27udtkhpuok"
Emile Harry,"https://static.www.nfl.com/image/private/f_auto,q_auto/league/e4at938xcnarolzathar"
Emmanuel Arceneaux,"https://static.www.nfl.com/image/private/f_auto,q_auto/league/moefay2zhclmfcsq8cfi"
Emmanuel Sanders,"https://static.www.nfl.com/image/private/f_auto,q_auto/league/potkibjtm855tsawozs0"
Emmett Edwards,"https://static.www.nfl.com/image/private/f_auto,q_auto/league/iaddxekiabykhrjs9qs4"
Emmitt Smith,"https://static.www.nfl.com/image/private/f_auto,q_auto/league/ub78gyoyi3x1wlaow49n"
Eno Benjamin,"https://static.www.nfl.com/image/private/f_auto,q_auto/league/ibizpqkleka4az4mprvz"
Eppie Barney,
Equanimeous St. Brown,"https://static.www.nfl.com/image/upload/f_auto,q_auto/league/yqojuedjvxtydgd9tgpr"
Ereck Flowers,"https://static.www.nfl.com/image/private/f_auto,q_auto/league/dui4nltkl7uzpgeiguld"
Eric Bailey,"https://static.www.nfl.com/image/private/f_auto,q_auto/league/p03anzlttms95djiezgq"
Eric Ball,"https://static.www.nfl.com/image/private/f_auto,q_auto/league/dptblfslfwnrtu6lhxsi"
Eric Beverly,"https://static.www.nfl.com/image/private/f_auto,q_auto/league/cczmo9dxaxxgt1msqgjk"
Eric Bieniemy,"https://static.www.nfl.com/image/private/f_auto,q_auto/league/ht262xobhq7ecc6pmojf"
Eric Bjornson,"https://static.www.nfl.com/image/private/f_auto,q_auto/league/xoidrz5pio1s2iq4xclv"
Eric Blount,"https://static.www.nfl.com/image/private/f_auto,q_auto/league/c4oxldfqnc1bnl07pozx"
Eric Brown,"https://static.www.nfl.com/image/private/f_auto,q_auto/league/lkgb7gbusj80vyf6o81u"
Eric Crabtree,
Eric Decker,"https://static.www.nfl.com/image/private/f_auto,q_auto/league/jg5ftnvxz4jdiajzeoyn"
Eric Dickerson,"https://static.www.nfl.com/image/private/f_auto,q_auto/league/jhnq2bvn8ryvxiwlfhk8"
Eric Ebron,"https://static.www.nfl.com/image/private/f_auto,q_auto/league/uaxsxymncppase7ihczd"
Eric Edwards,"https://static.www.nfl.com/image/private/f_auto,q_auto/league/htcbsnclcamcuh8jygxa"
Eric Fisher,"https://static.www.nfl.com/image/private/f_auto,q_auto/league/ztwpjz1jdxa9w67ll6h4"
Eric Gray,"https://static.www.nfl.com/image/upload/f_auto,q_auto/league/ijjxwxv1ccyowzhpuw2k"
Eric Green,"https://static.www.nfl.com/image/private/f_auto,q_auto/league/pq08efgj1t149rtjoizt"
Eric Guliford,"https://static.www.nfl.com/image/private/f_auto,q_auto/league/vh5iwwicesy3clknqq7x"
Eric Johnson,"https://static.www.nfl.com/image/private/f_auto,q_auto/league/nzmj7kfpoxygzf2r2ult"
Eric Kattus,"https://static.www.nfl.com/image/private/f_auto,q_auto/league/w3akmik7btfmdcgns5uk"
Eric Lane,"https://static.www.nfl.com/image/private/f_auto,q_auto/league/ds4cju0lrpjyevok0wrv"
Eric Lynch,"https://static.www.nfl.com/image/private/f_auto,q_auto/league/v5naizmrtbmzrjaurdom"
Eric Martin,"https://static.www.nfl.com/image/private/f_auto,q_auto/league/fhpdnjqrck3wusybqz9f"
Eric McCoo,"https://static.www.nfl.com/image/private/f_auto,q_auto/league/qpjzihr3agheccubkh2u"
Eric Metcalf,"https://static.www.nfl.com/image/private/f_auto,q_auto/league/rtb4zaiesb4liauhju9c"
Eric Moulds,"https://static.www.nfl.com/image/private/f_auto,q_auto/league/zsgfiuckq4ha4j39dyue"
Eric Mullins,"https://static.www.nfl.com/image/private/f_auto,q_auto/league/aiovwuroumfklon2hx07"
Eric Page,"https://static.www.nfl.com/image/private/f_auto,q_auto/league/dzjjftetksqfyu5slz7o"
Eric Parker,"https://static.www.nfl.com/image/private/f_auto,q_auto/league/tlwtp9cu5ypt5mrb1jf3"
Eric Richardson,"https://static.www.nfl.com/image/private/f_auto,q_auto/league/mbiwhd4w14h6q6yk4xww"
Eric Riley,"https://static.www.nfl.com/image/private/f_auto,q_auto/league/kldoicxxsp98ye3pebnf"
Eric Saubert,"https://static.www.nfl.com/image/upload/f_auto,q_auto/league/czzieyox5rht6ae3g5tx"
Eric Shelton,"https://static.www.nfl.com/image/private/f_auto,q_auto/league/rhnpbsgdziecvxmuufuw"
Eric Sievers,"https://static.www.nfl.com/image/private/f_auto,q_auto/league/wy2fwgtut1e5scsyb5ib"
Eric Smith,"https://static.www.nfl.com/image/private/f_auto,q_auto/league/vascupbk8az4fxmcpy5y"
Eric Streater,"https://static.www.nfl.com/image/private/f_auto,q_auto/league/l5djdk4qpybbgd2mimfp"
Eric Tomlinson,"https://static.www.nfl.com/image/upload/f_auto,q_auto/league/i2n4shhc4sprxbsbhfcy"
Eric Torkelson,"https://static.www.nfl.com/image/private/f_auto,q_auto/league/rzakfwisbgtwqedgppe2"
Eric Truvillion,"https://static.www.nfl.com/image/private/f_auto,q_auto/league/jyxxjyhzw0wdqxrhehqf"
Eric Weems,"https://static.www.nfl.com/image/private/f_auto,q_auto/league/kptsfekcpfukewtim9kz"
Eric Wright,"https://static.www.nfl.com/image/private/f_auto,q_auto/league/zcciylylqt9er3r8tb70"
Eric Yarber,"https://static.www.nfl.com/image/private/f_auto,q_auto/league/suyxqiofwcsgwwzxqbfa"
Erich Barnes,
Erick All,"https://static.www.nfl.com/image/upload/f_auto,q_auto/league/ifkhcxze7lnxkpzjvsmk"
Erik Affholter,"https://static.www.nfl.com/image/private/f_auto,q_auto/league/ow4ncwkijefeewsriext"
Erik Ezukanma,"https://static.www.nfl.com/image/upload/f_auto,q_auto/league/jlhjonsu8idqrcj6tune"
Erik Lorig,"https://static.www.nfl.com/image/private/f_auto,q_auto/league/wsiio23oikmssvftggbu"
Erik Norgard,"https://static.www.nfl.com/image/private/f_auto,q_auto/league/ahhqm2cvupyxzfkhvkac"
Erik Swoope,"https://static.www.nfl.com/image/private/f_auto,q_auto/league/lgucz1buzapjyv92e7tj"
Ernest Givins,"https://static.www.nfl.com/image/private/f_auto,q_auto/league/zkvwfhaul3crsorbnrdq"
Ernest Pough,"https://static.www.nfl.com/image/private/f_auto,q_auto/league/tqwugptfzvxp6mkgso3w"
Ernest Wilford,"https://static.www.nfl.com/image/private/f_auto,q_auto/league/vq47ffxrqyi3t7stkogl"
Ernie Conwell,"https://static.www.nfl.com/image/private/f_auto,q_auto/league/rtb7sinjaratqbw4zjpn"
Ernie Green,
Ernie Jones,"https://static.www.nfl.com/image/private/f_auto,q_auto/league/vb6p6xi9drydfvpz3ukc"
Ernie Koy,
Ernie Mills,"https://static.www.nfl.com/image/private/f_auto,q_auto/league/b7nmfhudprwoh3ttmdyc"
Ernie Thompson,"https://static.www.nfl.com/image/private/f_auto,q_auto/league/vdsbh5jcld6p498g5ts9"
Ernie Wheelwright,"https://static.www.nfl.com/image/private/f_auto,q_auto/league/m55gaoyxyyuk7kywb6zg"
Erric Pegram,"https://static.www.nfl.com/image/private/f_auto,q_auto/league/gpcbjjmbxaexpzimpkgw"
Errict Rhett,"https://static.www.nfl.com/image/private/f_auto,q_auto/league/cbybojhyxejpmwmftyn8"
Erron Kinney,"https://static.www.nfl.com/image/private/f_auto,q_auto/league/hzpribntmdwl1knjrdxy"
Erwin Williams,
Essex Johnson,"https://static.www.nfl.com/image/private/f_auto,q_auto/league/cxcs6kvz8axno2c2gfci"
Ethan Horton,"https://static.www.nfl.com/image/private/f_auto,q_auto/league/h6hmzuszukaxxz9eumag"
Ethan Wolf,"https://static.www.nfl.com/image/private/f_auto,q_auto/league/axn5dxyd6e9jcixash1g"
Eugene Amano,"https://static.www.nfl.com/image/private/f_auto,q_auto/league/r4jvp114mb4e6t3kdyxj"
Eugene Baker,"https://static.www.nfl.com/image/private/f_auto,q_auto/league/xebdef6lvsokl0qzttfh"
Eugene Goodlow,"https://static.www.nfl.com/image/private/f_auto,q_auto/league/gqkcimrlqccf515muzcd"
Eugene Riley,"https://static.www.nfl.com/image/private/f_auto,q_auto/league/xeeeevhd3t7ejgw9qz1a"
Evan Engram,"https://static.www.nfl.com/image/upload/f_auto,q_auto/league/nucl2dxmpvhlywhyro8o"
Evan Hull,"https://static.www.nfl.com/image/upload/f_auto,q_auto/league/xyyujk9mvvzegaiefp51"
Evan Moore,"https://static.www.nfl.com/image/private/f_auto,q_auto/league/odr6gybx3rdemncpjh9j"
Evan Rodriguez,"https://static.www.nfl.com/image/private/f_auto,q_auto/league/d8codl7hnd25xr589mpr"
Evan Royster,"https://static.www.nfl.com/image/private/f_auto,q_auto/league/s0jqc6aiga9suvfs3fnf"
Everett Gay,"https://static.www.nfl.com/image/private/f_auto,q_auto/league/md3lbpckslzu7eyibjyq"
Ezekiel Elliott,"https://static.www.nfl.com/image/upload/f_auto,q_auto/league/d4yr6htg4dbs0bgcfqnd"
Fabien Bownes,"https://static.www.nfl.com/image/private/f_auto,q_auto/league/gemtrbecgdahfmnyathj"
Fair Hooker,"https://static.www.nfl.com/image/private/f_auto,q_auto/league/pmlasraxivw8s3bftfgh"
Feleipe Franks,"https://static.www.nfl.com/image/upload/f_auto,q_auto/league/nbn1wxlh6los4y2am3ro"
Felix Jones,"https://static.www.nfl.com/image/private/f_auto,q_auto/league/ngb1gmj8swqnvh6f9n3r"
Fendi Onobun,"https://static.www.nfl.com/image/private/f_auto,q_auto/league/hbtzhrh1wnrhiustq9gt"
Ferrell Edmunds,"https://static.www.nfl.com/image/private/f_auto,q_auto/league/gvkxhbiw7vtoo0grphuh"
Fitzgerald Toussaint,"https://static.www.nfl.com/image/private/f_auto,q_auto/league/rckiakioqzv7cjqaeg1d"
Flip Johnson,"https://static.www.nfl.com/image/private/f_auto,q_auto/league/bizh3hhw4udyo4uc8ukq"
Flipper Anderson,"https://static.www.nfl.com/image/private/f_auto,q_auto/league/wi8asapfckhlhtide0vz"
Florian Kempf,"https://static.www.nfl.com/image/private/f_auto,q_auto/league/f4ybw4ywjgc49xedoxwi"
Floyd Dixon,"https://static.www.nfl.com/image/private/f_auto,q_auto/league/veowtx65vqoqye3cna4h"
Floyd Eddings,"https://static.www.nfl.com/image/private/f_auto,q_auto/league/aeduzvkzctigudqyq8a1"
Floyd Hodge,"https://static.www.nfl.com/image/private/f_auto,q_auto/league/ur4gcoezv2bxiv2gumo6"
Floyd Little,"https://static.www.nfl.com/image/private/f_auto,q_auto/league/ojkvdxv5e5xisbxrosev"
Floyd Turner,"https://static.www.nfl.com/image/private/f_auto,q_auto/league/paltzzaicvssmczbo8rr"
Foster Moreau,"https://static.www.nfl.com/image/upload/f_auto,q_auto/league/daymhftrwf00siu0iviy"
Fozzy Whittaker,"https://static.www.nfl.com/image/private/f_auto,q_auto/league/lyk6elzqjynnxbxe6qlr"
Fran Lynch,"https://static.www.nfl.com/image/private/f_auto,q_auto/league/r3nx0u1prkvm8hytbe5j"
Franco Harris,"https://static.www.nfl.com/image/private/f_auto,q_auto/league/ajagqtwni1q9a0lcbzwq"
Frank Budd,
Frank Clarke,
Frank Darby,"https://static.www.nfl.com/image/private/f_auto,q_auto/league/ctfcyiif8irphwslbqur"
Frank Gifford,
Frank Gore,"https://static.www.nfl.com/image/private/f_auto,q_auto/league/gfuklcqmphmdy9ncwrdt"
Frank Grant,"https://static.www.nfl.com/image/private/f_auto,q_auto/league/ljnviufuvakqfyttjgtp"
Frank Hartley,"https://static.www.nfl.com/image/private/f_auto,q_auto/league/kaefvhger4vetbq0tqms"
Frank Hawkins,"https://static.www.nfl.com/image/private/f_auto,q_auto/league/haqw9l7ckh7lvqsxobp9"
Frank LeMaster,"https://static.www.nfl.com/image/private/f_auto,q_auto/league/tyjpna88vqgnjlw6io26"
Frank Lewis,"https://static.www.nfl.com/image/private/f_auto,q_auto/league/lmmh3fgdt3xu45gjssm0"
Frank Mestnik,
Frank Middleton,"https://static.www.nfl.com/image/private/f_auto,q_auto/league/crwidc1oqbjndi3ffb9y"
Frank Murphy,"https://static.www.nfl.com/image/private/f_auto,q_auto/league/ehonanckav2wbo2kx1cu"
Frank Pillow,"https://static.www.nfl.com/image/private/f_auto,q_auto/league/dd4lwjnvsdfzyxxd5a0c"
Frank Pitts,"https://static.www.nfl.com/image/private/f_auto,q_auto/league/dme3ntxummmigygn13xy"
Frank Pollard,"https://static.www.nfl.com/image/private/f_auto,q_auto/league/osvclb4mi0mzcrenduhh"
Frank Sanders,"https://static.www.nfl.com/image/private/f_auto,q_auto/league/v3rh05ps0k9d8wahpyxc"
Frank Summers,"https://static.www.nfl.com/image/private/f_auto,q_auto/league/ejcir2cyasryqe6im7my"
Frank Wainright,"https://static.www.nfl.com/image/private/f_auto,q_auto/league/c2w4lhzhlysopbmeuhev"
Frank Wycheck,"https://static.www.nfl.com/image/private/f_auto,q_auto/league/in369qjr6yktjab7p5dv"
Frankie Hammond,"https://static.www.nfl.com/image/private/f_auto,q_auto/league/ltfmkyja5eaw30hmnw9w"
Frankie Neal,"https://static.www.nfl.com/image/private/f_auto,q_auto/league/q90vu673czbsphkmq05h"
Fred Arbanas,
Fred Banks,"https://static.www.nfl.com/image/private/f_auto,q_auto/league/zu8p4ibs0lvt0nhreh35"
Fred Barnett,"https://static.www.nfl.com/image/private/f_auto,q_auto/league/ixrhtxztda3vyhkqlw2b"
Fred Baxter,"https://static.www.nfl.com/image/private/f_auto,q_auto/league/vizzpb6aucnrzpzynx9a"
Fred Beasley,"https://static.www.nfl.com/image/private/f_auto,q_auto/league/umrhfjqh3zwaqrj20h48"
Fred Biletnikoff,"https://static.www.nfl.com/image/private/f_auto,q_auto/league/twxofug0tyee97sp00vo"
Fred Brock,"https://static.www.nfl.com/image/private/f_auto,q_auto/league/wsmx1b8clhloc8vqgp42"
Fred Brown,"https://static.www.nfl.com/image/private/f_auto,q_auto/league/df5s8tviww78kjf1g8ed"
Fred Coleman,"https://static.www.nfl.com/image/private/f_auto,q_auto/league/wxib60xirbvygwgtrfri"
Fred Cornwell,"https://static.www.nfl.com/image/private/f_auto,q_auto/league/uxwdktgendp0e5hkvtyk"
Fred Davis,"https://static.www.nfl.com/image/private/f_auto,q_auto/league/pltz09tzc7tuypnqn5ce"
Fred Dugan,
Fred Hill,
Fred Hyatt,
Fred Jackson,"https://static.www.nfl.com/image/private/f_auto,q_auto/league/ibu4ltouiplhatsn4ptq"
Fred Jones,"https://static.www.nfl.com/image/private/f_auto,q_auto/league/owngokq8zznvc1yzkvwc"
Fred Lane,"https://static.www.nfl.com/image/private/f_auto,q_auto/league/mcdmcllputhvpddnzakq"
Fred Mazurek,
Fred McAfee,"https://static.www.nfl.com/image/private/f_auto,q_auto/league/axjze7yavslh4j3q8i3z"
Fred McCrary,"https://static.www.nfl.com/image/private/f_auto,q_auto/league/h2po9khghnwirifjrtht"
Fred Murphy,
Fred Nixon,"https://static.www.nfl.com/image/private/f_auto,q_auto/league/dgh1sptmgywnv1unvp8e"
Fred Pagac,"https://static.www.nfl.com/image/private/f_auto,q_auto/league/rt1z1acykggpgxhddr0u"
Fred Taylor,"https://static.www.nfl.com/image/private/f_auto,q_auto/league/hj3mtwjx0byr01a7463p"
Fred Wakefield,"https://static.www.nfl.com/image/private/f_auto,q_auto/league/fvkmz7po3f1ld4sjaq4j"
Fred Willis,"https://static.www.nfl.com/image/private/f_auto,q_auto/league/ljcrf0tz44gzimh6ib03"
Freddie Bradley,"https://static.www.nfl.com/image/private/f_auto,q_auto/league/lolkmkz9xo25foezc9pj"
Freddie Douglas,"https://static.www.nfl.com/image/private/f_auto,q_auto/league/iswwiku9ev8vj5yxfiat"
Freddie Jones,"https://static.www.nfl.com/image/private/f_auto,q_auto/league/gfqlhiqdcrxyuzbemvjw"
Freddie Martino,"https://static.www.nfl.com/image/private/f_auto,q_auto/league/ztiguqllxmcbjynsqwn9"
Freddie Mitchell,"https://static.www.nfl.com/image/private/f_auto,q_auto/league/rbnq3f5tf0ptqphbckkp"
Freddie Parker,
Freddie Scott,"https://static.www.nfl.com/image/private/f_auto,q_auto/league/bdjgfyfsibxmrbmecj4a"
Freddie Solomon,"https://static.www.nfl.com/image/private/f_auto,q_auto/league/q80s0ypa7n3mxykuk3jk"
Freddie Swain,"https://static.www.nfl.com/image/upload/f_auto,q_auto/league/ir3qlibvnweezkfabv50"
Freeman McNeil,"https://static.www.nfl.com/image/private/f_auto,q_auto/league/heaedw8ihtywzevb8wvg"
Freeman White,
Frisman Jackson,"https://static.www.nfl.com/image/private/f_auto,q_auto/league/dxefpjcoiavelb1qugue"
Gabe Davis,"https://static.www.nfl.com/image/upload/f_auto,q_auto/league/rlmgjtfct5qjtbwcjqg6"
Gabe Jackson,"https://static.www.nfl.com/image/private/f_auto,q_auto/league/ayii0hagj1u5f1kzuxqy"
Gabe Nabers,"https://static.www.nfl.com/image/private/f_auto,q_auto/league/dbxerjvfk8aqe26t0eny"
Gabe Reid,"https://static.www.nfl.com/image/private/f_auto,q_auto/league/jupjglp0gqdh3f4m7vvl"
Gabriel Davis,
Gage Larvadain,"https://static.www.nfl.com/image/upload/f_auto,q_auto/league/sivfugvzbbxrgkvxr5cb"
Gail Cogdill,
Gale Sayers,
Gardner Minshew II,
Gari Scott,"https://static.www.nfl.com/image/private/f_auto,q_auto/league/g1jig0lgv7rpadaxmhdm"
Garrett Bradbury,"https://static.www.nfl.com/image/upload/f_auto,q_auto/league/lpe4jgum1im7luvecrc4"
Garrett Celek,"https://static.www.nfl.com/image/private/f_auto,q_auto/league/hin5nyuakhpbngjhepty"
Garrett Graham,"https://static.www.nfl.com/image/private/f_auto,q_auto/league/f1su4sbfwyp4xp2iy3jj"
Garrett Griffin,"https://static.www.nfl.com/image/private/f_auto,q_auto/league/ss70hidq9xcteze3rdeg"
Garrett Limbrick,"https://static.www.nfl.com/image/private/f_auto,q_auto/league/d6tqvyxpxycg319kf8ne"
Garrett Mills,"https://static.www.nfl.com/image/private/f_auto,q_auto/league/uh9uukddxlh7znwh2jyu"
Garrett Wilson,"https://static.www.nfl.com/image/upload/f_auto,q_auto/league/upxwxmhdd8xluztgqwhe"
Garrett Wolfe,"https://static.www.nfl.com/image/private/f_auto,q_auto/league/glq6igwsbpcxp8jugtsd"
Garrison Hearst,"https://static.www.nfl.com/image/private/f_auto,q_auto/league/cskz5dnxqszembvw4mgb"
Garry Cobb,"https://static.www.nfl.com/image/private/f_auto,q_auto/league/indv09nrbnxdmguenm1b"
Garry James,"https://static.www.nfl.com/image/private/f_auto,q_auto/league/uyfhmr9wvmhietzzwboo"
Garry Lyle,"https://static.www.nfl.com/image/private/f_auto,q_auto/league/vehxb4focijdgtsxjbpl"
Gartrell Johnson,"https://static.www.nfl.com/image/private/f_auto,q_auto/league/zu59euhbar8chxycbsc5"
Gary Allen,"https://static.www.nfl.com/image/private/f_auto,q_auto/league/xryhq62iztd6ooutzeyj"
Gary Anderson,"https://static.www.nfl.com/image/private/f_auto,q_auto/league/emszawiplqkjhy0rwgmi"
Gary Arthur,
Gary Ballman,
Gary Banks,"https://static.www.nfl.com/image/private/f_auto,q_auto/league/hcyufueqdmop8dnumrn8"
Gary Barnes,
Gary Barnidge,"https://static.www.nfl.com/image/private/f_auto,q_auto/league/qhfzxti66ga02dok4etx"
Gary Beban,
Gary Brightwell,"https://static.www.nfl.com/image/upload/f_auto,q_auto/league/cwvxh10m5jw2gkbahtck"
Gary Brown,"https://static.www.nfl.com/image/private/f_auto,q_auto/league/bflqsfix92hrwlkgaxsh"
Gary Butler,"https://static.www.nfl.com/image/private/f_auto,q_auto/league/gk8uzafftvq11sz4f2gn"
Gary Clark,"https://static.www.nfl.com/image/private/f_auto,q_auto/league/xrwtecojststjlvqazke"
Gary Collins,
Gary Danielson,"https://static.www.nfl.com/image/private/f_auto,q_auto/league/vag08i1oekw4yvjxphto"
Gary Davis,"https://static.www.nfl.com/image/private/f_auto,q_auto/league/u0f9plssr6owllm38yrw"
Gary Downs,"https://static.www.nfl.com/image/private/f_auto,q_auto/league/qtzrxhtsegthoordmmcz"
Gary Ellerson,"https://static.www.nfl.com/image/private/f_auto,q_auto/league/rx1fis1s59rcklnay3gr"
Gary Garrison,"https://static.www.nfl.com/image/private/f_auto,q_auto/league/drhfcvbzpohtnme4uqx2"
Gary Hammond,"https://static.www.nfl.com/image/private/f_auto,q_auto/league/jgtvhtl3r7htp3vrjr09"
Gary Knafelc,
Gary Kosins,"https://static.www.nfl.com/image/private/f_auto,q_auto/league/lgoyowiqks4ysczuknto"
Gary Kubiak,"https://static.www.nfl.com/image/private/f_auto,q_auto/league/e9tkipvmkvz3zoopendk"
Gary Lee,"https://static.www.nfl.com/image/private/f_auto,q_auto/league/urzf3emv7qn4gdaohyzh"
Gary Lewis,"https://static.www.nfl.com/image/private/f_auto,q_auto/league/r9wuu8o1imqak66wqp85"
Gary Mullen,"https://static.www.nfl.com/image/private/f_auto,q_auto/league/whzxybcfymkbtxgbgvtl"
Gary Parris,"https://static.www.nfl.com/image/private/f_auto,q_auto/league/hrs8w2qq3yodfiylx31q"
Gary Plummer,"https://static.www.nfl.com/image/private/f_auto,q_auto/league/kwlmagykiovpep3xwy01"
Gary Russell,"https://static.www.nfl.com/image/private/f_auto,q_auto/league/k831yduw2lx797219drc"
Gary Shirk,"https://static.www.nfl.com/image/private/f_auto,q_auto/league/gvqjx6thxhvaadyyladj"
Gary Wellman,"https://static.www.nfl.com/image/private/f_auto,q_auto/league/vqlrb9htva4sommtytma"
Gary Wilkins,"https://static.www.nfl.com/image/private/f_auto,q_auto/league/qbu9q67rl5thh0ighggj"
Gaston Green,"https://static.www.nfl.com/image/private/f_auto,q_auto/league/qivwkmudjkfnxe5s0og7"
Gavin Escobar,"https://static.www.nfl.com/image/private/f_auto,q_auto/league/zpne5eocfe1wlkabs4gq"
Gayle Knief,
Gehrig Dieter,"https://static.www.nfl.com/image/private/f_auto,q_auto/league/ex3zzzxojejpl5rqskmq"
Gene Babb,
Gene Foster,
Gene Lang,"https://static.www.nfl.com/image/private/f_auto,q_auto/league/vox8eyj8btauhose5iuh"
Gene Moore,
Gene Taylor,"https://static.www.nfl.com/image/private/f_auto,q_auto/league/cmowi7zxcz7qy2wzjc5v"
Gene Washington,"https://static.www.nfl.com/image/private/f_auto,q_auto/league/icxvedzkjvb8lgl4ygco"
Geno Smith,"https://static.www.nfl.com/image/upload/f_auto,q_auto/league/zppfqqcyjfma14jjif3a"
Geoff Swaim,"https://static.www.nfl.com/image/upload/f_auto,q_auto/league/kecuhwgbqvlqt6gb0dz6"
George Adams,"https://static.www.nfl.com/image/private/f_auto,q_auto/league/az7w0uulag2praliusgu"
George Amundson,"https://static.www.nfl.com/image/private/f_auto,q_auto/league/g5nbhkyea1hjc9awvgln"
George Andrews,"https://static.www.nfl.com/image/private/f_auto,q_auto/league/ceqtgmtulqgvpvpcdnda"
George Fant,"https://static.www.nfl.com/image/upload/f_auto,q_auto/league/weyqunb0xlroc0uuydjg"
George Farmer,"https://static.www.nfl.com/image/private/f_auto,q_auto/league/ea2v279ll0rtucdw6rqs"
George Franklin,"https://static.www.nfl.com/image/private/f_auto,q_auto/league/e2a4ujswjyvo5g1cwxiw"
George Holani,"https://static.www.nfl.com/image/upload/f_auto,q_auto/league/pgwvv5qhcmnwf3tomy1a"
George Hughley,
George Jones,"https://static.www.nfl.com/image/private/f_auto,q_auto/league/mzwnxxg3zmvwjmhuubuf"
George Kittle,"https://static.www.nfl.com/image/upload/f_auto,q_auto/league/vkicdglglkyukgyxtmpx"
George Kunz,"https://static.www.nfl.com/image/private/f_auto,q_auto/league/xefpsfsescdm7n3teiq6"
George Layne,"https://static.www.nfl.com/image/private/f_auto,q_auto/league/phkj3tg1sswoiclzktpp"
George Martin,"https://static.www.nfl.com/image/private/f_auto,q_auto/league/zekzxk5hqy8gvdsdymr4"
George Nock,
George Pickens,"https://static.www.nfl.com/image/upload/f_auto,q_auto/league/cbpyykoguf7rsxezqzvk"
George Ragsdale,"https://static.www.nfl.com/image/private/f_auto,q_auto/league/umbf9co6jsykj97c2iz1"
George Rogers,"https://static.www.nfl.com/image/private/f_auto,q_auto/league/z3rsy4cg7zwa8gnlk0e7"
George Sauer,
George Thomas,"https://static.www.nfl.com/image/private/f_auto,q_auto/league/hzxiv2ykfpfipmtaouw3"
George Wonsley,"https://static.www.nfl.com/image/private/f_auto,q_auto/league/qyiq2yis2ulqdmhggmc8"
George Wrighster,"https://static.www.nfl.com/image/private/f_auto,q_auto/league/pkavuflboomz24zvs7zy"
Gerald Alphin,"https://static.www.nfl.com/image/private/f_auto,q_auto/league/cajmwrh1omnusk57hxul"
Gerald Carter,"https://static.www.nfl.com/image/private/f_auto,q_auto/league/q4db1hbxogakgrydotcz"
Gerald Christian,"https://static.www.nfl.com/image/private/f_auto,q_auto/league/vos6ydzcbbhbw6rawz7d"
Gerald Everett,"https://static.www.nfl.com/image/upload/f_auto,q_auto/league/aayw74rhaupmfnnikzak"
Gerald McNeil,"https://static.www.nfl.com/image/private/f_auto,q_auto/league/xfoarznekdqou2jo6sbi"
Gerald Riggs,"https://static.www.nfl.com/image/private/f_auto,q_auto/league/b95dwlkkxg4a63p4xz7d"
Gerald Tinker,"https://static.www.nfl.com/image/private/f_auto,q_auto/league/jcnrxwiyucwwbbs3l3ll"
Gerald White,"https://static.www.nfl.com/image/private/f_auto,q_auto/league/w30hyyaqljzdkk3ndxp6"
Gerald Willhite,"https://static.www.nfl.com/image/private/f_auto,q_auto/league/zjmqmpkrs9akb6ziwt7u"
Geremy Davis,"https://static.www.nfl.com/image/private/f_auto,q_auto/league/ftvcy4ugwn6ku7feex71"
Germane Crowell,"https://static.www.nfl.com/image/private/f_auto,q_auto/league/pbrzbrc3yf1hl1zokhqi"
Gern Nagler,
Geronimo Allison,"https://static.www.nfl.com/image/private/f_auto,q_auto/league/pngohl9rhrwyiaf7ywnz"
Gerry Allen,
Gerry Ellis,"https://static.www.nfl.com/image/private/f_auto,q_auto/league/h9ltxvlkbzbval2kkrbn"
Gerry Mullins,"https://static.www.nfl.com/image/private/f_auto,q_auto/league/gatm5yr3u5gy1fxy4wvj"
Gijon Robinson,"https://static.www.nfl.com/image/private/f_auto,q_auto/league/f9vlrpa2h8jt88ihzeey"
Gil Chapman,"https://static.www.nfl.com/image/private/f_auto,q_auto/league/ahcra2wuvhijhi10sayd"
Gilbert Harris,"https://static.www.nfl.com/image/private/f_auto,q_auto/league/azhpirzeyqlkqmoejyj5"
Gill Fenerty,"https://static.www.nfl.com/image/private/f_auto,q_auto/league/c7m6uno3i7nt25spnbpg"
Giovani Bernard,"https://static.www.nfl.com/image/private/f_auto,q_auto/league/guht9y14gftgsugb87xz"
Giovanni Ricci,"https://static.www.nfl.com/image/upload/f_auto,q_auto/league/irj1ejjmt0nvi1hlscr7"
Glen Bonner,"https://static.www.nfl.com/image/private/f_auto,q_auto/league/jxlazpss45mrsfi01tum"
Glen Coffee,"https://static.www.nfl.com/image/private/f_auto,q_auto/league/berychx1m7cowcm4nxwz"
Glen Kozlowski,"https://static.www.nfl.com/image/private/f_auto,q_auto/league/bq7plnfpkfcl1uwi7pw1"
Glen Young,"https://static.www.nfl.com/image/private/f_auto,q_auto/league/ghr5mottbss6fgvzervd"
Glenn Alexander,
Glenn Davis,
Glenn Dennison,"https://static.www.nfl.com/image/private/f_auto,q_auto/league/nyknz9mvzybb2sp1ecjx"
Glenn Doughty,"https://static.www.nfl.com/image/private/f_auto,q_auto/league/jbocccbjskpb1b7eawgu"
Glenn Foley,"https://static.www.nfl.com/image/private/f_auto,q_auto/league/mmg3wmyt52x7nvtkdbvy"
Glenn Glass,
Glenn Holt,"https://static.www.nfl.com/image/private/f_auto,q_auto/league/r9cq0f3pfy48wl0q5j6p"
Glenn Martinez,"https://static.www.nfl.com/image/private/f_auto,q_auto/league/nazmjcnjjtiq1aloogll"
Glenn Shaw,
Gloster Richardson,"https://static.www.nfl.com/image/private/f_auto,q_auto/league/nf4ttvna34bs97pvxa9m"
Glyn Milburn,"https://static.www.nfl.com/image/private/f_auto,q_auto/league/kk7n3rfpwoovefqdo8kl"
Glynn Gregory,
Glynn Harrison,"https://static.www.nfl.com/image/private/f_auto,q_auto/league/erdjheukuercdbqbvr9w"
Godwin Igwebuike,"https://static.www.nfl.com/image/private/f_auto,q_auto/league/d0jsvuhu4xwkyegnlauh"
Golden Richards,"https://static.www.nfl.com/image/private/f_auto,q_auto/league/di4vsdq3xjkgbyt095fr"
Golden Tate,"https://static.www.nfl.com/image/private/f_auto,q_auto/league/yfqebrp2o9t1gt1wqjku"
Gordie Smith,
Gordon Banks,"https://static.www.nfl.com/image/private/f_auto,q_auto/league/hrxmving8qeykepxf9uo"
Gordon Bell,"https://static.www.nfl.com/image/private/f_auto,q_auto/league/o4gyhralhefotymeyz9c"
Gordon Bowdell,
Gordon Hudson,"https://static.www.nfl.com/image/private/f_auto,q_auto/league/l8paa0fptxlydi4oclic"
Gordon Jones,"https://static.www.nfl.com/image/private/f_auto,q_auto/league/ameqo1hpljs9wswxfs1o"
Gordon Laro,"https://static.www.nfl.com/image/private/f_auto,q_auto/league/heokjh4r4w99cind3zxj"
Grant Calcaterra,"https://static.www.nfl.com/image/upload/f_auto,q_auto/league/inpyxw55sxo96shrt4si"
Grant DuBose,"https://static.www.nfl.com/image/upload/f_auto,q_auto/league/ytrkyhuvudbeuc90zuok"
Grant Feasel,"https://static.www.nfl.com/image/private/f_auto,q_auto/league/utexahzajngbuzxqhhoo"
Greg Baty,"https://static.www.nfl.com/image/private/f_auto,q_auto/league/wk7j3hpjkh9x0ybtxrac"
Greg Bell,"https://static.www.nfl.com/image/private/f_auto,q_auto/league/pwgknv82lzyx06iotxmw"
Greg Boykin,"https://static.www.nfl.com/image/private/f_auto,q_auto/league/thjpitugrxxlcyoq9yog"
Greg Brezina,"https://static.www.nfl.com/image/private/f_auto,q_auto/league/kzx3egf0gxinh8u52yra"
Greg Camarillo,"https://static.www.nfl.com/image/private/f_auto,q_auto/league/zugugljoxmiyzvlfmbfl"
Greg Clark,"https://static.www.nfl.com/image/private/f_auto,q_auto/league/d4ovub05z90rfmhcayga"
Greg Comella,"https://static.www.nfl.com/image/private/f_auto,q_auto/league/e70osgcsvfjjzvb87ney"
Greg DeLong,"https://static.www.nfl.com/image/private/f_auto,q_auto/league/rpqseejwrwvylk2fcmse"
Greg Dortch,"https://static.www.nfl.com/image/upload/f_auto,q_auto/league/pylafoddjiqh4rhjlhpf"
Greg Dulcich,"https://static.www.nfl.com/image/upload/f_auto,q_auto/league/kw4cwgjl4kywh6le4sfh"
Greg Estandia,"https://static.www.nfl.com/image/private/f_auto,q_auto/league/yaouq2qloioyskswcvkl"
Greg Hawthorne,"https://static.www.nfl.com/image/private/f_auto,q_auto/league/gn9ea43dgpn3x734ed0f"
Greg Hill,"https://static.www.nfl.com/image/private/f_auto,q_auto/league/p6tbsxmhyz9bypvhhrbu"
Greg Jennings,"https://static.www.nfl.com/image/private/f_auto,q_auto/league/jiemkcfkc893pfova8xv"
Greg Jones,"https://static.www.nfl.com/image/private/f_auto,q_auto/league/ksydsc7chyysjq0p0htj"
Greg LaFleur,"https://static.www.nfl.com/image/private/f_auto,q_auto/league/eqejnhk2jztwr8f1yup8"
Greg Lathan,"https://static.www.nfl.com/image/private/f_auto,q_auto/league/x9itnzbrlcziesdj6gqj"
Greg Latta,"https://static.www.nfl.com/image/private/f_auto,q_auto/league/zloybz6a0hrtacow8se6"
Greg Lewis,"https://static.www.nfl.com/image/private/f_auto,q_auto/league/fqaoya2vdsquz0jb1isr"
Greg Little,"https://static.www.nfl.com/image/private/f_auto,q_auto/league/gunq4pae9yx2zlfz7qil"
Greg McCrary,"https://static.www.nfl.com/image/private/f_auto,q_auto/league/r044kqeaj0g0zxpbltyf"
Greg McMurtry,"https://static.www.nfl.com/image/private/f_auto,q_auto/league/u5zn70p9q7sb2xccwnbr"
Greg Meehan,"https://static.www.nfl.com/image/private/f_auto,q_auto/league/ah2czuaoi64yaulchtww"
Greg Oliver,"https://static.www.nfl.com/image/private/f_auto,q_auto/league/zite3iabrcqom5enylga"
Greg Olsen,"https://static.www.nfl.com/image/private/f_auto,q_auto/league/jevf1bubmrv2vvmiwq3r"
Greg Paterra,"https://static.www.nfl.com/image/private/f_auto,q_auto/league/bytmblwb5ratep1uhpos"
Greg Primus,"https://static.www.nfl.com/image/private/f_auto,q_auto/league/sdxkbcojobnu3covw1ty"
Greg Pruitt,"https://static.www.nfl.com/image/private/f_auto,q_auto/league/kcfhqaxhwtew8qinlxxu"
Greg Robinson,"https://static.www.nfl.com/image/private/f_auto,q_auto/league/po4mxglpxhnlrkkfnmu8"
Greg Salas,"https://static.www.nfl.com/image/private/f_auto,q_auto/league/khz5y6n8bjartzhpz1pm"
Greg Sampson,"https://static.www.nfl.com/image/private/f_auto,q_auto/league/qqhhvt7lrmylug2yrlgn"
Greg Scales,"https://static.www.nfl.com/image/private/f_auto,q_auto/league/w0kmnazqiqllo70mnayl"
Greg Stemrick,"https://static.www.nfl.com/image/private/f_auto,q_auto/league/f3lam5rcbea8uxm7on9l"
Greg Ward,"https://static.www.nfl.com/image/private/f_auto,q_auto/league/avy32bijim6pgiiu8gtz"
Greg Werner,"https://static.www.nfl.com/image/private/f_auto,q_auto/league/ifstkribmmxgy1kpvfda"
Gregg Garrity,"https://static.www.nfl.com/image/private/f_auto,q_auto/league/i0shlm17zhyucjdgu5id"
Gregg Guenther,"https://static.www.nfl.com/image/private/f_auto,q_auto/league/m76wd5hptxede85sreyu"
Gregory Clifton,
Griff Whalen,"https://static.www.nfl.com/image/private/f_auto,q_auto/league/zx4nnnnmgl0kvguwpiuz"
Guido Merkens,"https://static.www.nfl.com/image/private/f_auto,q_auto/league/qpxvrcfvbexqwzgf0p3b"
Gunnar Helm,"https://static.www.nfl.com/image/upload/f_auto,q_auto/league/hewm6ztgka7xkbl6ybvb"
Gunner Olszewski,"https://static.www.nfl.com/image/upload/f_auto,q_auto/league/q6fs5e2eotgeh47xeo74"
Gus Edwards,"https://static.www.nfl.com/image/upload/f_auto,q_auto/league/dyobqe3w5eypevsk3f2b"
Guy McIntyre,"https://static.www.nfl.com/image/private/f_auto,q_auto/league/rzkspecprorzxosqbphy"
Guy Whimper,"https://static.www.nfl.com/image/private/f_auto,q_auto/league/udza1ytwcchizy31kk7l"
Hakeem Nicks,"https://static.www.nfl.com/image/private/f_auto,q_auto/league/nbgeeeuhd0n4zrctfxce"
Hakeem Valles,"https://static.www.nfl.com/image/private/f_auto,q_auto/league/ieiahqsygsyjbwlvl3cy"
Hal Bedsole,
Hale Hentges,"https://static.www.nfl.com/image/private/f_auto,q_auto/league/qn06ratsj85aw7o2bzfn"
Hank Baskett,"https://static.www.nfl.com/image/private/f_auto,q_auto/league/bsgsx6yofx8dza4f5rh3"
Hank Bauer,"https://static.www.nfl.com/image/private/f_auto,q_auto/league/mknsgwkfq3hhipnndbwf"
Hank Bjorklund,"https://static.www.nfl.com/image/private/f_auto,q_auto/league/dkha2hvdjatnqgq0f0bq"
Harlan Huckleby,"https://static.www.nfl.com/image/private/f_auto,q_auto/league/v6wowxlcoibmmzy9tq3d"
Harlon Hill,
Harmon Wages,
Harold Bailey,"https://static.www.nfl.com/image/private/f_auto,q_auto/league/xsve7hwzkwaa4fi3wlh2"
Harold Bishop,"https://static.www.nfl.com/image/private/f_auto,q_auto/league/amyn9f4cikhfd9dy7t76"
Harold Carmichael,"https://static.www.nfl.com/image/private/f_auto,q_auto/league/wefoaneozr3aqjxdl6ix"
Harold Fannin Jr.,"https://static.www.nfl.com/image/upload/f_auto,q_auto/league/fxublmpnxx9uggsddwik"
Harold Green,"https://static.www.nfl.com/image/private/f_auto,q_auto/league/lm765ei5zkdi01vq1cxm"
Harold Hart,"https://static.www.nfl.com/image/private/f_auto,q_auto/league/cpsw12qctcrihnvj2hyw"
Harold Jackson,"https://static.www.nfl.com/image/private/f_auto,q_auto/league/wdvvpjd2dctzlhortfwc"
Harold Morrow,"https://static.www.nfl.com/image/private/f_auto,q_auto/league/rlafcfxdxiqj7avhoccb"
Harold Ricks,"https://static.www.nfl.com/image/private/f_auto,q_auto/league/xcny0q0zmcaycyfpykrq"
Harold Shaw,"https://static.www.nfl.com/image/private/f_auto,q_auto/league/fqpfiajookcjrncrbwho"
Harper LeBel,"https://static.www.nfl.com/image/private/f_auto,q_auto/league/mh1qigaqqx26ddu57y2i"
Harrison Bryant,"https://static.www.nfl.com/image/upload/f_auto,q_auto/league/gmguayurr96nolimwmyn"
Harrison Davis,"https://static.www.nfl.com/image/private/f_auto,q_auto/league/uwku1qklty7xo4izhgky"
Harry Carson,"https://static.www.nfl.com/image/private/f_auto,q_auto/league/pwg5h5pd6vfhmqqqizvz"
Harry Douglas,"https://static.www.nfl.com/image/private/f_auto,q_auto/league/hblmz1iaov5vqx7cd9cv"
Harry Holt,"https://static.www.nfl.com/image/private/f_auto,q_auto/league/vy7f81psbidvrgzmeh40"
Harry Jones,
Harry Sydney,"https://static.www.nfl.com/image/private/f_auto,q_auto/league/zptibgbaow2cheyjyymn"
Harry Washington,"https://static.www.nfl.com/image/private/f_auto,q_auto/league/ag1l9guus1hytezzbpqe"
Harry Wilson,
Hart Lee Dykes,"https://static.www.nfl.com/image/private/f_auto,q_auto/league/v6kvso0zvfmibwjpyzi0"
Harvey Williams,"https://static.www.nfl.com/image/private/f_auto,q_auto/league/n9ji0r2hesiujqxqtiul"
Haskel Stanback,"https://static.www.nfl.com/image/private/f_auto,q_auto/league/v8bpfjqrm8bgqwardzjm"
Hason Graham,"https://static.www.nfl.com/image/private/f_auto,q_auto/league/wxq6p3ujp9uq5y8f6jgu"
Hassan Haskins,"https://static.www.nfl.com/image/upload/f_auto,q_auto/league/n9jwsfxyo1xppmhscpik"
Hassan Jones,"https://static.www.nfl.com/image/private/f_auto,q_auto/league/jejwg7rtjb8tmqupxoo7"
Haven Moses,"https://static.www.nfl.com/image/private/f_auto,q_auto/league/chfr5iwhzsthi8sg2eno"
Hayden Hurst,"https://static.www.nfl.com/image/upload/f_auto,q_auto/league/qxvkvmi2fphxjqyb21nv"
Hayden Smith,"https://static.www.nfl.com/image/private/f_auto,q_auto/league/izhnf4f9fzpm5hy34n30"
Hayward Clay,"https://static.www.nfl.com/image/private/f_auto,q_auto/league/atmzhjjaossfs0m7cc2e"
Haywood Jeffires,"https://static.www.nfl.com/image/private/f_auto,q_auto/league/iyxknemwxdwc1sqe0xqe"
Heath Evans,"https://static.www.nfl.com/image/private/f_auto,q_auto/league/f40zxvy7hmpvqyg0vwj7"
Heath Miller,"https://static.www.nfl.com/image/private/f_auto,q_auto/league/iqw8fry4hgfvegs9nfuf"
Heath Sherman,"https://static.www.nfl.com/image/private/f_auto,q_auto/league/xeajyigsqpshiw59uqpo"
Henry Bailey,"https://static.www.nfl.com/image/private/f_auto,q_auto/league/vhnkcjn2h8gs3u6ksco8"
Henry Childs,"https://static.www.nfl.com/image/private/f_auto,q_auto/league/c3qmyfwkdlpybyt23kjj"
Henry Clement,
Henry Dyer,
Henry Ellard,"https://static.www.nfl.com/image/private/f_auto,q_auto/league/xvtbquqavblewrdgj4fn"
Henry Hynoski,"https://static.www.nfl.com/image/private/f_auto,q_auto/league/u8ejhco2crpocjxnys3h"
Henry Krieger-Coble,"https://static.www.nfl.com/image/private/f_auto,q_auto/league/lrfveyhfonoyehr4aerg"
Henry Lusk,"https://static.www.nfl.com/image/private/f_auto,q_auto/league/d979ydriover4gy2nfw4"
Henry Marshall,"https://static.www.nfl.com/image/private/f_auto,q_auto/league/p05podyhqo7lae0prtmz"
Henry Ruggs III,"https://static.www.nfl.com/image/private/f_auto,q_auto/league/i8oezzdcas0hd9ap8cfp"
Henry Williams,"https://static.www.nfl.com/image/private/f_auto,q_auto/league/hn0qff4ynms464molofq"
Herb Lusk,"https://static.www.nfl.com/image/private/f_auto,q_auto/league/xax7qa3ws0sc39nsl7wv"
Herb Mul-Key,
Herbert Goodman,"https://static.www.nfl.com/image/private/f_auto,q_auto/league/kgau81wr2isduje7lsgd"
Herbert Harris,"https://static.www.nfl.com/image/private/f_auto,q_auto/league/infanjh9vditeafh8m6o"
Herkie Walls,"https://static.www.nfl.com/image/private/f_auto,q_auto/league/jkvbjaic09qjl7auv4l0"
Herman Arvie,"https://static.www.nfl.com/image/private/f_auto,q_auto/league/jfocabmuylupzlnyhcpk"
Herman Fontenot,"https://static.www.nfl.com/image/private/f_auto,q_auto/league/ri3ez7s1rhvc3udg8tgy"
Herman Heard,"https://static.www.nfl.com/image/private/f_auto,q_auto/league/v5fqgdow9irnfqjhdjrs"
Herman Hunter,"https://static.www.nfl.com/image/private/f_auto,q_auto/league/rmf2nhg8tfq1wjfpereh"
Herman Lee,
Herman Moore,"https://static.www.nfl.com/image/private/f_auto,q_auto/league/hkor0gcjgusc9ezhtuco"
Herschel Walker,"https://static.www.nfl.com/image/private/f_auto,q_auto/league/fmo3jgdy7ll2jwhih9ml"
Hewritt Dixon,
Hines Ward,"https://static.www.nfl.com/image/private/f_auto,q_auto/league/opna4defooarhcili0lp"
Hoby Brenner,"https://static.www.nfl.com/image/private/f_auto,q_auto/league/al5yibs8cwjsohaetspw"
Hokie Gajan,"https://static.www.nfl.com/image/private/f_auto,q_auto/league/jvx2kn896f9iggvctyqf"
Holden Smith,"https://static.www.nfl.com/image/private/f_auto,q_auto/league/dx7ctieqn2hfvzigo8k1"
Homer Jones,
Horace Belton,"https://static.www.nfl.com/image/private/f_auto,q_auto/league/er5jx9p7818tol18jrbi"
Horace Copeland,"https://static.www.nfl.com/image/private/f_auto,q_auto/league/j4obmltuqgm063tkogxh"
Horace Ivory,"https://static.www.nfl.com/image/private/f_auto,q_auto/league/rgvldpmbagd1adjumouv"
Horace King,"https://static.www.nfl.com/image/private/f_auto,q_auto/league/i6ms9ajzlvozkg8gccyc"
Howard Cassady,
Howard Cross,"https://static.www.nfl.com/image/private/f_auto,q_auto/league/nitu6iw0obqvvqhg2lmc"
Howard Griffith,"https://static.www.nfl.com/image/private/f_auto,q_auto/league/pdlcmruxpeaz8jausch1"
Howard Satterwhite,"https://static.www.nfl.com/image/private/f_auto,q_auto/league/cv6fpd5cojcrgrsdnj1e"
Howard Stevens,"https://static.www.nfl.com/image/private/f_auto,q_auto/league/r6g7p0aw0fmp9jek9xbk"
Howard Twilley,"https://static.www.nfl.com/image/private/f_auto,q_auto/league/s1thhon2v4dn8gdqyegm"
Hoyle Granger,
Hubert Ginn,"https://static.www.nfl.com/image/private/f_auto,q_auto/league/vdet4vwcehtordnsr1nt"
Hubie Bryant,
Hubie Oliver,"https://static.www.nfl.com/image/private/f_auto,q_auto/league/eloicwknjqw878vllqhl"
Hugh McElhenny,
Hugh McInnis,
Hugh McKinnis,"https://static.www.nfl.com/image/private/f_auto,q_auto/league/glfvrkauximnsltprs9r"
Hunter Bryant,"https://static.www.nfl.com/image/private/f_auto,q_auto/league/agkex6nzvopiv5he5eqi"
Hunter Goodwin,"https://static.www.nfl.com/image/private/f_auto,q_auto/league/pmle58qdbscn4lowa3w5"
Hunter Henry,"https://static.www.nfl.com/image/upload/f_auto,q_auto/league/cvlunbqgztudbhjrug7l"
Hunter Long,"https://static.www.nfl.com/image/upload/f_auto,q_auto/league/wlj6sdfj5qcy8bt2qyxb"
Hunter Luepke,"https://static.www.nfl.com/image/upload/f_auto,q_auto/league/m28qafff4o5vb3aaumiv"
Hunter Renfrow,"https://static.www.nfl.com/image/upload/f_auto,q_auto/league/sgrqk1a6fm34swazm2bx"
Ian Smart,"https://static.www.nfl.com/image/private/f_auto,q_auto/league/rugalbx2s6xs6uflhqqi"
Ian Thomas,"https://static.www.nfl.com/image/upload/f_auto,q_auto/league/gvpwnq0mjefjlekgzxro"
Ickey Woods,"https://static.www.nfl.com/image/private/f_auto,q_auto/league/xevzrjnl8p5xezyhgk2y"
Ifeanyi Momah,"https://static.www.nfl.com/image/private/f_auto,q_auto/league/fy1rhydnhklwwof45gm9"
Ifeanyi Ohalete,"https://static.www.nfl.com/image/private/f_auto,q_auto/league/glv1iilhv1rnbmzbeeeq"
Iheanyi Uwaezuoke,"https://static.www.nfl.com/image/private/f_auto,q_auto/league/famfoepa8zlu9oug8xgj"
Ihmir Smith-Marsette,"https://static.www.nfl.com/image/upload/f_auto,q_auto/league/mnfsun286mv5azpa8zaw"
Ike Forte,"https://static.www.nfl.com/image/private/f_auto,q_auto/league/cdupvfmx2systrxiix5z"
Ike Harris,"https://static.www.nfl.com/image/private/f_auto,q_auto/league/baedfhmjwf3lepdpcqiz"
Ike Hill,"https://static.www.nfl.com/image/private/f_auto,q_auto/league/usmpb26z9k6f4iemuvxc"
Ike Hilliard,"https://static.www.nfl.com/image/private/f_auto,q_auto/league/wgkoowevnhqjpwpqu87l"
Ira Hillary,"https://static.www.nfl.com/image/private/f_auto,q_auto/league/conqs2xb25e5qh0ildrt"
Ira Matthews,"https://static.www.nfl.com/image/private/f_auto,q_auto/league/o55jqnyylqe8gdnqayp5"
Ira Valentine,"https://static.www.nfl.com/image/private/f_auto,q_auto/league/k60t6dnsmkctyqwi5ohm"
Irv Smith,"https://static.www.nfl.com/image/private/f_auto,q_auto/league/gvnnqr5kj0rtte3iw9mp"
Irv Smith Jr.,
Irving Fryar,"https://static.www.nfl.com/image/private/f_auto,q_auto/league/f1cetjfdapgnqaeonxzy"
Irving Spikes,"https://static.www.nfl.com/image/private/f_auto,q_auto/league/h3fhpsgigxqip7pzxtqp"
Isa Abdul-Quddus,"https://static.www.nfl.com/image/private/f_auto,q_auto/league/wbmpf9gwwtipcoyrmpr4"
Isaac Bruce,"https://static.www.nfl.com/image/private/f_auto,q_auto/league/txgl2lvmyu3m28cltnib"
Isaac Byrd,"https://static.www.nfl.com/image/private/f_auto,q_auto/league/utnyylferccz9ehq4gps"
Isaac Curtis,"https://static.www.nfl.com/image/private/f_auto,q_auto/league/tyarud0a82ss11taqpsr"
Isaac Guerendo,"https://static.www.nfl.com/image/upload/f_auto,q_auto/league/uy1bdu0dokosyzl4ohmi"
Isaac Hagins,"https://static.www.nfl.com/image/private/f_auto,q_auto/league/leb8dz6shkmi60wcvesu"
Isaac Jones,"https://static.www.nfl.com/image/private/f_auto,q_auto/league/neuy89dusrqe6sagkcjr"
Isaac Nauta,"https://static.www.nfl.com/image/private/f_auto,q_auto/league/zjctmeln83dvmc7sblow"
Isaac Redman,"https://static.www.nfl.com/image/private/f_auto,q_auto/league/svi7b7k4qxjctrtwj2uj"
Isaac Smolko,"https://static.www.nfl.com/image/private/f_auto,q_auto/league/di0ptyyb9ntwwntpngyl"
Isaac Sopoaga,"https://static.www.nfl.com/image/private/f_auto,q_auto/league/k8bf6rwdgggwa3t1ppam"
Isaac TeSlaa,"https://static.www.nfl.com/image/upload/f_auto,q_auto/league/ducfhbiy2a8loytcjymn"
Isaiah Bond,"https://static.www.nfl.com/image/upload/f_auto,q_auto/league/piv889pkizjvgrtpfkxm"
Isaiah Crowell,"https://static.www.nfl.com/image/private/f_auto,q_auto/league/oruiw5myfimtssv6j2ar"
Isaiah Davis,"https://static.www.nfl.com/image/upload/f_auto,q_auto/league/x6r9a5xhtaklbvnqmtw7"
Isaiah Ford,"https://static.www.nfl.com/image/private/f_auto,q_auto/league/ycqftcjsc9vyqmc8tlmw"
Isaiah Hodgins,"https://static.www.nfl.com/image/upload/f_auto,q_auto/league/ywbemecs6xa8bsm3h7bb"
Isaiah Likely,"https://static.www.nfl.com/image/upload/f_auto,q_auto/league/b1pahldt9ixp9lssxi2d"
Isaiah McKenzie,"https://static.www.nfl.com/image/upload/f_auto,q_auto/league/gy6grhpxsegfgklfadte"
Isaiah Pead,"https://static.www.nfl.com/image/private/f_auto,q_auto/league/m8timwkljalmp27akxyx"
Isaiah Spiller,"https://static.www.nfl.com/image/upload/f_auto,q_auto/league/msdwytjm5qjxe336lmnv"
Isaiah Stanback,"https://static.www.nfl.com/image/private/f_auto,q_auto/league/rdqskdxoh5uhlerfpqsa"
Isaiah Williams,"https://static.www.nfl.com/image/upload/f_auto,q_auto/league/rj2etltwzmlxyz1cfkeo"
Isaiah Wright,"https://static.www.nfl.com/image/private/f_auto,q_auto/league/egz0ulainb0ycha0tt9u"
Isaiah Zuber,"https://static.www.nfl.com/image/private/f_auto,q_auto/league/fnnnosvydm195mhksb4s"
Ishmael Hyman,"https://static.www.nfl.com/image/private/f_auto,q_auto/league/z5krizipkrgqbw4sgs8e"
Isiah Pacheco,"https://static.www.nfl.com/image/upload/f_auto,q_auto/league/hkqb4imkum3vxxkwuetl"
Israel Abanikanda,"https://static.www.nfl.com/image/upload/f_auto,q_auto/league/mt7lgg9gbjcmb2wttxeg"
Ito Smith,"https://static.www.nfl.com/image/private/f_auto,q_auto/league/dh6fxo1jdenrkgcwdpib"
Itula Mili,"https://static.www.nfl.com/image/private/f_auto,q_auto/league/pvlvvc4dopipwbzzzqjb"
Ivory Lee Brown,"https://static.www.nfl.com/image/private/f_auto,q_auto/league/mr8t8f8j4vcuuuvffgau"
Ivy Joe Hunter,"https://static.www.nfl.com/image/private/f_auto,q_auto/league/jz0mvqjzq3jheh8w1f26"
Izzy Lang,
J'Mon Moore,"https://static.www.nfl.com/image/private/f_auto,q_auto/league/x812ydgnxirh4jsanqm9"
J.D. Hill,"https://static.www.nfl.com/image/private/f_auto,q_auto/league/pt79ftgq5hrolar7amin"
J.D. McKissic,"https://static.www.nfl.com/image/private/f_auto,q_auto/league/zi77vkqwrmklt5ic6lc6"
J.D. Smith,
J.J. Arcega-Whiteside,"https://static.www.nfl.com/image/private/f_auto,q_auto/league/ybukzc2rvl0mqfnn387e"
J.J. Arrington,"https://static.www.nfl.com/image/private/f_auto,q_auto/league/ap5hhhat0phivdfilqve"
J.J. Birden,"https://static.www.nfl.com/image/private/f_auto,q_auto/league/sfaukgj5epv4jth4aumb"
J.J. Johnson,"https://static.www.nfl.com/image/private/f_auto,q_auto/league/vz4fy0fwi4wxzv9ber62"
J.J. Stokes,"https://static.www.nfl.com/image/private/f_auto,q_auto/league/sbynshmlo8ywopd61kfl"
J.J. Taylor,"https://static.www.nfl.com/image/upload/f_auto,q_auto/league/m8en6noemyviirgtxlgd"
J.J. Watt,"https://static.www.nfl.com/image/private/f_auto,q_auto/league/pooulgm7mdcx5x9gza7l"
J.K. Dobbins,"https://static.www.nfl.com/image/upload/f_auto,q_auto/league/cevotvl3ho5h1mioruyg"
J.P. Foschi,"https://static.www.nfl.com/image/private/f_auto,q_auto/league/yphvtspw4qy5ibxsq8jy"
J.R. Redmond,"https://static.www.nfl.com/image/private/f_auto,q_auto/league/f8eksamtpcva9xiznviy"
J.R. Wilburn,
J.T. Smith,"https://static.www.nfl.com/image/private/f_auto,q_auto/league/xgkniyfyfqqk3ggehriy"
J.T. Thomas,"https://static.www.nfl.com/image/private/f_auto,q_auto/league/cj8zh9pmndx7wbogd5ys"
J.V. Cain,"https://static.www.nfl.com/image/private/f_auto,q_auto/league/noktvuazvbacwo95yctf"
J.W. Lockett,
JC Latham,"https://static.www.nfl.com/image/upload/f_auto,q_auto/league/smrxlm1rtszojndj3wvu"
JJ Arcega-Whiteside,
JJ Nelson,
Ja'Lynn Polk,"https://static.www.nfl.com/image/upload/f_auto,q_auto/league/w4hcfpfjrpt0fchb0xmm"
Ja'Marcus Bradley,"https://static.www.nfl.com/image/private/f_auto,q_auto/league/zt4nt4auwksfvxfclbwk"
Ja'Marr Chase,"https://static.www.nfl.com/image/upload/f_auto,q_auto/league/qya3dtjb5kgofcuj2tuw"
Ja'Tavion Sanders,"https://static.www.nfl.com/image/upload/f_auto,q_auto/league/le2akm1cbou170ioctxl"
JaJuan Dawson,"https://static.www.nfl.com/image/private/f_auto,q_auto/league/ggr7u83e7d7sy4owv38o"
JaMycal Hasty,"https://static.www.nfl.com/image/upload/f_auto,q_auto/league/stvclosmy6zi864kfxw7"
Jabar Gaffney,"https://static.www.nfl.com/image/private/f_auto,q_auto/league/jqsgaxs04w22z72svcxu"
Jabari Holloway,"https://static.www.nfl.com/image/private/f_auto,q_auto/league/p8xek78vdb3buft5gpsp"
Jace Amaro,"https://static.www.nfl.com/image/private/f_auto,q_auto/league/i68ljijl5jzg6tg8755p"
Jace Sternberger,"https://static.www.nfl.com/image/private/f_auto,q_auto/league/dhmgw6mercfkpyfh1mw8"
Jack Bech,"https://static.www.nfl.com/image/upload/f_auto,q_auto/league/feplgtl0x1svqen9szwv"
Jack Cameron,"https://static.www.nfl.com/image/private/f_auto,q_auto/league/uskeggh58chacenviiks"
Jack Clancy,
Jack Concannon,"https://static.www.nfl.com/image/private/f_auto,q_auto/league/h4r5afr2dzz3qetlweoi"
Jack DeGrenier,"https://static.www.nfl.com/image/private/f_auto,q_auto/league/pceprgskbiscqgssp0bu"
Jack Deloplaine,"https://static.www.nfl.com/image/private/f_auto,q_auto/league/wpty9s7mk7rpapnrrxnq"
Jack Dolbin,"https://static.www.nfl.com/image/private/f_auto,q_auto/league/txuwsn9iefull1g1rc4j"
Jack Doyle,"https://static.www.nfl.com/image/private/f_auto,q_auto/league/h6abyvmg2g93llboizi6"
Jack Elwell,
Jack Gehrke,
Jack Holmes,"https://static.www.nfl.com/image/private/f_auto,q_auto/league/ju8iewp9wni17egyqk8l"
Jack Jackson,"https://static.www.nfl.com/image/private/f_auto,q_auto/league/dbwvyk9zg26l9sp4sutk"
Jack Maitland,
Jack McClairen,
Jack Novak,"https://static.www.nfl.com/image/private/f_auto,q_auto/league/mtwdceqsiocx3ancrh6y"
Jack Rizzo,
Jack Snow,"https://static.www.nfl.com/image/private/f_auto,q_auto/league/jckdtrznfgtvjclg3dvy"
Jack Steptoe,"https://static.www.nfl.com/image/private/f_auto,q_auto/league/anehmbhbgq6txxrz1z7v"
Jack Stoll,"https://static.www.nfl.com/image/upload/f_auto,q_auto/league/vx5eqo8t1qvj0ijwmiwm"
Jack Westover,"https://static.www.nfl.com/image/upload/f_auto,q_auto/league/zpo5vbntn8b9hih2fi66"
Jackie Battle,"https://static.www.nfl.com/image/private/f_auto,q_auto/league/ypo5sphlp225wrtjcwhl"
Jackie Harris,"https://static.www.nfl.com/image/private/f_auto,q_auto/league/uf1p0ysr0rawya3gytug"
Jackie Smith,"https://static.www.nfl.com/image/private/f_auto,q_auto/league/hzrh4o21xokexvn4h8yo"
Jackie Wallace,"https://static.www.nfl.com/image/private/f_auto,q_auto/league/q3kfc8s9zmb01xtl6o0l"
Jackson Hawes,"https://static.www.nfl.com/image/upload/f_auto,q_auto/league/gl3easmpg7rn6e5siya2"
Jacob Cowing,"https://static.www.nfl.com/image/upload/f_auto,q_auto/league/uarciagmnzmyzs102dv6"
Jacob Harris,"https://static.www.nfl.com/image/upload/f_auto,q_auto/league/hqfvp6k11llxeostdvey"
Jacob Hester,"https://static.www.nfl.com/image/private/f_auto,q_auto/league/sbtwtp79z2xl9m3synsq"
Jacob Hollister,"https://static.www.nfl.com/image/private/f_auto,q_auto/league/qdny7ap8ly1ozectd8zu"
Jacob Kibodi,"https://static.www.nfl.com/image/upload/f_auto,q_auto/league/no7mr4wgu7o2exnmjre8"
Jacob Tamme,"https://static.www.nfl.com/image/private/f_auto,q_auto/league/kfyqh9qmtwufzixwuoo2"
Jacoby Brissett,"https://static.www.nfl.com/image/upload/f_auto,q_auto/league/qjswiunczrn5xmdiqhlz"
Jacoby Ford,"https://static.www.nfl.com/image/private/f_auto,q_auto/league/xqpnvx1oeqep1krop8c4"
Jacoby Jones,"https://static.www.nfl.com/image/upload/f_auto,q_auto/league/bc74vque05mi8tg5xzxu"
Jacory Croskey-Merritt,"https://static.www.nfl.com/image/upload/f_auto,q_auto/league/qew4qhlj4yuf50voko61"
Jacque Robinson,"https://static.www.nfl.com/image/private/f_auto,q_auto/league/mykeahijxobd22gcxeiy"
Jacquez Green,"https://static.www.nfl.com/image/private/f_auto,q_auto/league/krmknzzctlbj0sjnsmrv"
Jacquizz Rodgers,"https://static.www.nfl.com/image/private/f_auto,q_auto/league/ztmescfueap5glplyf7w"
Jaeden Graham,"https://static.www.nfl.com/image/private/f_auto,q_auto/league/fybmurkbrd7waa35tpc8"
Jaelen Strong,"https://static.www.nfl.com/image/private/f_auto,q_auto/league/eakjj5fee8ctysjrqhxj"
Jaelon Darden,"https://static.www.nfl.com/image/upload/f_auto,q_auto/league/po3sqw0b1qwonkg80lrf"
Jahan Dotson,"https://static.www.nfl.com/image/upload/f_auto,q_auto/league/gwuibfw7ljxudxtldcvh"
Jahdae Walker,"https://static.www.nfl.com/image/upload/f_auto,q_auto/league/cr13mo2xrpdkksy8fveq"
Jaheim Bell,"https://static.www.nfl.com/image/upload/f_auto,q_auto/league/swxvhppaewwccieyx6ax"
Jahine Arnold,"https://static.www.nfl.com/image/private/f_auto,q_auto/league/y3qyqfre27dgirrki3yb"
Jahmyr Gibbs,"https://static.www.nfl.com/image/upload/f_auto,q_auto/league/cursejnmmp1i9hnxihkj"
Jahvid Best,"https://static.www.nfl.com/image/private/f_auto,q_auto/league/fmbr1nvmffgz15r2uzs7"
Jaime Covington,"https://static.www.nfl.com/image/private/f_auto,q_auto/league/yeavnx5xc6hs8qwfmwh5"
Jake Ballard,"https://static.www.nfl.com/image/private/f_auto,q_auto/league/pqwrskwkqbzzkf33gxvr"
Jake Bobo,"https://static.www.nfl.com/image/upload/f_auto,q_auto/league/esyfp5hwdtepk2ypsru4"
Jake Browning,"https://static.www.nfl.com/image/upload/f_auto,q_auto/league/isw3v1hnu2vogyayxlmy"
Jake Butt,"https://static.www.nfl.com/image/private/f_auto,q_auto/league/o0avpkhaphyhp9ofc4lp"
Jake Ferguson,"https://static.www.nfl.com/image/upload/f_auto,q_auto/league/xpykb0tbosfwsn6dqstb"
Jake Fisher,"https://static.www.nfl.com/image/private/f_auto,q_auto/league/f23vwxf4i4ftskhycarb"
Jake Funk,"https://static.www.nfl.com/image/upload/f_auto,q_auto/league/xkegujg1754uei9oomoz"
Jake Gervase,"https://static.www.nfl.com/image/private/f_auto,q_auto/league/tgzuawrs7ra52ultqahi"
Jake Kumerow,"https://static.www.nfl.com/image/private/f_auto,q_auto/league/lrfqprrjgaeaicqsd0f9"
Jake Kupp,"https://static.www.nfl.com/image/private/f_auto,q_auto/league/voiuk7nvs7vu8xcem4wn"
Jake Moreland,"https://static.www.nfl.com/image/private/f_auto,q_auto/league/yfxishtcwvn4i2giqpq1"
Jake Nordin,"https://static.www.nfl.com/image/private/f_auto,q_auto/league/eufjab2n5t36fucv3t8l"
Jake O'Connell,"https://static.www.nfl.com/image/private/f_auto,q_auto/league/lng1yawfqpjmxf9mjnj1"
Jake Plummer,"https://static.www.nfl.com/image/private/f_auto,q_auto/league/iurwxdpuwvijm50vhwt9"
Jake Reed,"https://static.www.nfl.com/image/private/f_auto,q_auto/league/gjgvkcbek18a0if67o7p"
Jake Soliday,"https://static.www.nfl.com/image/private/f_auto,q_auto/league/du4pdyzifjqq6wkmywgt"
Jake Stoneburner,"https://static.www.nfl.com/image/private/f_auto,q_auto/league/sjlionnvt0ghmgmxpng8"
Jake Tonges,"https://static.www.nfl.com/image/upload/f_auto,q_auto/league/z6goxhdhfc2m0rmwvtbl"
Jakeem Grant,"https://static.www.nfl.com/image/private/f_auto,q_auto/league/f2ujcvb61rknhjyxcrsu"
Jakob Johnson,"https://static.www.nfl.com/image/upload/f_auto,q_auto/league/awuzhbfuubbmxzxxdtsb"
Jakobi Meyers,"https://static.www.nfl.com/image/upload/f_auto,q_auto/league/zrs4ij8mvw7wr1uujwew"
Jakobie Keeney-James,
Jaleel McLaughlin,"https://static.www.nfl.com/image/upload/f_auto,q_auto/league/jlzkji7mfkcmkyz2tygj"
Jaleel Scott,"https://static.www.nfl.com/image/private/f_auto,q_auto/league/npoq59gzmfmtwmrfdnhk"
Jalen Brooks,"https://static.www.nfl.com/image/upload/f_auto,q_auto/league/xeg0tvg6klf0afgddkq6"
Jalen Camp,"https://static.www.nfl.com/image/private/f_auto,q_auto/league/uwnxm7am5nrzn5ocvpux"
Jalen Coker,"https://static.www.nfl.com/image/upload/f_auto,q_auto/league/yynz8rxen6tsvhojggiv"
Jalen Guyton,"https://static.www.nfl.com/image/upload/f_auto,q_auto/league/a6j9njysh2lwdjblxvxw"
Jalen Hurts,"https://static.www.nfl.com/image/upload/f_auto,q_auto/league/xow5yvxjeqa6witmofmp"
Jalen McMillan,"https://static.www.nfl.com/image/upload/f_auto,q_auto/league/s8tlj5wsi6cq8kjhp06v"
Jalen Nailor,"https://static.www.nfl.com/image/upload/f_auto,q_auto/league/nojopyt8hxuwycxyaokb"
Jalen Parmele,"https://static.www.nfl.com/image/private/f_auto,q_auto/league/ydji0ejwwenwyafxufgg"
Jalen Reagor,"https://static.www.nfl.com/image/upload/f_auto,q_auto/league/r55ywr41a014zd9zmvc1"
Jalen Richard,"https://static.www.nfl.com/image/private/f_auto,q_auto/league/evmn0ccnvk73tukpmk5f"
Jalen Royals,"https://static.www.nfl.com/image/upload/f_auto,q_auto/league/sqrid1hnmwqymcp2vxfx"
Jalen Tolbert,"https://static.www.nfl.com/image/upload/f_auto,q_auto/league/dthrzudnyh1mcrh1det2"
Jalen Tolliver,"https://static.www.nfl.com/image/private/f_auto,q_auto/league/eghpk65s1q2vczdf9gry"
Jalen Virgil,"https://static.www.nfl.com/image/upload/f_auto,q_auto/league/i9ebia0j5dp78tpgcmpx"
Jalin Hyatt,"https://static.www.nfl.com/image/upload/f_auto,q_auto/league/fqgvjckxe03pr4eup6m7"
Jalin Marshall,"https://static.www.nfl.com/image/private/f_auto,q_auto/league/d3ufuqxqdgcaer1chrl7"
Jalston Fowler,"https://static.www.nfl.com/image/private/f_auto,q_auto/league/vzwokuiytin3pfyp1icy"
Jamaal Branch,"https://static.www.nfl.com/image/private/f_auto,q_auto/league/cvial6eoujiaxh8tkfth"
Jamaal Charles,"https://static.www.nfl.com/image/private/f_auto,q_auto/league/mdrlzgankwwjldxllgcx"
Jamaal Williams,"https://static.www.nfl.com/image/upload/f_auto,q_auto/league/yxrxpgcwq5qwp88vqnp3"
Jamaar Taylor,"https://static.www.nfl.com/image/private/f_auto,q_auto/league/bp2muer3xagawi9qf7bu"
Jamal Agnew,"https://static.www.nfl.com/image/upload/f_auto,q_auto/league/buapoaxrvjzwsr4l34mq"
Jamal Anderson,"https://static.www.nfl.com/image/private/f_auto,q_auto/league/faws2enuknhawnowkns0"
Jamal Jones,"https://static.www.nfl.com/image/private/f_auto,q_auto/league/sm0gyihl1bqbevvfvltt"
Jamal Lewis,"https://static.www.nfl.com/image/private/f_auto,q_auto/league/mmsyfpojbxmisiujuwym"
Jamal Willis,"https://static.www.nfl.com/image/private/f_auto,q_auto/league/fxjfbaozxd4u4hxi2y6m"
Jamar Martin,"https://static.www.nfl.com/image/private/f_auto,q_auto/league/vjc6qor9zghavlfcumg2"
Jamar Newsome,"https://static.www.nfl.com/image/private/f_auto,q_auto/league/jwthnvozwgbb7tw5zxpx"
Jamari Thrash,"https://static.www.nfl.com/image/upload/f_auto,q_auto/league/byihyhwwpltzyetas85a"
Jameel Cook,"https://static.www.nfl.com/image/private/f_auto,q_auto/league/ysfgk2cbvrffk27enxjq"
Jameis Winston,"https://static.www.nfl.com/image/upload/f_auto,q_auto/league/e5qyxnibbyawi0pvfpjl"
Jamel White,"https://static.www.nfl.com/image/private/f_auto,q_auto/league/anexxsgz5g39ttdu3ftp"
James Adkisson,"https://static.www.nfl.com/image/private/f_auto,q_auto/league/jdhkmhstqykhvpowhzwa"
James Allen,"https://static.www.nfl.com/image/private/f_auto,q_auto/league/tw4x6i01gorfsuoommkb"
James Atkins,"https://static.www.nfl.com/image/private/f_auto,q_auto/league/jh0yz2xfbdytzk1esuuy"
James Betterson,"https://static.www.nfl.com/image/private/f_auto,q_auto/league/bjl6aqk7ic6kfaexbzx8"
James Bostic,"https://static.www.nfl.com/image/private/f_auto,q_auto/league/ioersobpj4ga5wchd1dq"
James Brim,
James Brooks,"https://static.www.nfl.com/image/private/f_auto,q_auto/league/dilcjdwlx0vwiky758zf"
James Casey,"https://static.www.nfl.com/image/private/f_auto,q_auto/league/atra5outunyi3dikmjez"
James Coley,"https://static.www.nfl.com/image/private/f_auto,q_auto/league/d0bidgecozxmdwrma97c"
James Conner,"https://static.www.nfl.com/image/upload/f_auto,q_auto/league/ka8wlhtteg8hsowsdofk"
James Cook,"https://static.www.nfl.com/image/upload/f_auto,q_auto/league/anjbznqb9i21wzcgrtbs"
James Davis,"https://static.www.nfl.com/image/private/f_auto,q_auto/league/parueu2s9ez10aacagc8"
James Dearth,"https://static.www.nfl.com/image/private/f_auto,q_auto/league/ouhiniy7wlpevye7vaue"
James Develin,"https://static.www.nfl.com/image/private/f_auto,q_auto/league/ryhocvpml27otxnncc2h"
James Dixon,"https://static.www.nfl.com/image/private/f_auto,q_auto/league/zui0zvxdik6i2qui92xl"
James Fenderson,"https://static.www.nfl.com/image/private/f_auto,q_auto/league/nd0du5zbkc74sqyfbniv"
James Folston,"https://static.www.nfl.com/image/private/f_auto,q_auto/league/kfbbo3zfffgtzrcaz3zw"
James Ford,
James Hadnot,
James Hanna,"https://static.www.nfl.com/image/private/f_auto,q_auto/league/rtnxe02klclu847zqbdq"
James Harbour,"https://static.www.nfl.com/image/private/f_auto,q_auto/league/heaiigbxtvfr596uljd5"
James Hardy,"https://static.www.nfl.com/image/private/f_auto,q_auto/league/zl9noho8ywdi4izamihi"
James Haynes,"https://static.www.nfl.com/image/private/f_auto,q_auto/league/lovimsgmz9sui9x0cnva"
James Hodgins,"https://static.www.nfl.com/image/private/f_auto,q_auto/league/tbyeudue6rinjlocdtgw"
James Hundon,"https://static.www.nfl.com/image/private/f_auto,q_auto/league/zfp97zv4va8mmjbsmhcx"
James Jackson,"https://static.www.nfl.com/image/private/f_auto,q_auto/league/ibr8mjy7uzjhdesoimua"
James Jenkins,"https://static.www.nfl.com/image/private/f_auto,q_auto/league/gymbc1fnzr84btzwwnxs"
James Jett,"https://static.www.nfl.com/image/private/f_auto,q_auto/league/adqgmo5pmowzs7vk4qcx"
James Johnson,"https://static.www.nfl.com/image/private/f_auto,q_auto/league/s5ssasppe14o11bz0nyq"
James Jones,"https://static.www.nfl.com/image/private/f_auto,q_auto/league/rgputh3d4brz7dtzf0wh"
James Joseph,"https://static.www.nfl.com/image/private/f_auto,q_auto/league/d0g2nr2n3mq1qzetn3pk"
James Lofton,"https://static.www.nfl.com/image/private/f_auto,q_auto/league/ligcazckfbdlmcd2ekqv"
James Maness,"https://static.www.nfl.com/image/private/f_auto,q_auto/league/ufftvvb0ha0xrowjxzv0"
James Mayberry,"https://static.www.nfl.com/image/private/f_auto,q_auto/league/w9lasdkilbmtdpzmolhi"
James McAlister,"https://static.www.nfl.com/image/private/f_auto,q_auto/league/gitdtvfk5s07jf9kl3mt"
James McDonald,"https://static.www.nfl.com/image/private/f_auto,q_auto/league/mievza4cra7tgia8eifb"
James McKnight,"https://static.www.nfl.com/image/private/f_auto,q_auto/league/hi55zfivaqqvhhdzormy"
James Milling,"https://static.www.nfl.com/image/private/f_auto,q_auto/league/etnig6ju277ihrr1q0mh"
James Mitchell,"https://static.www.nfl.com/image/upload/f_auto,q_auto/league/q8b9goebgmuwusl6vqdc"
James Mungro,"https://static.www.nfl.com/image/private/f_auto,q_auto/league/jpwffnccmboiqn4y9ltf"
James Murphy,"https://static.www.nfl.com/image/private/f_auto,q_auto/league/upnaiyzcipt97nxkyzrw"
James Noble,"https://static.www.nfl.com/image/private/f_auto,q_auto/league/wzcrb5ysaxjn59as3tpa"
James O'Shaughnessy,"https://static.www.nfl.com/image/private/f_auto,q_auto/league/sz5g57zhnshipkpw39sz"
James Owens,"https://static.www.nfl.com/image/private/f_auto,q_auto/league/wqpeuihoicjxvfqqrqyv"
James Primus,"https://static.www.nfl.com/image/private/f_auto,q_auto/league/caryr898vgez5n7eqdo7"
James Proche,"https://static.www.nfl.com/image/upload/f_auto,q_auto/league/s1jyxzrzgn2od1sempye"
James Pruitt,"https://static.www.nfl.com/image/private/f_auto,q_auto/league/rmfxavdwb6vaqb42ov8i"
James Robinson,"https://static.www.nfl.com/image/upload/f_auto,q_auto/league/htviio8mhknq9cennrdq"
James Roe,"https://static.www.nfl.com/image/private/f_auto,q_auto/league/tbvdhtjkv5pmfx0ximrv"
James Rouse,"https://static.www.nfl.com/image/private/f_auto,q_auto/league/ajb2jzmqixvh41u6vtga"
James Saxon,"https://static.www.nfl.com/image/private/f_auto,q_auto/league/o64mxoglzn9cgv6akj5m"
James Scott,"https://static.www.nfl.com/image/private/f_auto,q_auto/league/rkf5q73lfyivv84evrhb"
James Starks,"https://static.www.nfl.com/image/private/f_auto,q_auto/league/ohxqulg4xjfmbbkkltqj"
James Stewart,"https://static.www.nfl.com/image/private/f_auto,q_auto/league/lgogp3bzdaejy6hi83or"
James Thompson,"https://static.www.nfl.com/image/private/f_auto,q_auto/league/mgr66lb0imh9b9svanfo"
James Thornton,
James Thrash,"https://static.www.nfl.com/image/private/f_auto,q_auto/league/tttu8q0npsvtx1wjwhaf"
James Washington,"https://static.www.nfl.com/image/private/f_auto,q_auto/league/z5svt5lojqlibpxitvty"
James Whalen,"https://static.www.nfl.com/image/private/f_auto,q_auto/league/pepbek9pnjjeh87m311m"
James White,"https://static.www.nfl.com/image/private/f_auto,q_auto/league/z1nnkmnstccnqya5d5ee"
James Wilder,"https://static.www.nfl.com/image/private/f_auto,q_auto/league/afnn71ljk6s12c7eu0dp"
James Williams,"https://static.www.nfl.com/image/private/f_auto,q_auto/league/zoscsbxj8zcta6evdvvn"
James Wright,"https://static.www.nfl.com/image/private/f_auto,q_auto/league/n4ultyvj4gsjijuq5qo4"
Jameson Williams,"https://static.www.nfl.com/image/upload/f_auto,q_auto/league/byiptqggtglvy5qrw5wp"
Jamie Asher,"https://static.www.nfl.com/image/private/f_auto,q_auto/league/jjhrmyicgzndpwnjdbee"
Jamie Caleb,
Jamie Harper,"https://static.www.nfl.com/image/private/f_auto,q_auto/league/wj3zkvcfz5mbtunttktv"
Jamie Holland,"https://static.www.nfl.com/image/private/f_auto,q_auto/league/ijlaiagrokxgbhbq5pib"
Jamie Kurisko,"https://static.www.nfl.com/image/private/f_auto,q_auto/league/dbr7cokk1unzlackoebx"
Jamie Morris,"https://static.www.nfl.com/image/private/f_auto,q_auto/league/zt7mnphkcvc0qtyjmeyg"
Jamie Mueller,"https://static.www.nfl.com/image/private/f_auto,q_auto/league/th66jtlenkytilmk3brr"
Jamie Reader,"https://static.www.nfl.com/image/private/f_auto,q_auto/league/rg8npguxnevjnwnarpav"
Jamie Williams,"https://static.www.nfl.com/image/private/f_auto,q_auto/league/tfr9dcfdjybqjz5xhae5"
Jamison Crowder,"https://static.www.nfl.com/image/upload/f_auto,q_auto/league/rfysbrjrvfdr72cx8who"
Jamize Olawale,"https://static.www.nfl.com/image/private/f_auto,q_auto/league/dp7xdilrkk9f2i5ovne9"
Jammi German,"https://static.www.nfl.com/image/private/f_auto,q_auto/league/sepwnogd7mrun8krnqlv"
Jamycal Hasty,
Jan White,
Jared Abbrederis,"https://static.www.nfl.com/image/private/f_auto,q_auto/league/p5gqmcyci9youm2r6oeb"
Jared Allen,"https://static.www.nfl.com/image/private/f_auto,q_auto/league/kvicq39281koeupyxqvz"
Jared Cook,"https://static.www.nfl.com/image/private/f_auto,q_auto/league/cthoenebptadlu4g928v"
Jared Goff,"https://static.www.nfl.com/image/upload/f_auto,q_auto/league/kaicbot8qhzrvddilbtp"
Jared Wayne,"https://static.www.nfl.com/image/upload/f_auto,q_auto/league/ykhrjnmqsqyprplhy6pl"
Jared Wiley,"https://static.www.nfl.com/image/upload/f_auto,q_auto/league/qbu14rgh4wchepqsrgb0"
Jaret Patterson,"https://static.www.nfl.com/image/upload/f_auto,q_auto/league/thg0iebj03kg0nuykglu"
Jarett Dillard,"https://static.www.nfl.com/image/private/f_auto,q_auto/league/wydz1yuby6sdq7squ33k"
Jarius Wright,"https://static.www.nfl.com/image/private/f_auto,q_auto/league/f4xgfra44cd6qjy6havp"
Jaron Brown,"https://static.www.nfl.com/image/private/f_auto,q_auto/league/y41u4egwigms9rg2p3ln"
Jarrett Boykin,"https://static.www.nfl.com/image/private/f_auto,q_auto/league/urz5gfyhitbuweu1jtgf"
Jarrett Payton,"https://static.www.nfl.com/image/private/f_auto,q_auto/league/rf91phiub9e8iswrcdw7"
Jarrod Baxter,"https://static.www.nfl.com/image/private/f_auto,q_auto/league/vp4uour5on7uoaneuz4z"
Jarrod Bunch,"https://static.www.nfl.com/image/private/f_auto,q_auto/league/mnzk0z93gbnuirgglemp"
Jarryd Hayne,"https://static.www.nfl.com/image/private/f_auto,q_auto/league/u9zzumwdvyds5dwkvyp2"
Jarvis Landry,"https://static.www.nfl.com/image/private/f_auto,q_auto/league/w2q9uwsjvgadwyvnvopb"
Jarvis Redwine,"https://static.www.nfl.com/image/private/f_auto,q_auto/league/yctr6helbkrstxdhxkqj"
Jasen Isom,"https://static.www.nfl.com/image/private/f_auto,q_auto/league/om313zi4lhe7ssyqnqnc"
Jashaun Corbin,"https://static.www.nfl.com/image/upload/f_auto,q_auto/league/ovzlcbe1osd6ugfxu55d"
Jason Avant,"https://static.www.nfl.com/image/private/f_auto,q_auto/league/nnis5ib42eoeu8bjjpdc"
Jason Brookins,"https://static.www.nfl.com/image/private/f_auto,q_auto/league/al0kculefvzcdktymtom"
Jason Brownlee,"https://static.www.nfl.com/image/upload/f_auto,q_auto/league/lxmpoub3eslnvevtpoqf"
Jason Cabinda,"https://static.www.nfl.com/image/private/f_auto,q_auto/league/nvi4viyciscnso8qgbtn"
Jason Croom,"https://static.www.nfl.com/image/private/f_auto,q_auto/league/ce3qgmgn139gn6vu44zz"
Jason Dunn,"https://static.www.nfl.com/image/private/f_auto,q_auto/league/j2iitu0tnvtbg4ivprpj"
Jason Hill,"https://static.www.nfl.com/image/private/f_auto,q_auto/league/pvl5reg9vgwtldn0ahj7"
Jason Huntley,"https://static.www.nfl.com/image/private/f_auto,q_auto/league/gbnyqxaymlji05bnflc5"
Jason Johnson,"https://static.www.nfl.com/image/private/f_auto,q_auto/league/krc3wjj1l8l2wbuzc2yk"
Jason McAddley,"https://static.www.nfl.com/image/private/f_auto,q_auto/league/wroqbg3hrs99xqpymyyd"
Jason McKie,"https://static.www.nfl.com/image/private/f_auto,q_auto/league/c58wtolxq0xk2bu1sijd"
Jason Moore,"https://static.www.nfl.com/image/private/f_auto,q_auto/league/gbbc1ckeorj74mpfvstq"
Jason Peters,"https://static.www.nfl.com/image/upload/f_auto,q_auto/league/xcsyqvrlrpe6s3d0rodq"
Jason Phillips,"https://static.www.nfl.com/image/private/f_auto,q_auto/league/p7edqe0flguokou7comf"
Jason Pociask,"https://static.www.nfl.com/image/private/f_auto,q_auto/league/gdibgly7vb8ld2h1xllz"
Jason Rader,"https://static.www.nfl.com/image/private/f_auto,q_auto/league/ck0cqmgcz8frsk2hdvx0"
Jason Sanders,"https://static.www.nfl.com/image/upload/f_auto,q_auto/league/k3ldptfygihmqgl2eir6"
Jason Snelling,"https://static.www.nfl.com/image/private/f_auto,q_auto/league/zocjg37vnmgjggnvu6bz"
Jason Starkey,"https://static.www.nfl.com/image/private/f_auto,q_auto/league/ajjebipnwcxa3jliudpw"
Jason Tucker,"https://static.www.nfl.com/image/private/f_auto,q_auto/league/tpwdfatmw7xapqbeoky9"
Jason Witten,"https://static.www.nfl.com/image/private/f_auto,q_auto/league/r7uafhtwuexuaty0nhsc"
Jason Wright,"https://static.www.nfl.com/image/private/f_auto,q_auto/league/spdj4r3hg5r04ylndxzq"
Jauan Jennings,"https://static.www.nfl.com/image/upload/f_auto,q_auto/league/ben8kbygzzlid6ltmdum"
Javarris James,"https://static.www.nfl.com/image/private/f_auto,q_auto/league/a8uvakmr70ngsudqbxzh"
Javin Hunter,"https://static.www.nfl.com/image/private/f_auto,q_auto/league/qaguc5ysvifyhreeo6co"
Javon Baker,"https://static.www.nfl.com/image/upload/f_auto,q_auto/league/wlbxcwbm2byh2lnfhlam"
Javon Ringer,"https://static.www.nfl.com/image/private/f_auto,q_auto/league/ojz3hk7welv30galevuj"
Javon Walker,"https://static.www.nfl.com/image/private/f_auto,q_auto/league/v4egqypmgutcrkxhfuz0"
Javon Wims,"https://static.www.nfl.com/image/private/f_auto,q_auto/league/yz9qgdgesqc9nbkv832p"
Javonte Williams,"https://static.www.nfl.com/image/upload/f_auto,q_auto/league/xvwroirev2kie6oiphtz"
Javontee Herndon,"https://static.www.nfl.com/image/private/f_auto,q_auto/league/ocgpnvzggzfmcsvupii1"
Javorius Allen,"https://static.www.nfl.com/image/private/f_auto,q_auto/league/jguqo1kwlkfamf537de0"
Jawhar Jordan,"https://static.www.nfl.com/image/upload/f_auto,q_auto/league/mdov6nge0ui6pc3kx0l2"
Jawill Davis,"https://static.www.nfl.com/image/private/f_auto,q_auto/league/ovxnuaqurfd2nccer8is"
Jaxon Smith-Njigba,"https://static.www.nfl.com/image/upload/f_auto,q_auto/league/yx1xjrupbqdknnjaq4a6"
Jay Ajayi,"https://static.www.nfl.com/image/private/f_auto,q_auto/league/bt0drbhvsjykf2xxvskx"
Jay Carroll,"https://static.www.nfl.com/image/private/f_auto,q_auto/league/gqsijb9te3olcpl256i3"
Jay Feely,"https://static.www.nfl.com/image/private/f_auto,q_auto/league/ncfkhjulzxlddszqfm2u"
Jay Graham,"https://static.www.nfl.com/image/private/f_auto,q_auto/league/ga4dqm5zux4yrqyts2ik"
Jay Novacek,"https://static.www.nfl.com/image/private/f_auto,q_auto/league/shhxhfbwqiknznsqqfr0"
Jay Prosch,"https://static.www.nfl.com/image/private/f_auto,q_auto/league/qfxm205gqvzzpy0z2oyw"
Jay Repko,"https://static.www.nfl.com/image/private/f_auto,q_auto/league/bp5q983pwf5ts4m3rg72"
Jay Riemersma,"https://static.www.nfl.com/image/private/f_auto,q_auto/league/frgmk5ijsefbt184h8sd"
Jay Saldi,"https://static.www.nfl.com/image/private/f_auto,q_auto/league/ktioqedjvuroa0ffyk0d"
Jay Tant,"https://static.www.nfl.com/image/private/f_auto,q_auto/league/hqr5qbml7n0soxmy7d1k"
Jayden Higgins,"https://static.www.nfl.com/image/upload/f_auto,q_auto/league/s3zuo0ysm9ncxr9o4420"
Jayden Reed,"https://static.www.nfl.com/image/upload/f_auto,q_auto/league/uhb95fij1uo92ymqxpmg"
Jaydon Blue,"https://static.www.nfl.com/image/upload/f_auto,q_auto/league/lscygdlqczomp0l9oykv"
Jaydon Mickens,"https://static.www.nfl.com/image/private/f_auto,q_auto/league/edjmdcnmfcqucsqym7ku"
Jaylen Samuels,"https://static.www.nfl.com/image/private/f_auto,q_auto/league/stceem3dtyjhdlqlaqxn"
Jaylen Waddle,"https://static.www.nfl.com/image/upload/f_auto,q_auto/league/gkh7m1jedon9mwn5jlf1"
Jaylen Warren,"https://static.www.nfl.com/image/upload/f_auto,q_auto/league/dkiteytgnxar1mpaxcxv"
Jaylen Wright,"https://static.www.nfl.com/image/upload/f_auto,q_auto/league/feeuommtlmpvuxvtb1zt"
Jaylin Lane,"https://static.www.nfl.com/image/upload/f_auto,q_auto/league/fa5ufxqxs3hzioih3cfb"
Jaylin Noel,"https://static.www.nfl.com/image/upload/f_auto,q_auto/league/ehlm8w4afdqoisx1e6as"
Jaymar Johnson,"https://static.www.nfl.com/image/private/f_auto,q_auto/league/phjal4sbgm1ikhjzehmw"
Jazz Jackson,"https://static.www.nfl.com/image/private/f_auto,q_auto/league/tjngfxgvrtzyqm8ysetk"
Je'Ron Hamm,"https://static.www.nfl.com/image/private/f_auto,q_auto/league/dcfsyc5n4pyryy9sftny"
Jean Fugett,"https://static.www.nfl.com/image/private/f_auto,q_auto/league/h5cdf1bgjrjqjc4rz63f"
Jeb Putzier,"https://static.www.nfl.com/image/private/f_auto,q_auto/league/osae9a6y8mgztjsfrjz3"
Jed Collins,"https://static.www.nfl.com/image/private/f_auto,q_auto/league/qbkykf4phf6wm37mecpf"
Jed Weaver,"https://static.www.nfl.com/image/private/f_auto,q_auto/league/a243fguhchypybpfvfo9"
Jeff Alexander,"https://static.www.nfl.com/image/private/f_auto,q_auto/league/ibdfomahxyxlgnt7e5ty"
Jeff Bostic,"https://static.www.nfl.com/image/private/f_auto,q_auto/league/qg5trgem5okfnvemcuiu"
Jeff Campbell,"https://static.www.nfl.com/image/private/f_auto,q_auto/league/bsd4wvbok4dydchuvryf"
Jeff Chadwick,"https://static.www.nfl.com/image/private/f_auto,q_auto/league/ie0xdcrsm2lmoczh0bwy"
Jeff Cothran,"https://static.www.nfl.com/image/private/f_auto,q_auto/league/sttnxdxnwakvhbuv1n5s"
Jeff Cumberland,"https://static.www.nfl.com/image/private/f_auto,q_auto/league/c87plzwz1aj8haowwxcq"
Jeff Demps,"https://static.www.nfl.com/image/private/f_auto,q_auto/league/amy0uxm1gxufnedtyx4w"
Jeff Driskel,"https://static.www.nfl.com/image/upload/f_auto,q_auto/league/qvyjv4da7ya6erhqx67m"
Jeff Dugan,"https://static.www.nfl.com/image/private/f_auto,q_auto/league/dqgzerotqaoeejanvvzd"
Jeff Faine,"https://static.www.nfl.com/image/private/f_auto,q_auto/league/vvsrvfz8zfafzfqigivi"
Jeff Garcia,"https://static.www.nfl.com/image/private/f_auto,q_auto/league/bysr1fkpqdhljtvlkcrm"
Jeff Graham,"https://static.www.nfl.com/image/private/f_auto,q_auto/league/mqzq4wjc9gvcgexxi6pj"
Jeff Groth,"https://static.www.nfl.com/image/private/f_auto,q_auto/league/mkfph6p5laskjjyrpttd"
Jeff Heuerman,"https://static.www.nfl.com/image/private/f_auto,q_auto/league/u3cggxnuwxem6rnkwzvg"
Jeff Hill,"https://static.www.nfl.com/image/private/f_auto,q_auto/league/ahlj1hvqznvuulnhjmc7"
Jeff Hostetler,"https://static.www.nfl.com/image/private/f_auto,q_auto/league/apjisc45plyskzivcfqe"
Jeff Janis,"https://static.www.nfl.com/image/private/f_auto,q_auto/league/fldhv9nvnmafss3r9tn2"
Jeff Jordan,
Jeff King,"https://static.www.nfl.com/image/private/f_auto,q_auto/league/qhwgsgrmhstkrrgxllij"
Jeff Kinney,"https://static.www.nfl.com/image/private/f_auto,q_auto/league/pymnvqynmvdu42z0trcc"
Jeff Lee,"https://static.www.nfl.com/image/private/f_auto,q_auto/league/unxazaxkve8u7nyco9mq"
Jeff Maehl,"https://static.www.nfl.com/image/private/f_auto,q_auto/league/uc7rgsravdmlh1atccsn"
Jeff Moore,"https://static.www.nfl.com/image/private/f_auto,q_auto/league/a397izhg2k2pw2yh2pdo"
Jeff Ogden,"https://static.www.nfl.com/image/private/f_auto,q_auto/league/nypmwtlayslqawwqg71u"
Jeff Parker,"https://static.www.nfl.com/image/private/f_auto,q_auto/league/i7js4uviumfqmno9ul0y"
Jeff Parks,"https://static.www.nfl.com/image/private/f_auto,q_auto/league/qig1picuwc3wh5ktlnj5"
Jeff Queen,"https://static.www.nfl.com/image/private/f_auto,q_auto/league/rytj8umoai5aqgte0v9y"
Jeff Query,"https://static.www.nfl.com/image/private/f_auto,q_auto/league/vfjhxg0nd32nl0krinau"
Jeff Robinson,"https://static.www.nfl.com/image/private/f_auto,q_auto/league/hzr4biseccoanwj3jfhb"
Jeff Rodenberger,"https://static.www.nfl.com/image/private/f_auto,q_auto/league/n5i85pmuxqnqdujrhnbc"
Jeff Sevy,"https://static.www.nfl.com/image/private/f_auto,q_auto/league/n6msn1reqqgvqqnrbbxn"
Jeff Smith,"https://static.www.nfl.com/image/upload/f_auto,q_auto/league/nrlg2m2ohbrp0duq1g3b"
Jeff Sydner,"https://static.www.nfl.com/image/private/f_auto,q_auto/league/evlxzceecc3f8iljtpjj"
Jeff Thomason,"https://static.www.nfl.com/image/private/f_auto,q_auto/league/fwlpldzkqlgxyyefdmen"
Jeff Webb,"https://static.www.nfl.com/image/private/f_auto,q_auto/league/q6kpfiredunvnde3zywo"
Jeff West,"https://static.www.nfl.com/image/private/f_auto,q_auto/league/j6uyaxt5iooocvwjbjuy"
Jeff Wilner,"https://static.www.nfl.com/image/private/f_auto,q_auto/league/ogw99nsyxmxb2hp9paaa"
Jeff Wilson,"https://static.www.nfl.com/image/private/f_auto,q_auto/league/zorqrtlrizlltgd6pnob"
Jeff Womack,"https://static.www.nfl.com/image/private/f_auto,q_auto/league/yfbfz90cb7z0ixry85b5"
Jeffery Simmons,"https://static.www.nfl.com/image/upload/f_auto,q_auto/league/lt545qfibz7n9jlqyqov"
Jehu Chesson,"https://static.www.nfl.com/image/private/f_auto,q_auto/league/nmn44gw214duhlpzasyi"
Jelani Woods,"https://static.www.nfl.com/image/upload/f_auto,q_auto/league/bnezem4laynlarqnpyc5"
Jerald Moore,"https://static.www.nfl.com/image/private/f_auto,q_auto/league/osodu4fkldj8ngabmhap"
Jerald Sowell,"https://static.www.nfl.com/image/private/f_auto,q_auto/league/cvpqprvcmfgqbsppc2vj"
Jerame Tuman,"https://static.www.nfl.com/image/private/f_auto,q_auto/league/pmb6mm1ymwyzliiqm4fn"
Jerell Adams,"https://static.www.nfl.com/image/private/f_auto,q_auto/league/euwosft7xb84upuhbutp"
Jeremi Johnson,"https://static.www.nfl.com/image/private/f_auto,q_auto/league/tddjs7yf6cbwcotazkkg"
Jeremiah Johnson,"https://static.www.nfl.com/image/private/f_auto,q_auto/league/usqd5f2jndrxie9vchon"
Jeremy Brigham,"https://static.www.nfl.com/image/private/f_auto,q_auto/league/bcg9im99musloazyjzuo"
Jeremy Butler,"https://static.www.nfl.com/image/private/f_auto,q_auto/league/jjbnpsdo2knl6c710ix3"
Jeremy Ebert,"https://static.www.nfl.com/image/private/f_auto,q_auto/league/rahszex1yxjrkjhiwnjb"
Jeremy Hill,"https://static.www.nfl.com/image/private/f_auto,q_auto/league/rafvidcbp023aupumccx"
Jeremy Kerley,"https://static.www.nfl.com/image/private/f_auto,q_auto/league/lsfc40maht2r3k0ctu1b"
Jeremy Langford,"https://static.www.nfl.com/image/private/f_auto,q_auto/league/ezohep8ggqmwfa1eqy4m"
Jeremy Maclin,"https://static.www.nfl.com/image/private/f_auto,q_auto/league/tvlsuugnbn0idb0tbtgw"
Jeremy McDaniel,"https://static.www.nfl.com/image/private/f_auto,q_auto/league/p387dy3dqcvg6labnh1k"
Jeremy McNichols,"https://static.www.nfl.com/image/upload/f_auto,q_auto/league/xcrgrtlk6ukrshtlnr5e"
Jeremy Ross,"https://static.www.nfl.com/image/private/f_auto,q_auto/league/r5cp8mxbvtn7tomfavni"
Jeremy Ruckert,"https://static.www.nfl.com/image/upload/f_auto,q_auto/league/bcqcta7r1uee3rqhejdh"
Jeremy Shockey,"https://static.www.nfl.com/image/private/f_auto,q_auto/league/oe4d8uw9nbhjtivrsmgu"
Jeremy Sprinkle,"https://static.www.nfl.com/image/private/f_auto,q_auto/league/cncqiyqmj7ohm5k70bog"
Jeremy Stewart,"https://static.www.nfl.com/image/private/f_auto,q_auto/league/rr4q0l6mb19nwohj1szn"
Jerheme Urban,"https://static.www.nfl.com/image/private/f_auto,q_auto/league/f0mtu7hti7l4p2er53jj"
Jerick McKinnon,"https://static.www.nfl.com/image/private/f_auto,q_auto/league/yezxe2j778cndbhkxwez"
Jerious Norwood,"https://static.www.nfl.com/image/private/f_auto,q_auto/league/qw084awtby41mgiyoabo"
Jermaine Burton,"https://static.www.nfl.com/image/upload/f_auto,q_auto/league/t8hbhbctckogm9aod0ea"
Jermaine Fazande,"https://static.www.nfl.com/image/private/f_auto,q_auto/league/xk1mcslqmalzwdf9if28"
Jermaine Gresham,"https://static.www.nfl.com/image/private/f_auto,q_auto/league/higvmot083ues41wbdgi"
Jermaine Kearse,"https://static.www.nfl.com/image/private/f_auto,q_auto/league/z6wxyn3r1bdgc0u0mzr6"
Jermaine Lewis,"https://static.www.nfl.com/image/private/f_auto,q_auto/league/ykycrh97ua7spn6ambhe"
Jermaine Ross,"https://static.www.nfl.com/image/private/f_auto,q_auto/league/uprnskxfaf5ifjspmdjl"
Jermaine Wiggins,"https://static.www.nfl.com/image/private/f_auto,q_auto/league/nrnxlxmqxbgc0kwgbair"
Jermaine Williams,"https://static.www.nfl.com/image/private/f_auto,q_auto/league/pnfz4xo97zyfxnskqivo"
Jermar Jefferson,"https://static.www.nfl.com/image/upload/f_auto,q_auto/league/bkgrgirrdwlm05vqg74b"
Jermichael Finley,"https://static.www.nfl.com/image/private/f_auto,q_auto/league/s1hfogrew6ypcgdklquv"
Jerome Barkum,"https://static.www.nfl.com/image/private/f_auto,q_auto/league/srtu2wycavvwrrfsk15w"
Jerome Bettis,"https://static.www.nfl.com/image/private/f_auto,q_auto/league/zqdmcbadbq7eo8tvjwas"
Jerome Cunningham,"https://static.www.nfl.com/image/private/f_auto,q_auto/league/hmszkqofxzqzxqbuawhq"
Jerome Felton,"https://static.www.nfl.com/image/private/f_auto,q_auto/league/mkg1584egfz8psc6gca7"
Jerome Ford,"https://static.www.nfl.com/image/upload/f_auto,q_auto/league/rntmoum7ncnyo5j2bdei"
Jerome Harrison,"https://static.www.nfl.com/image/private/f_auto,q_auto/league/lmnola0pmzwchwanxapy"
Jerome Mathis,"https://static.www.nfl.com/image/private/f_auto,q_auto/league/nvpp1hts7v3qmf2v8aum"
Jerome Pathon,"https://static.www.nfl.com/image/private/f_auto,q_auto/league/gbu6ylo04tongpqskmam"
Jerome Simpson,"https://static.www.nfl.com/image/private/f_auto,q_auto/league/zuyscuvgyqgk8ka0f8ca"
Jeromey Clary,"https://static.www.nfl.com/image/private/f_auto,q_auto/league/gvfwkyciz1lye3dsqekx"
Jeron Mastrud,"https://static.www.nfl.com/image/private/f_auto,q_auto/league/ij3ikiaxjjoosoxbynjh"
Jerone Davison,"https://static.www.nfl.com/image/private/f_auto,q_auto/league/ravinlbnb8idwsfdx8j9"
Jerramy Stevens,"https://static.www.nfl.com/image/private/f_auto,q_auto/league/bzqc03pvcgykrrtxqnav"
Jerrel Jernigan,"https://static.www.nfl.com/image/private/f_auto,q_auto/league/i6yis5sgwjzlgmkenrzu"
Jerricho Cotchery,"https://static.www.nfl.com/image/private/f_auto,q_auto/league/hkq2dmfj7mbgbuejiloy"
Jerris McPhail,"https://static.www.nfl.com/image/private/f_auto,q_auto/league/swyztor5c8qvz498qkvg"
Jerrold McRae,"https://static.www.nfl.com/image/private/f_auto,q_auto/league/eyml9fi79lqdg9clnarv"
Jerry Bell,"https://static.www.nfl.com/image/private/f_auto,q_auto/league/kclerudd80h0gwovsdkh"
Jerry Broadnax,"https://static.www.nfl.com/image/private/f_auto,q_auto/league/gkncziwhzvao10dlyati"
Jerry Butler,"https://static.www.nfl.com/image/private/f_auto,q_auto/league/w7fpa5ahxhxrpz4v6gyw"
Jerry Daanen,
Jerry Eckwood,"https://static.www.nfl.com/image/private/f_auto,q_auto/league/nlaf7kuhjxyc9gzbghbo"
Jerry Ellison,"https://static.www.nfl.com/image/private/f_auto,q_auto/league/j5veavwqnduezweborrh"
Jerry Evans,"https://static.www.nfl.com/image/private/f_auto,q_auto/league/m914tysq4kk6bwcxspfm"
Jerry Hill,
Jerry Hillebrand,
Jerry Jeudy,"https://static.www.nfl.com/image/upload/f_auto,q_auto/league/szca1v9butuqkjs7ekpm"
Jerry Kauric,"https://static.www.nfl.com/image/private/f_auto,q_auto/league/fjguivoehr1vnfdfkd6q"
Jerry Latin,"https://static.www.nfl.com/image/private/f_auto,q_auto/league/eiohj8smubpdvdsyvc5k"
Jerry LeVias,"https://static.www.nfl.com/image/private/f_auto,q_auto/league/ssacw94ddykgriruttzv"
Jerry Marion,
Jerry Porter,"https://static.www.nfl.com/image/private/f_auto,q_auto/league/egfj3wzahvm6d7tjb7sb"
Jerry Reese,"https://static.www.nfl.com/image/private/f_auto,q_auto/league/i1wzn3bnlznrvlgtbi2e"
Jerry Reichow,
Jerry Rice,"https://static.www.nfl.com/image/private/f_auto,q_auto/league/ngc4wp7ui81ilqj4i74c"
Jerry Richardson,
Jerry Simmons,"https://static.www.nfl.com/image/private/f_auto,q_auto/league/tzcmpiqqnsvfdrdbumib"
Jerry Smith,"https://static.www.nfl.com/image/private/f_auto,q_auto/league/todu20pkppemp0onlqix"
Jesper Horsted,"https://static.www.nfl.com/image/private/f_auto,q_auto/league/mqbodeysdvvvuhkctewa"
Jess Phillips,"https://static.www.nfl.com/image/private/f_auto,q_auto/league/ghcuzifpo2jquiwqgjnx"
Jesse Anderson,"https://static.www.nfl.com/image/private/f_auto,q_auto/league/bjbpolu52ocdufgc5hmw"
Jesse Bendross,"https://static.www.nfl.com/image/private/f_auto,q_auto/league/y57592j3pxrnl8c8wmrq"
Jesse Chatman,"https://static.www.nfl.com/image/private/f_auto,q_auto/league/zhbviiyi0cueml7wvrez"
Jesse Holley,"https://static.www.nfl.com/image/private/f_auto,q_auto/league/u1ublhggpb9crqaeiwmv"
Jesse James,"https://static.www.nfl.com/image/private/f_auto,q_auto/league/rgk9zqdx9lmbcblem3xn"
Jesse Myles,"https://static.www.nfl.com/image/private/f_auto,q_auto/league/wv8i2yx2bmkudnuuvmcx"
Jesse Thompson,"https://static.www.nfl.com/image/private/f_auto,q_auto/league/zqrcdpentnpd3rlivdtx"
Jessie Clark,"https://static.www.nfl.com/image/private/f_auto,q_auto/league/z1twtanvv7xjt7qu5gp8"
Jessie Green,"https://static.www.nfl.com/image/private/f_auto,q_auto/league/tdhcmwdakbqgpfphljku"
Jessie Hester,"https://static.www.nfl.com/image/private/f_auto,q_auto/league/gq1tmzhuosz6woghskel"
Jewerl Thomas,"https://static.www.nfl.com/image/private/f_auto,q_auto/league/a82vgxl1p2nhasvhfhrp"
Jha'Quan Jackson,"https://static.www.nfl.com/image/upload/f_auto,q_auto/league/xzqucxk9wawtcmyocqr9"
Jim Beirne,"https://static.www.nfl.com/image/private/f_auto,q_auto/league/v1wmukxsen2gb6nczdrx"
Jim Bertelsen,"https://static.www.nfl.com/image/private/f_auto,q_auto/league/zotxhmwxfaeuao69gz6q"
Jim Boylan,
Jim Boyle,"https://static.www.nfl.com/image/private/f_auto,q_auto/league/ctydpzdtjd36jdwmuyrj"
Jim Braxton,"https://static.www.nfl.com/image/private/f_auto,q_auto/league/r94tgajkk3qym8z5wr2i"
Jim Brown,
Jim Browne,"https://static.www.nfl.com/image/private/f_auto,q_auto/league/zqndpxpzedg97ifmag36"
Jim Collier,
Jim Corbett,
Jim Culbreath,"https://static.www.nfl.com/image/private/f_auto,q_auto/league/h1sbp8ihscjo20ueyjiu"
Jim Cunningham,
Jim Dooley,
Jim Doran,
Jim Dray,"https://static.www.nfl.com/image/private/f_auto,q_auto/league/p8pyujltnfdj3qnbh7yi"
Jim Finn,"https://static.www.nfl.com/image/private/f_auto,q_auto/league/fygw2zoowx6dtdrvwhhq"
Jim Flanigan,"https://static.www.nfl.com/image/private/f_auto,q_auto/league/m0rivrmtdadmozamyitg"
Jim Gibbons,
Jim Grabowski,
Jim Gueno,"https://static.www.nfl.com/image/private/f_auto,q_auto/league/idqkzyhallwkafy3hifg"
Jim Gustafson,"https://static.www.nfl.com/image/private/f_auto,q_auto/league/ltgunmcqkxwicmoehblr"
Jim Harbaugh,"https://static.www.nfl.com/image/private/f_auto,q_auto/league/twafi9vpvkbhnzzlgfij"
Jim Harrison,"https://static.www.nfl.com/image/private/f_auto,q_auto/league/jxhuvolrcek2eemeb3y6"
Jim Hart,"https://static.www.nfl.com/image/private/f_auto,q_auto/league/wk8ttd1noffeqk9sy9qt"
Jim Haslett,"https://static.www.nfl.com/image/private/f_auto,q_auto/league/sng3qadvurvum8qwye27"
Jim Hooks,"https://static.www.nfl.com/image/private/f_auto,q_auto/league/um2sq8w6xku30o9dtw6o"
Jim Houston,
Jim Jackson,
Jim Jensen,"https://static.www.nfl.com/image/private/f_auto,q_auto/league/zn439kcpcl5b2xyanq0a"
Jim Jodat,"https://static.www.nfl.com/image/private/f_auto,q_auto/league/xogolo98ozdofs4yhdvt"
Jim Jones,"https://static.www.nfl.com/image/private/f_auto,q_auto/league/f5w97fuqcolne95wjdnj"
Jim Kelly,"https://static.www.nfl.com/image/private/f_auto,q_auto/league/mb49iw7qrejhtdcqpraj"
Jim Kiick,"https://static.www.nfl.com/image/private/f_auto,q_auto/league/s7zwtrymo49xmzqhgkjt"
Jim Kleinsasser,
Jim Krieg,
Jim Lash,"https://static.www.nfl.com/image/private/f_auto,q_auto/league/wu7qd9mvbdam7lbmnbv0"
Jim Lindsey,
Jim Mandich,"https://static.www.nfl.com/image/private/f_auto,q_auto/league/mzdnmyarg6tjti4zt6us"
Jim Mankins,
Jim McFarland,"https://static.www.nfl.com/image/private/f_auto,q_auto/league/e71geymedxtzbzpdsltb"
Jim McMahon,"https://static.www.nfl.com/image/private/f_auto,q_auto/league/lebvefpsnyrrseabqo3i"
Jim Mitchell,"https://static.www.nfl.com/image/private/f_auto,q_auto/league/genfqcrszzdtaqcr6f0k"
Jim Mutscheller,
Jim Nance,
Jim O'Brien,
Jim Obradovich,"https://static.www.nfl.com/image/private/f_auto,q_auto/league/bpkjs1z3vkl7yqdi0kav"
Jim Otis,"https://static.www.nfl.com/image/private/f_auto,q_auto/league/zh0ohjuvxfnv8nbdgpgb"
Jim Podoley,
Jim Price,"https://static.www.nfl.com/image/private/f_auto,q_auto/league/tsoaqseuitslvpqq4xzn"
Jim Riggs,"https://static.www.nfl.com/image/private/f_auto,q_auto/league/wdxjjaatpbdro0migr6d"
Jim Robinson,
Jim Seymour,
Jim Smith,"https://static.www.nfl.com/image/private/f_auto,q_auto/league/antpcpugjbycthjhgicl"
Jim Stiger,
Jim Strong,
Jim Taylor,
Jim Thaxton,"https://static.www.nfl.com/image/private/f_auto,q_auto/league/czpjl9nbnldeo8fkihde"
Jim Turner,"https://static.www.nfl.com/image/private/f_auto,q_auto/league/qdv0t3hvfhwedljdwxwc"
Jim Van Wagner,
Jim Vollenweider,
Jim Whalen,
Jim Wulff,
Jim Zorn,"https://static.www.nfl.com/image/private/f_auto,q_auto/league/xburzguemvvfk9okdp9e"
Jimmie Giles,"https://static.www.nfl.com/image/private/f_auto,q_auto/league/u8xh5oxykc5bnchgrmpq"
Jimmie Johnson,"https://static.www.nfl.com/image/private/f_auto,q_auto/league/d0xxnqkytyexwbejhsns"
Jimmie Jones,"https://static.www.nfl.com/image/private/f_auto,q_auto/league/seoxi9ixuj8c4xqg1fut"
Jimmie Kennedy,"https://static.www.nfl.com/image/private/f_auto,q_auto/league/zzfbgnlhxbwywmbo0c4i"
Jimmy Cefalo,"https://static.www.nfl.com/image/private/f_auto,q_auto/league/p6aep1xoy0ucdxwleoxp"
Jimmy Childs,"https://static.www.nfl.com/image/private/f_auto,q_auto/league/xreygb0ogqbishdaqgzc"
Jimmy DuBose,"https://static.www.nfl.com/image/private/f_auto,q_auto/league/k1fcrt0n3du0dxbltllp"
Jimmy Edwards,"https://static.www.nfl.com/image/private/f_auto,q_auto/league/pu2au7mesb3jyu9cmzes"
Jimmy Farris,"https://static.www.nfl.com/image/private/f_auto,q_auto/league/pik0xjlg4mtpdslwurlt"
Jimmy Garoppolo,"https://static.www.nfl.com/image/upload/f_auto,q_auto/league/ivz3zwvjxvgcu4dzabur"
Jimmy Graham,"https://static.www.nfl.com/image/private/f_auto,q_auto/league/h7xs06oj6g03mippwtse"
Jimmy Hargrove,
Jimmy Hester,
Jimmy Horn Jr.,"https://static.www.nfl.com/image/upload/f_auto,q_auto/league/gggcgfbghcft0xwxtrhk"
Jimmy Johnson,"https://static.www.nfl.com/image/private/f_auto,q_auto/league/q2czdrpowvjrdwjkndxw"
Jimmy Orr,
Jimmy Raye,"https://static.www.nfl.com/image/private/f_auto,q_auto/league/qwmylf2qw83mgtaalqxu"
Jimmy Redmond,"https://static.www.nfl.com/image/private/f_auto,q_auto/league/rotbwcmepkht0um4v17b"
Jimmy Rogers,"https://static.www.nfl.com/image/private/f_auto,q_auto/league/t8csexyilrc9trlka8qa"
Jimmy Sidle,
Jimmy Smith,"https://static.www.nfl.com/image/private/f_auto,q_auto/league/zgvlthadzlf0q6thnktj"
Jimmy Teal,"https://static.www.nfl.com/image/private/f_auto,q_auto/league/qwn5mw8wuzxqkju3mpwi"
Jimmy Thomas,
Jo-Jo Townsell,"https://static.www.nfl.com/image/private/f_auto,q_auto/league/bc75bvsvguvmihcqkf9z"
Joe Adams,"https://static.www.nfl.com/image/private/f_auto,q_auto/league/lpc12417syntfirc36xd"
Joe Andruzzi,"https://static.www.nfl.com/image/private/f_auto,q_auto/league/me9skfongiitajxljn6j"
Joe Aska,"https://static.www.nfl.com/image/private/f_auto,q_auto/league/lzdnzab04folvqrkamgf"
Joe Banyard,"https://static.www.nfl.com/image/private/f_auto,q_auto/league/lfs1r2hsxdjmhp57mjvw"
Joe Burns,"https://static.www.nfl.com/image/private/f_auto,q_auto/league/hwgewxin7d8rfehheac2"
Joe Caravello,"https://static.www.nfl.com/image/private/f_auto,q_auto/league/izcfvxalphnr5vhqjqcc"
Joe Carter,"https://static.www.nfl.com/image/private/f_auto,q_auto/league/hdwntnhbk51du9rxiq8n"
Joe Chetti,"https://static.www.nfl.com/image/private/f_auto,q_auto/league/metly1qyqxcheuibndaw"
Joe Childress,
Joe Cribbs,"https://static.www.nfl.com/image/private/f_auto,q_auto/league/fqgkdlewofifm2sabike"
Joe Danelo,"https://static.www.nfl.com/image/private/f_auto,q_auto/league/sokpcz5hm2nqi5wijye7"
Joe Davenport,
Joe Dawkins,"https://static.www.nfl.com/image/private/f_auto,q_auto/league/flekoru434xs5hltd6gu"
Joe Delaney,"https://static.www.nfl.com/image/private/f_auto,q_auto/league/bir6vqvtfv8sruhkxy8e"
Joe Don Looney,
Joe Dudek,"https://static.www.nfl.com/image/private/f_auto,q_auto/league/fktfq0b1dtnrrl52xkul"
Joe Ferguson,"https://static.www.nfl.com/image/private/f_auto,q_auto/league/i76emcealpcn4gpsawpp"
Joe Flacco,"https://static.www.nfl.com/image/upload/f_auto,q_auto/league/dre1d2f2d6dxqohzn5l2"
Joe Hernandez,
Joe Horn,"https://static.www.nfl.com/image/private/f_auto,q_auto/league/dkzzf0q8bxid4peyyobl"
Joe Johnson,"https://static.www.nfl.com/image/private/f_auto,q_auto/league/ispcqclpqiengkygnnll"
Joe Jones,"https://static.www.nfl.com/image/private/f_auto,q_auto/league/mmxdnoi9icjqoanmivwy"
Joe Jurevicius,"https://static.www.nfl.com/image/private/f_auto,q_auto/league/b9o3kktlagtklqzoq2f1"
Joe Kerridge,"https://static.www.nfl.com/image/private/f_auto,q_auto/league/jq2lqxdjddotlgnpvpyu"
Joe Klopfenstein,"https://static.www.nfl.com/image/private/f_auto,q_auto/league/qyi8rko4uzvb2beecue5"
Joe Kowalewski,"https://static.www.nfl.com/image/private/f_auto,q_auto/league/r8lkozcf0g8arh004gz7"
Joe Marconi,
Joe McIntosh,"https://static.www.nfl.com/image/private/f_auto,q_auto/league/ligrz85mz6buqegakyqg"
Joe McKnight,"https://static.www.nfl.com/image/private/f_auto,q_auto/league/jnac4mfjo8givee9h2nz"
Joe Mixon,"https://static.www.nfl.com/image/upload/f_auto,q_auto/league/gwyhozfhjgedwdmmjjcf"
Joe Moore,
Joe Morgan,
Joe Morris,"https://static.www.nfl.com/image/private/f_auto,q_auto/league/eghc9nhfbt6o7yin73ra"
Joe Morrison,
Joe Orduna,"https://static.www.nfl.com/image/private/f_auto,q_auto/league/noedpowrkemr4dslhp73"
Joe Perry,
Joe Profit,
Joe Rose,"https://static.www.nfl.com/image/private/f_auto,q_auto/league/ow0dwox1bpgadbzyuk5r"
Joe Scibelli,"https://static.www.nfl.com/image/private/f_auto,q_auto/league/csvi3yoc8b0byuvmz6bq"
Joe Senser,"https://static.www.nfl.com/image/private/f_auto,q_auto/league/edlklqqngctxlvqk8frg"
Joe Shipp,
Joe Staley,"https://static.www.nfl.com/image/private/f_auto,q_auto/league/vzmoz5duiuoocv4qnyhl"
Joe Stewart,"https://static.www.nfl.com/image/private/f_auto,q_auto/league/uzd9hwp4qyqts1yn3xjl"
Joe Sweet,"https://static.www.nfl.com/image/private/f_auto,q_auto/league/lbecj7awfadanxcpqmkb"
Joe Valerio,"https://static.www.nfl.com/image/private/f_auto,q_auto/league/ph0seamyfbah5hwtyhhn"
Joe Walton,
Joe Washington,"https://static.www.nfl.com/image/private/f_auto,q_auto/league/s3g5nwoh8qgn2ecsrhhm"
Joe Webb,"https://static.www.nfl.com/image/private/f_auto,q_auto/league/hjieero9ugbyu7n1629h"
Joe Williams,"https://static.www.nfl.com/image/private/f_auto,q_auto/league/lkevmpbeefxghk7jriob"
Joe Wilson,"https://static.www.nfl.com/image/private/f_auto,q_auto/league/ocz8sqmrixuhx73izs8g"
Joe Womack,
Joel Dreessen,"https://static.www.nfl.com/image/private/f_auto,q_auto/league/xgva6t1dze5jwk1pcgwn"
Joel Hilgenberg,"https://static.www.nfl.com/image/private/f_auto,q_auto/league/vqvn3g4fg2v5sqhiuwz0"
Joel Makovicka,"https://static.www.nfl.com/image/private/f_auto,q_auto/league/jibp2lyi0dyfv4bnukzd"
Joel Parker,"https://static.www.nfl.com/image/private/f_auto,q_auto/league/q3nige3i4e1d1gmmiqjf"
Joel Wells,
Joey Clinkscales,"https://static.www.nfl.com/image/private/f_auto,q_auto/league/lxb8mzbvkryour6qxnq9"
Joey Galloway,"https://static.www.nfl.com/image/private/f_auto,q_auto/league/pfioccpzeifhnunjtdy2"
Joey Goodspeed,"https://static.www.nfl.com/image/private/f_auto,q_auto/league/glqqejxblupxvjrgaadd"
Joey Hackett,"https://static.www.nfl.com/image/private/f_auto,q_auto/league/ha7xzpuajmx77qjcettw"
Joey Harrington,"https://static.www.nfl.com/image/private/f_auto,q_auto/league/ybpvxm22vuwjhooyrpja"
Joey Haynos,"https://static.www.nfl.com/image/private/f_auto,q_auto/league/u93too0cgjqao4quwr5k"
Joey Jones,"https://static.www.nfl.com/image/private/f_auto,q_auto/league/tp5tjeox0vcfofpzgrg6"
Joey Kent,"https://static.www.nfl.com/image/private/f_auto,q_auto/league/dvadcpx9zdr9zoc0o4tj"
Joey Smith,"https://static.www.nfl.com/image/private/f_auto,q_auto/league/hhg5drcwj1xvqsgkxzsw"
Joey Walters,"https://static.www.nfl.com/image/private/f_auto,q_auto/league/wh2ofq4wuvhq8fduqf8j"
John Adams,
John Allred,"https://static.www.nfl.com/image/private/f_auto,q_auto/league/ggui10i6zck64nnovkup"
John Andrews,"https://static.www.nfl.com/image/private/f_auto,q_auto/league/sujbn44uxx9xwsjlvwgj"
John Aveni,
John Avery,"https://static.www.nfl.com/image/private/f_auto,q_auto/league/tqc4patmneau2eeivsg2"
John Bates,"https://static.www.nfl.com/image/upload/f_auto,q_auto/league/sqaiwpind6kk4ns4acql"
John Beasley,"https://static.www.nfl.com/image/private/f_auto,q_auto/league/nk7tsmj6bsxea601btsv"
John Booty,"https://static.www.nfl.com/image/private/f_auto,q_auto/league/oxtkb143pyyhlanhhljx"
John Brandes,"https://static.www.nfl.com/image/private/f_auto,q_auto/league/lcoeob9pran5fmarbhwd"
John Brockington,"https://static.www.nfl.com/image/private/f_auto,q_auto/league/jrbdmakro78a2szfqeya"
John Bronson,"https://static.www.nfl.com/image/private/f_auto,q_auto/league/ug0xkwrrzj2mube6f6sm"
John Broussard,"https://static.www.nfl.com/image/private/f_auto,q_auto/league/kyoe6bsbkntczk13wwhu"
John Brown,"https://static.www.nfl.com/image/private/f_auto,q_auto/league/xwyc2a0qfdxbbct6lso6"
John Burke,"https://static.www.nfl.com/image/private/f_auto,q_auto/league/bb2udyminys55jdmtfro"
John Burrell,
John Cappelletti,"https://static.www.nfl.com/image/private/f_auto,q_auto/league/izotslils1n4pvqnyvbo"
John Carlson,"https://static.www.nfl.com/image/private/f_auto,q_auto/league/tj2fwdzdz8sglodb7qra"
John Chirico,"https://static.www.nfl.com/image/private/f_auto,q_auto/league/euyd8hz1r68zpuupm6e5"
John Conner,"https://static.www.nfl.com/image/private/f_auto,q_auto/league/j7eo3s5mmcsprfvcwyoa"
John David Crow,
John Davis,"https://static.www.nfl.com/image/private/f_auto,q_auto/league/i0n1png6bwrngmloxl4k"
John Elway,"https://static.www.nfl.com/image/private/f_auto,q_auto/league/qt8ysjlaemnfczfe9ffl"
John Embree,
John Evans,"https://static.www.nfl.com/image/private/f_auto,q_auto/league/khcpkmme43dribl2gp9m"
John Farley,"https://static.www.nfl.com/image/private/f_auto,q_auto/league/z3ire4awqhbecnqd5em1"
John Farquhar,"https://static.www.nfl.com/image/private/f_auto,q_auto/league/mgy5dtocgciwxksvoxbf"
John Fina,"https://static.www.nfl.com/image/private/f_auto,q_auto/league/c1zsdqvhb1q1sj4qqsag"
John FitzPatrick,"https://static.www.nfl.com/image/upload/f_auto,q_auto/league/kopyksw2p51nivtldayc"
John Flannery,"https://static.www.nfl.com/image/private/f_auto,q_auto/league/q3hepujsspubdyygwnzz"
John Floyd,"https://static.www.nfl.com/image/private/f_auto,q_auto/league/bb8p46facb3efbxunju8"
John Ford,"https://static.www.nfl.com/image/private/f_auto,q_auto/league/yosuievq48o3hv0ciacq"
John Frank,"https://static.www.nfl.com/image/private/f_auto,q_auto/league/slig7hpqqmrcafjuruxw"
John Fuqua,"https://static.www.nfl.com/image/private/f_auto,q_auto/league/tnlsl8dvnlm5fuifmwe8"
John Garrett,"https://static.www.nfl.com/image/private/f_auto,q_auto/league/lv9yrrrqtrn10cnrfqau"
John Gerak,"https://static.www.nfl.com/image/private/f_auto,q_auto/league/uwvsbthcedu0yq0mcftg"
John Gesek,"https://static.www.nfl.com/image/private/f_auto,q_auto/league/abboqwvldzeocf266iuy"
John Gilliam,"https://static.www.nfl.com/image/private/f_auto,q_auto/league/j2pzoz8f0clmvglhf7oq"
John Gilmore,"https://static.www.nfl.com/image/private/f_auto,q_auto/league/cfr1tewo6wjomhaztvsi"
John Goode,"https://static.www.nfl.com/image/private/f_auto,q_auto/league/tlycbylhgubar8ayd2kf"
John Hadl,"https://static.www.nfl.com/image/private/f_auto,q_auto/league/jdjvuqku5r79js0b3p4p"
John Harvey,"https://static.www.nfl.com/image/private/f_auto,q_auto/league/goexcc0kl8uxghzmk6vk"
John Henderson,"https://static.www.nfl.com/image/private/f_auto,q_auto/league/hqlhcmh1xh9cismcn0lh"
John Henry Johnson,
John Henry Mills,"https://static.www.nfl.com/image/private/f_auto,q_auto/league/ghdzue7rigokjopn2doo"
John Hicks,"https://static.www.nfl.com/image/private/f_auto,q_auto/league/lylirx3dyrrvpiynaci7"
John Hightower,"https://static.www.nfl.com/image/private/f_auto,q_auto/league/ov8vehr0hojqxls6q7wr"
John Hilton,
John Holifield,"https://static.www.nfl.com/image/private/f_auto,q_auto/league/birgnjbvx30oxhqm6wfr"
John Holland,"https://static.www.nfl.com/image/private/f_auto,q_auto/league/dvmmizhki0fl3yzhyp4a"
John Isenbarger,
John Jackson,"https://static.www.nfl.com/image/upload/f_auto,q_auto/league/smfwhvyidtzd6jpgskjb"
John Jefferson,"https://static.www.nfl.com/image/private/f_auto,q_auto/league/rggmc0xrwtiq5u8afrad"
John Jones,"https://static.www.nfl.com/image/private/f_auto,q_auto/league/ixafuluxoelukswit47k"
John Kamana,"https://static.www.nfl.com/image/private/f_auto,q_auto/league/f10ptl4560ygypzujzck"
John Kelly,"https://static.www.nfl.com/image/upload/f_auto,q_auto/league/pcjtitrxadmpg7ujoddg"
John Kimbrough,"https://static.www.nfl.com/image/private/f_auto,q_auto/league/tafubopownf5pbhtixhm"
John Kuhn,"https://static.www.nfl.com/image/private/f_auto,q_auto/league/nbcwgq2o0ymmx4czvr4b"
John Love,
John Mackey,
John Madsen,"https://static.www.nfl.com/image/private/f_auto,q_auto/league/fuvzyd4cqxjuc0vcttv9"
John Mallory,
John McDaniel,
John McKay,"https://static.www.nfl.com/image/private/f_auto,q_auto/league/dvftpa2tutqqqndcegay"
John McMakin,"https://static.www.nfl.com/image/private/f_auto,q_auto/league/zjbmfgo2bwu2mhrpyrsz"
John Metchie III,"https://static.www.nfl.com/image/upload/f_auto,q_auto/league/nsjpnskeldxzbzckpfgg"
John Mistler,"https://static.www.nfl.com/image/private/f_auto,q_auto/league/mus448t57bnypzwmns38"
John Mosier,
John Owens,"https://static.www.nfl.com/image/private/f_auto,q_auto/league/j2hdxapn6edhy7xc47hf"
John Pergine,"https://static.www.nfl.com/image/private/f_auto,q_auto/league/dnsgqdrwcluqvug989i8"
John Phillips,"https://static.www.nfl.com/image/private/f_auto,q_auto/league/i1t7zl2f5t0wwj72yxj7"
John Powers,
John Riggins,"https://static.www.nfl.com/image/private/f_auto,q_auto/league/wehkyczr6mbhgqeeon5i"
John Rodgers,"https://static.www.nfl.com/image/private/f_auto,q_auto/league/tip4tsdudltfwfxbvjv1"
John Roman,"https://static.www.nfl.com/image/private/f_auto,q_auto/league/tfuzh2lyuysaxtfocv00"
John Ross,"https://static.www.nfl.com/image/upload/f_auto,q_auto/league/olf4tixsulbplr0hkas5"
John Sawyer,"https://static.www.nfl.com/image/private/f_auto,q_auto/league/hspwiurchhz3ssgzfr98"
John Schultz,"https://static.www.nfl.com/image/private/f_auto,q_auto/league/sgvr8j0mv4a8lqpdcpll"
John Settle,"https://static.www.nfl.com/image/private/f_auto,q_auto/league/ges9vl6lvlbfu61e1sne"
John Shenker,"https://static.www.nfl.com/image/private/f_auto,q_auto/league/gx0qdhwr7pdetd83ifcw"
John Simon,"https://static.www.nfl.com/image/private/f_auto,q_auto/league/bw1wixmrudu7zfc2mycl"
John Skibinski,"https://static.www.nfl.com/image/private/f_auto,q_auto/league/gaa193nsnvpc9ngfscmm"
John Spagnola,"https://static.www.nfl.com/image/private/f_auto,q_auto/league/jy8z3zwacqnj1pfzaaj0"
John Spilis,
John St. Clair,"https://static.www.nfl.com/image/private/f_auto,q_auto/league/m9amvxwtkllmjnq209ia"
John Stallworth,"https://static.www.nfl.com/image/private/f_auto,q_auto/league/qyhrxpoq3sklq4qnugy3"
John Standeford,"https://static.www.nfl.com/image/private/f_auto,q_auto/league/liugg3buowf9wo6jx1c5"
John Stephens,"https://static.www.nfl.com/image/private/f_auto,q_auto/league/osjgm9i6bxtzng1vnaor"
John Stone,"https://static.www.nfl.com/image/private/f_auto,q_auto/league/hcq3qogy28xok8imgje7"
John Tagliaferri,"https://static.www.nfl.com/image/private/f_auto,q_auto/league/nafhtldrpqbi6ad90jeb"
John Talley,"https://static.www.nfl.com/image/private/f_auto,q_auto/league/jgwqtsn1msxosraydy4j"
John Tanner,"https://static.www.nfl.com/image/private/f_auto,q_auto/league/tafcwsoipgffcbvjtno2"
John Tarver,"https://static.www.nfl.com/image/private/f_auto,q_auto/league/qsqqygzzgwvq2bxhmssh"
John Taylor,"https://static.www.nfl.com/image/private/f_auto,q_auto/league/js3eu9wheisi1ywsaopl"
John Thompson,"https://static.www.nfl.com/image/private/f_auto,q_auto/league/k90pdji4dmlowylu19ck"
John Tice,"https://static.www.nfl.com/image/private/f_auto,q_auto/league/hf3jxidiucv3jkhczacc"
John Trahan,"https://static.www.nfl.com/image/private/f_auto,q_auto/league/ujmafmynth1t7q0udwdj"
John Tuggle,"https://static.www.nfl.com/image/private/f_auto,q_auto/league/netnwlnx0cixe14no0jo"
John Ursua,"https://static.www.nfl.com/image/private/f_auto,q_auto/league/unhfaasxtecti2bpdozv"
John Waerig,"https://static.www.nfl.com/image/private/f_auto,q_auto/league/vb18e2i1nu02w0ursi4l"
John Ward,"https://static.www.nfl.com/image/private/f_auto,q_auto/league/xlskpe7jo9g7oebacaxd"
John Williams,"https://static.www.nfl.com/image/private/f_auto,q_auto/league/saukj5ilpts1kty5rfnl"
John Wright,
Johnathan Franklin,"https://static.www.nfl.com/image/private/f_auto,q_auto/league/viydhpz3j2xo0vfyspwo"
Johnnie Barnes,"https://static.www.nfl.com/image/private/f_auto,q_auto/league/n9ipebmva8zq74kjiz3m"
Johnnie Lee Higgins,"https://static.www.nfl.com/image/private/f_auto,q_auto/league/i10irrdawfkchgeqkkeb"
Johnnie Morant,"https://static.www.nfl.com/image/private/f_auto,q_auto/league/aszho4p0yzde1daabvse"
Johnnie Morton,"https://static.www.nfl.com/image/private/f_auto,q_auto/league/vgd3ryl2ptbmgth4jq7x"
Johnnie Wright,"https://static.www.nfl.com/image/private/f_auto,q_auto/league/tmhizpnyluspz2synkx5"
Johnny Bailey,"https://static.www.nfl.com/image/private/f_auto,q_auto/league/pwqohhj9uejzarxslddx"
Johnny Brewer,
Johnny Counts,
Johnny Davis,"https://static.www.nfl.com/image/private/f_auto,q_auto/league/z3qo9oxsoqs1iee29o4n"
Johnny Hector,"https://static.www.nfl.com/image/private/f_auto,q_auto/league/e2rixyggdahfcjqjdmav"
Johnny Holton,"https://static.www.nfl.com/image/private/f_auto,q_auto/league/has0upkyuzqewhty3pb2"
Johnny Huggins,
Johnny Johnson,"https://static.www.nfl.com/image/private/f_auto,q_auto/league/kc18d8ahr53vtt2svcce"
Johnny Knox,"https://static.www.nfl.com/image/private/f_auto,q_auto/league/ht04vw3wr0hsmoref7ru"
Johnny McWilliams,"https://static.www.nfl.com/image/private/f_auto,q_auto/league/tcfygw82jwlotr2qifak"
Johnny Mitchell,"https://static.www.nfl.com/image/private/f_auto,q_auto/league/wq3k1wfgvc0wakuypwyd"
Johnny Morris,
Johnny Mundt,"https://static.www.nfl.com/image/upload/f_auto,q_auto/league/gbsnomwbzavt5124vvaz"
Johnny Musso,"https://static.www.nfl.com/image/private/f_auto,q_auto/league/tcw8o5puek0sojpw7xbs"
Johnny Olszewski,
Johnny Perkins,"https://static.www.nfl.com/image/private/f_auto,q_auto/league/jgcwwaccje1rgajxzcqr"
Johnny Rodgers,"https://static.www.nfl.com/image/private/f_auto,q_auto/league/rwtokqz40ll96n8954qr"
Johnny Roland,
Johnny Shepherd,"https://static.www.nfl.com/image/private/f_auto,q_auto/league/ihg4orcalurttkech6l7"
Johnny Stanton,"https://static.www.nfl.com/image/private/f_auto,q_auto/league/fick0qg9xwij9svv1rxk"
Johnny White,"https://static.www.nfl.com/image/private/f_auto,q_auto/league/shkmfg0qlq8zgulrztow"
Johnny Wilson,"https://static.www.nfl.com/image/upload/f_auto,q_auto/league/azz7slr16byvcvbnaifa"
Joique Bell,"https://static.www.nfl.com/image/private/f_auto,q_auto/league/mpibe74w5hnraxk823vf"
Jojo Natson,
Jon Arnett,
Jon Bradley,"https://static.www.nfl.com/image/private/f_auto,q_auto/league/vhgzm6ve46vcuehc6iyr"
Jon Francis,"https://static.www.nfl.com/image/private/f_auto,q_auto/league/nva2agzdlb2szisoymgg"
Jon Henderson,
Jon Hilliman,"https://static.www.nfl.com/image/private/f_auto,q_auto/league/oagfqcqfdbieehnioifx"
Jon Keyworth,"https://static.www.nfl.com/image/private/f_auto,q_auto/league/rowt15tgeugzhc1eajjb"
Jon Kitna,"https://static.www.nfl.com/image/private/f_auto,q_auto/league/rxrfxfbom7grkpnv94cp"
Jon Ritchie,"https://static.www.nfl.com/image/private/f_auto,q_auto/league/felqlqi7bqirkbrpcudj"
Jon Staggers,"https://static.www.nfl.com/image/private/f_auto,q_auto/league/sdoxbx9pv9hfy3sywpqa"
Jon Vaughn,"https://static.www.nfl.com/image/private/f_auto,q_auto/league/sgkpmjw2tcz7pwxavxzq"
Jon Witman,"https://static.www.nfl.com/image/private/f_auto,q_auto/league/l1y3uongmpcrx679l4hc"
Jonas Gray,"https://static.www.nfl.com/image/private/f_auto,q_auto/league/ocfxpnrd4jkmyygi1ve0"
Jonathan Baldwin,
Jonathan Carter,"https://static.www.nfl.com/image/private/f_auto,q_auto/league/llkdk4qz3zgwmhp2ya6h"
Jonathan Dwyer,"https://static.www.nfl.com/image/private/f_auto,q_auto/league/eajdgcyybichzdxjd8iu"
Jonathan Grimes,"https://static.www.nfl.com/image/private/f_auto,q_auto/league/kzodfrw342cy91lw12n4"
Jonathan Hayes,"https://static.www.nfl.com/image/private/f_auto,q_auto/league/wfoubbw1xvgdtwa6jsbr"
Jonathan Krause,"https://static.www.nfl.com/image/private/f_auto,q_auto/league/jpjdauvc3yrbu6pots6o"
Jonathan Linton,"https://static.www.nfl.com/image/private/f_auto,q_auto/league/mdy90kaevz7ldsw9r5ga"
Jonathan Mingo,"https://static.www.nfl.com/image/upload/f_auto,q_auto/league/u2b8s2s0ix5hntyg3eog"
Jonathan Ogden,"https://static.www.nfl.com/image/private/f_auto,q_auto/league/nfankpq6pyoz8smsbilj"
Jonathan Smith,"https://static.www.nfl.com/image/private/f_auto,q_auto/league/ergmahtlgjhdaco3wiif"
Jonathan Stewart,"https://static.www.nfl.com/image/private/f_auto,q_auto/league/dzvxfj3xrgnzc3jbag2n"
Jonathan Stupar,"https://static.www.nfl.com/image/private/f_auto,q_auto/league/dazexggq2i8dt0j0nzve"
Jonathan Taylor,"https://static.www.nfl.com/image/upload/f_auto,q_auto/league/yw46ky6akdm7h7siofu8"
Jonathan Ward,"https://static.www.nfl.com/image/upload/f_auto,q_auto/league/yct3a4xznwcxjvn4iosk"
Jonathan Wells,"https://static.www.nfl.com/image/private/f_auto,q_auto/league/hqns5i8mcuzsycgaivm0"
Jonathan Williams,"https://static.www.nfl.com/image/private/f_auto,q_auto/league/dnlboggtjcflj9fxauub"
Jonathon Brooks,"https://static.www.nfl.com/image/upload/f_auto,q_auto/league/txl39rwjrs2fkm1shtxh"
Jonnu Smith,"https://static.www.nfl.com/image/upload/f_auto,q_auto/league/egd6llghj3n5wfdrqacw"
Jordan Addison,"https://static.www.nfl.com/image/upload/f_auto,q_auto/league/mi4lzk9gvjrvo6rwdf1e"
Jordan Akins,"https://static.www.nfl.com/image/private/f_auto,q_auto/league/fgkl9zfpy2yxrkxfge84"
Jordan Cameron,"https://static.www.nfl.com/image/private/f_auto,q_auto/league/oyhmlsxyzwbznmeqnf9i"
Jordan Franks,"https://static.www.nfl.com/image/private/f_auto,q_auto/league/xlsa8rdfaysafmfyjy7m"
Jordan Howard,"https://static.www.nfl.com/image/private/f_auto,q_auto/league/nbvb6bsrmjupmqrrf1n4"
Jordan Kent,"https://static.www.nfl.com/image/private/f_auto,q_auto/league/jqmvkzmiqbkumr2jalxp"
Jordan Leggett,"https://static.www.nfl.com/image/private/f_auto,q_auto/league/kjcxnm0lntsec4idp0gi"
Jordan Leslie,"https://static.www.nfl.com/image/private/f_auto,q_auto/league/ri47aisqwhmvn3epenqm"
Jordan Mason,"https://static.www.nfl.com/image/upload/f_auto,q_auto/league/qeeucinnxl8mpzaw23hc"
Jordan Matthews,"https://static.www.nfl.com/image/upload/f_auto,q_auto/league/b9rddikwsnwmfh9girgn"
Jordan Mims,"https://static.www.nfl.com/image/upload/f_auto,q_auto/league/nvamfcrdqvkwtnpgmzdh"
Jordan Norwood,"https://static.www.nfl.com/image/private/f_auto,q_auto/league/kdrgruvmcbm12bfluhna"
Jordan Payton,"https://static.www.nfl.com/image/private/f_auto,q_auto/league/wkcq6ajhn2dttqplifar"
Jordan Reed,"https://static.www.nfl.com/image/private/f_auto,q_auto/league/jur0qgejd3lzv8flmxcq"
Jordan Shipley,"https://static.www.nfl.com/image/private/f_auto,q_auto/league/vinmddf47i3wne2zbshm"
Jordan Taylor,"https://static.www.nfl.com/image/private/f_auto,q_auto/league/exe8hkn8d13tthubzz5s"
Jordan Thomas,"https://static.www.nfl.com/image/private/f_auto,q_auto/league/lhqymyl9yfmt9gfqb0ro"
Jordan Todman,"https://static.www.nfl.com/image/private/f_auto,q_auto/league/lhoxroo20gf8a3mbiczr"
Jordan Watkins,"https://static.www.nfl.com/image/upload/f_auto,q_auto/league/agcwewjrj4dfssqkzksp"
Jordan White,"https://static.www.nfl.com/image/private/f_auto,q_auto/league/fv9ilq3ficmgkfpg5qnw"
Jordan Whittington,"https://static.www.nfl.com/image/upload/f_auto,q_auto/league/enqcg1lgjkuk0hqz3qjc"
Jordan Wilkins,"https://static.www.nfl.com/image/private/f_auto,q_auto/league/ltz7ffp0fnywwhcm2d3z"
Jordy Nelson,"https://static.www.nfl.com/image/private/f_auto,q_auto/league/bde2n4ozsakatgs4yyp2"
Jorvorskie Lane,"https://static.www.nfl.com/image/private/f_auto,q_auto/league/fru99ajpyfcvy4hrigtx"
Joseph Addai,"https://static.www.nfl.com/image/private/f_auto,q_auto/league/hh0ebpwy5udobw9gbqoe"
Joseph Fauria,"https://static.www.nfl.com/image/private/f_auto,q_auto/league/e6tne3enp0difyhuwlqj"
Joseph Fortson,"https://static.www.nfl.com/image/private/f_auto,q_auto/league/gxhstzqswbn4z05r9rqv"
Joseph Randle,"https://static.www.nfl.com/image/private/f_auto,q_auto/league/ok4rzlin9g6kxfr9lajx"
Josh Adams,"https://static.www.nfl.com/image/private/f_auto,q_auto/league/ppc3a6qvlxjxmkwxbphn"
Josh Allen,"https://static.www.nfl.com/image/upload/f_auto,q_auto/league/mjwbioajzldkq1vzoz2d"
Josh Ashton,"https://static.www.nfl.com/image/private/f_auto,q_auto/league/fbeg8ftforo5jgzpgdmy"
Josh Baker,"https://static.www.nfl.com/image/private/f_auto,q_auto/league/ftvapnleilswro1sq3zb"
Josh Bellamy,"https://static.www.nfl.com/image/private/f_auto,q_auto/league/kgyz7lr35xl5j7oxjwlw"
Josh Boyce,"https://static.www.nfl.com/image/private/f_auto,q_auto/league/c6cis2muytjycxmgueru"
Josh Cooper,"https://static.www.nfl.com/image/private/f_auto,q_auto/league/bqeg3lud31sdvxaf9xvz"
Josh Cribbs,"https://static.www.nfl.com/image/private/f_auto,q_auto/league/biljapl7dpexygnojajq"
Josh Doctson,"https://static.www.nfl.com/image/private/f_auto,q_auto/league/mkq3ycvjnr0ltb0yjczi"
Josh Downs,"https://static.www.nfl.com/image/upload/f_auto,q_auto/league/z3wahaxpmc6d5lcxgh60"
Josh Ferguson,"https://static.www.nfl.com/image/private/f_auto,q_auto/league/htmbqglun1ydytcfrltb"
Josh Gordon,"https://static.www.nfl.com/image/private/f_auto,q_auto/league/wwqz2ujrj7wp86tyaxof"
Josh Hill,"https://static.www.nfl.com/image/private/f_auto,q_auto/league/knah0tszz2eg7plftej6"
Josh Huff,"https://static.www.nfl.com/image/private/f_auto,q_auto/league/fbihlh4lbx3xco7v75yg"
Josh Jacobs,"https://static.www.nfl.com/image/upload/f_auto,q_auto/league/uceokxeo0uqrqms3e3vl"
Josh Malone,"https://static.www.nfl.com/image/private/f_auto,q_auto/league/q0qpgsvrkxi4al0dkjij"
Josh McCown,"https://static.www.nfl.com/image/private/f_auto,q_auto/league/qcauc37wqjdaxdbq1evu"
Josh Morgan,"https://static.www.nfl.com/image/private/f_auto,q_auto/league/wunugasl1sb3secdsih7"
Josh Norman,"https://static.www.nfl.com/image/private/f_auto,q_auto/league/kuev5f1fl2axiurszppr"
Josh Oliver,"https://static.www.nfl.com/image/upload/f_auto,q_auto/league/awdb5xedlbq0ebpptgzb"
Josh Palmer,"https://static.www.nfl.com/image/upload/f_auto,q_auto/league/woswdfrtxnsfgzsjvsxx"
Josh Parry,"https://static.www.nfl.com/image/private/f_auto,q_auto/league/s1fxg97cb5n0gawsltjk"
Josh Reed,"https://static.www.nfl.com/image/private/f_auto,q_auto/league/f9hd1bgfflng2qf2mhsn"
Josh Reynolds,"https://static.www.nfl.com/image/upload/f_auto,q_auto/league/lf1fjsagcsvxmktl0bbn"
Josh Robinson,"https://static.www.nfl.com/image/private/f_auto,q_auto/league/nsyyo0xqwswxkzgirn9k"
Josh Scobey,"https://static.www.nfl.com/image/private/f_auto,q_auto/league/jaytetd30prsjk0sofj6"
Josh Vaughan,"https://static.www.nfl.com/image/private/f_auto,q_auto/league/axe538yffpdb7ojolzex"
Josh Whyle,"https://static.www.nfl.com/image/upload/f_auto,q_auto/league/an9hxzbzmg6kgkdai022"
Josh Wilcox,"https://static.www.nfl.com/image/private/f_auto,q_auto/league/miolsw2lafmkqfmmpu7p"
Joshua Kelley,"https://static.www.nfl.com/image/private/f_auto,q_auto/league/fsu6gqcltgnofaakmq6u"
Joshua Perkins,
Josiah Deguara,"https://static.www.nfl.com/image/upload/f_auto,q_auto/league/wivlyvbmlm0aogcvl2yz"
JuJu Smith-Schuster,"https://static.www.nfl.com/image/upload/f_auto,q_auto/league/fmjrhk2zt9z22uifctv0"
Juanyeh Thomas,"https://static.www.nfl.com/image/upload/f_auto,q_auto/league/qelzpivpkpwghq6aeozg"
Jubilee Dunbar,"https://static.www.nfl.com/image/private/f_auto,q_auto/league/amjc1xuwlmtcbda0ijzn"
Julian Edelman,"https://static.www.nfl.com/image/private/f_auto,q_auto/league/aqcqn3w2ysnekbrqfrse"
Julian Hill,"https://static.www.nfl.com/image/upload/f_auto,q_auto/league/idjirwpxilfybc74zhwr"
Julio Jones,"https://static.www.nfl.com/image/upload/f_auto,q_auto/league/omrddf2phtyztzx2nup1"
Julius Chestnut,"https://static.www.nfl.com/image/upload/f_auto,q_auto/league/bkhv6hpjogvs5b31wwrs"
Julius Dawkins,"https://static.www.nfl.com/image/private/f_auto,q_auto/league/iuh4trwgkn7t4gmus02s"
Julius Jones,"https://static.www.nfl.com/image/private/f_auto,q_auto/league/purzd7at8hb8bkvtmw34"
Julius Thomas,"https://static.www.nfl.com/image/private/f_auto,q_auto/league/ephrfopvlebj4fdcl67a"
Jumbo Elliott,"https://static.www.nfl.com/image/private/f_auto,q_auto/league/go6sn6kbvhfcajcoyvhi"
June Henley,"https://static.www.nfl.com/image/private/f_auto,q_auto/league/qlffnbslpnyuzokh5y33"
Junior Coffey,
Junior Hemingway,"https://static.www.nfl.com/image/private/f_auto,q_auto/league/tp77kay6knumufnxqvd8"
Junior Miller,"https://static.www.nfl.com/image/private/f_auto,q_auto/league/byvfuiz5ppvnj7z1aurc"
Junior Seau,"https://static.www.nfl.com/image/private/f_auto,q_auto/league/tjckhgwowsqmlzvxebcp"
Junior Tautalatasi,"https://static.www.nfl.com/image/private/f_auto,q_auto/league/jrr05v2a1ai7y6jfcwzh"
Juron Criner,"https://static.www.nfl.com/image/private/f_auto,q_auto/league/egozmwyccfh9nznvfwoy"
Justice Hill,"https://static.www.nfl.com/image/upload/f_auto,q_auto/league/fuodbrwvianete2gy5ag"
Justin Armour,"https://static.www.nfl.com/image/private/f_auto,q_auto/league/bck8siyssq4rqusvtw5d"
Justin Blackmon,"https://static.www.nfl.com/image/private/f_auto,q_auto/league/tsf8br1swmhlkwnf7gtv"
Justin Brown,"https://static.www.nfl.com/image/private/f_auto,q_auto/league/h1kysaeegxjnn4zte0dd"
Justin Fargas,"https://static.www.nfl.com/image/private/f_auto,q_auto/league/lvsujedxg8jg7pcepcnb"
Justin Forsett,"https://static.www.nfl.com/image/private/f_auto,q_auto/league/o86dvbcs8dcubcpj6fnu"
Justin Gage,"https://static.www.nfl.com/image/private/f_auto,q_auto/league/m4cfwujzom8wwzwblm0r"
Justin Green,"https://static.www.nfl.com/image/private/f_auto,q_auto/league/vhknroauaorvzkxziret"
Justin Griffith,"https://static.www.nfl.com/image/private/f_auto,q_auto/league/y5kimydkyoic29zr8s2z"
Justin Hardee,"https://static.www.nfl.com/image/upload/f_auto,q_auto/league/mcsbislogexqzusejqkn"
Justin Hardy,"https://static.www.nfl.com/image/private/f_auto,q_auto/league/bf30pn7pqvdiof0zb6a0"
Justin Herbert,"https://static.www.nfl.com/image/upload/f_auto,q_auto/league/jnkspnntgebegzp4ghve"
Justin Hunter,"https://static.www.nfl.com/image/private/f_auto,q_auto/league/jwfx9spolez2cofb3kvq"
Justin Jackson,"https://static.www.nfl.com/image/private/f_auto,q_auto/league/n7pvb1trbn9rtttlw7df"
Justin Jefferson,"https://static.www.nfl.com/image/upload/f_auto,q_auto/league/htjevkugzk6ietrjysny"
Justin McCareins,"https://static.www.nfl.com/image/private/f_auto,q_auto/league/yyrg4hnj9ra3ze1o43zs"
Justin Peelle,"https://static.www.nfl.com/image/private/f_auto,q_auto/league/sr2vv3dcuiffdruxfyql"
Justin Perillo,"https://static.www.nfl.com/image/private/f_auto,q_auto/league/x77gb65oifhzg1yorphy"
Justin Swift,"https://static.www.nfl.com/image/private/f_auto,q_auto/league/dkrvxawfzkfmhot30myg"
Justin Watson,"https://static.www.nfl.com/image/upload/f_auto,q_auto/league/qupxjfqxueke4sgmlrk3"
Justyn Ross,"https://static.www.nfl.com/image/private/f_auto,q_auto/league/sdhlpsccscg6u97qy3ef"
Juwan Johnson,"https://static.www.nfl.com/image/upload/f_auto,q_auto/league/ahzqkvhjot6lygwr4ccb"
Juwan Thompson,"https://static.www.nfl.com/image/private/f_auto,q_auto/league/x1gerktg0cgy6em36vgl"
Juwann Winfree,"https://static.www.nfl.com/image/upload/f_auto,q_auto/league/pawxwuphiobdd7voouwl"
K.D. Dunn,"https://static.www.nfl.com/image/private/f_auto,q_auto/league/l26b2zq2jcu7rjbozmm3"
K.J. Hill,"https://static.www.nfl.com/image/private/f_auto,q_auto/league/qd5p8nkgawauikftmkij"
K.J. Osborn,"https://static.www.nfl.com/image/upload/f_auto,q_auto/league/ytgf9lftpnc3hqg81vhj"
KJ Hamler,"https://static.www.nfl.com/image/upload/f_auto,q_auto/league/tft1e8s4emxmx2697duf"
Ka'Deem Carey,"https://static.www.nfl.com/image/private/f_auto,q_auto/league/hxertoawlphk8ljtylct"
KaRon Coleman,"https://static.www.nfl.com/image/private/f_auto,q_auto/league/psitnd7ievlvyazmj0hl"
KaVontae Turpin,"https://static.www.nfl.com/image/upload/f_auto,q_auto/league/tayjlp1hgmm6rewgl1k4"
Kadarius Toney,"https://static.www.nfl.com/image/upload/f_auto,q_auto/league/nuwjpint0g5wejogudt4"
Kaden Smith,"https://static.www.nfl.com/image/private/f_auto,q_auto/league/gbwycqfz69f3c3ozzt0g"
Kahale Warring,"https://static.www.nfl.com/image/private/f_auto,q_auto/league/ecmozxq6vofx2byp6ydn"
Kahlil Bell,"https://static.www.nfl.com/image/private/f_auto,q_auto/league/x0c7p0hdp4ns5afqoz1x"
Kaleb Johnson,"https://static.www.nfl.com/image/upload/f_auto,q_auto/league/zpzc4oobxi8nr5dyonob"
Kaleb McGary,"https://static.www.nfl.com/image/upload/f_auto,q_auto/league/qomzib0zc5muqcj4yeuh"
Kalen Ballage,"https://static.www.nfl.com/image/private/f_auto,q_auto/league/zxxklmhekefz5gaaxqi0"
Kalif Raymond,"https://static.www.nfl.com/image/upload/f_auto,q_auto/league/dpdv6dm0almcbjdppizx"
Kamar Aiken,"https://static.www.nfl.com/image/private/f_auto,q_auto/league/u0fe10u5kbeyhe65spby"
Kameron Johnson,"https://static.www.nfl.com/image/upload/f_auto,q_auto/league/ms7auybbkq1nwbd2ev0d"
Kamil Loud,"https://static.www.nfl.com/image/private/f_auto,q_auto/league/cpc1dj4fa6zgox6py0y3"
Kamu Grugier-Hill,"https://static.www.nfl.com/image/upload/f_auto,q_auto/league/sxfai8ftbojvsdl3wvem"
Kapri Bibbs,"https://static.www.nfl.com/image/private/f_auto,q_auto/league/yvqplagyljhiso4imgiq"
Kareem Huggins,"https://static.www.nfl.com/image/private/f_auto,q_auto/league/c54xibcgobud0lhmb69e"
Kareem Hunt,"https://static.www.nfl.com/image/upload/f_auto,q_auto/league/hktvzf8hiupoycyg1kmc"
Karim Abdul-Jabbar,
Karl Bernard,"https://static.www.nfl.com/image/private/f_auto,q_auto/league/lblcau21jvpeejvvmcfq"
Karl Farmer,"https://static.www.nfl.com/image/private/f_auto,q_auto/league/uufcuwdrfabbgws5dv0p"
Karl Hankton,"https://static.www.nfl.com/image/private/f_auto,q_auto/league/nukbfreg0xsavltanzcy"
Karl Klug,"https://static.www.nfl.com/image/private/f_auto,q_auto/league/t5wpqg7qws4gabyrjvk5"
Karl Noonan,
Karl Powe,"https://static.www.nfl.com/image/private/f_auto,q_auto/league/yuu0ejjhyzfrpgcbbglg"
Karl Swanke,"https://static.www.nfl.com/image/private/f_auto,q_auto/league/pyqdqgwtrwkfe5ndzk6w"
Karl Williams,"https://static.www.nfl.com/image/private/f_auto,q_auto/league/fxxpdof3sotnhaan83yo"
Karlos Williams,"https://static.www.nfl.com/image/private/f_auto,q_auto/league/zzrghomkcufnipfuygwn"
Karsten Bailey,"https://static.www.nfl.com/image/private/f_auto,q_auto/league/e6hdeiakmtgnksgnkk3y"
Kaseem Sinceno,"https://static.www.nfl.com/image/private/f_auto,q_auto/league/x9puigi5eihwlpuvyw5p"
Kasen Williams,"https://static.www.nfl.com/image/private/f_auto,q_auto/league/wclsdffaruwekvlwbmx3"
Kassim Osgood,"https://static.www.nfl.com/image/private/f_auto,q_auto/league/bs9qxx6ljdhayuup4z60"
Kaulana Park,"https://static.www.nfl.com/image/private/f_auto,q_auto/league/ee9bpq76zax7cx31pd1z"
Kay McFarland,
Kay-Jay Harris,"https://static.www.nfl.com/image/private/f_auto,q_auto/league/ijcmzmoax4fj8chx1gzq"
Kayshon Boutte,"https://static.www.nfl.com/image/upload/f_auto,q_auto/league/mg4icjqhwhnc5uobmau5"
Ke'Shawn Vaughn,"https://static.www.nfl.com/image/private/f_auto,q_auto/league/npa1msmoqbig9cqznkti"
Ke'Shawn Williams,"https://static.www.nfl.com/image/upload/f_auto,q_auto/league/r7enwgccqv93feuoeurz"
KeAndre Lambert-Smith,"https://static.www.nfl.com/image/upload/f_auto,q_auto/league/xhhzgylwh0ptvpaghnuu"
Kealoha Pilares,"https://static.www.nfl.com/image/private/f_auto,q_auto/league/mxbukige1n6saqpm8s7g"
Keaontay Ingram,"https://static.www.nfl.com/image/upload/f_auto,q_auto/league/fa4if2wnlgsmjmkcnxke"
Keary Colbert,"https://static.www.nfl.com/image/private/f_auto,q_auto/league/rzd36ftrofr9t3qlwkvy"
Keaton Mitchell,"https://static.www.nfl.com/image/upload/f_auto,q_auto/league/ztciwwpbyaffmckwrzdk"
KeeSean Johnson,"https://static.www.nfl.com/image/private/f_auto,q_auto/league/b1cpexkyjlfs1egncviz"
Keelan Cole,"https://static.www.nfl.com/image/private/f_auto,q_auto/league/djdjurxk3b6y347zirvz"
Keelan Doss,"https://static.www.nfl.com/image/private/f_auto,q_auto/league/w1y0ujmc2ycaxfpysv0u"
Keenan Allen,"https://static.www.nfl.com/image/upload/f_auto,q_auto/league/ri267r6lzfwarh89hsn6"
Keenan Burton,"https://static.www.nfl.com/image/private/f_auto,q_auto/league/ujqwa6iungsoxrmkldzd"
Keenan Howry,"https://static.www.nfl.com/image/private/f_auto,q_auto/league/amw2pu3vjp2yumpficni"
Keenan McCardell,"https://static.www.nfl.com/image/private/f_auto,q_auto/league/kop0ezafhz9vlgvey1wv"
Keiland Williams,"https://static.www.nfl.com/image/private/f_auto,q_auto/league/xmechfoczmpfcyafabao"
Keith Baker,"https://static.www.nfl.com/image/private/f_auto,q_auto/league/v2aa8uuzsg8w51llrwgt"
Keith Byars,"https://static.www.nfl.com/image/private/f_auto,q_auto/league/c8a1esk5k8h2ydb1uerp"
Keith Cash,"https://static.www.nfl.com/image/private/f_auto,q_auto/league/wxzku6tmfzks92udp8xt"
Keith Crawford,"https://static.www.nfl.com/image/private/f_auto,q_auto/league/fqk6wp1nsvnjuv0um453"
Keith Elias,"https://static.www.nfl.com/image/private/f_auto,q_auto/league/uaecjnzj0y2lrujok86t"
Keith Fahnhorst,"https://static.www.nfl.com/image/private/f_auto,q_auto/league/tjpnvgomx04j6yscyeyv"
Keith Ford,"https://static.www.nfl.com/image/private/f_auto,q_auto/league/tagamx47ebjwvjjk9zuw"
Keith Griffin,"https://static.www.nfl.com/image/private/f_auto,q_auto/league/vq2ypwneeo1fja6w9fm6"
Keith Heinrich,"https://static.www.nfl.com/image/private/f_auto,q_auto/league/iepxz1jklojo97u5qkal"
Keith Henderson,"https://static.www.nfl.com/image/private/f_auto,q_auto/league/qvtbdvhrqbsujgxssc1e"
Keith Jackson,"https://static.www.nfl.com/image/private/f_auto,q_auto/league/lemfcpwelzupxg93lvm4"
Keith Jennings,"https://static.www.nfl.com/image/private/f_auto,q_auto/league/mgcu7fwr4ah3lnwlithj"
Keith Jones,"https://static.www.nfl.com/image/private/f_auto,q_auto/league/i7kkhbblinjfvc24ixb9"
Keith Kirkwood,"https://static.www.nfl.com/image/upload/f_auto,q_auto/league/syie2sezwnpvbjqq5xpn"
Keith Krepfle,"https://static.www.nfl.com/image/private/f_auto,q_auto/league/aqvu6g5xg0uy2og5sez9"
Keith McDonald,"https://static.www.nfl.com/image/private/f_auto,q_auto/league/bdjx6e28tsex680zkapo"
Keith McKeller,"https://static.www.nfl.com/image/private/f_auto,q_auto/league/axrjmimx1lm2d7ganuax"
Keith Mumphery,"https://static.www.nfl.com/image/private/f_auto,q_auto/league/r7msfhceki7lwazsxxov"
Keith Neubert,"https://static.www.nfl.com/image/private/f_auto,q_auto/league/hhzhtqunantt3rndzfen"
Keith Ortego,"https://static.www.nfl.com/image/private/f_auto,q_auto/league/jqtgbnp67yi87isqiyd5"
Keith Paskett,"https://static.www.nfl.com/image/private/f_auto,q_auto/league/tvdllqyez1epkhyaa469"
Keith Poole,"https://static.www.nfl.com/image/private/f_auto,q_auto/league/etmvpy9x0sts94ddvsyg"
Keith Sims,"https://static.www.nfl.com/image/private/f_auto,q_auto/league/jbsy6ixziviouewcibv9"
Keith Smith,"https://static.www.nfl.com/image/private/f_auto,q_auto/league/jolwasweebgk37nkl7ia"
Keith Tinsley,"https://static.www.nfl.com/image/private/f_auto,q_auto/league/r4r19un2kfa74lkuabth"
Keith Toston,"https://static.www.nfl.com/image/private/f_auto,q_auto/league/u2kln3qjuevuqey1yz6y"
Keith Williams,"https://static.www.nfl.com/image/private/f_auto,q_auto/league/plddw6atuiffrrytnbaw"
Keith Woodside,"https://static.www.nfl.com/image/private/f_auto,q_auto/league/g2zieynoeazx3ponxkln"
Keith Wright,"https://static.www.nfl.com/image/private/f_auto,q_auto/league/jtwqnu0t0banddqazn1c"
Keke Coutee,"https://static.www.nfl.com/image/private/f_auto,q_auto/league/b63h388y8kzvntk6tuqx"
Keleki Latu,"https://static.www.nfl.com/image/upload/f_auto,q_auto/league/vebjjfyrrrbwaqjlyvun"
Kellen Davis,"https://static.www.nfl.com/image/private/f_auto,q_auto/league/bftuje5hq6fnlmpc0uhy"
Kellen Winslow,"https://static.www.nfl.com/image/private/f_auto,q_auto/league/pw3hoatll5kkuc9v2gva"
Kelley Johnson,"https://static.www.nfl.com/image/private/f_auto,q_auto/league/m94otp8bpijojhp8xuuf"
Kelley Washington,"https://static.www.nfl.com/image/private/f_auto,q_auto/league/la7gmexg8btipbt5uazn"
Kelly Blackwell,"https://static.www.nfl.com/image/private/f_auto,q_auto/league/fazlnxwq3o11q45fgtul"
Kelly Campbell,"https://static.www.nfl.com/image/private/f_auto,q_auto/league/lr629p43iyg0ulpdza50"
Kelvin Benjamin,"https://static.www.nfl.com/image/private/f_auto,q_auto/league/ot2sowoc2g6ecza4z6ye"
Kelvin Bryant,"https://static.www.nfl.com/image/private/f_auto,q_auto/league/ownq9qhw9fzzvnusqcgj"
Kelvin Edwards,"https://static.www.nfl.com/image/private/f_auto,q_auto/league/xk9e6pvvu1juxh6bmpye"
Kelvin Harmon,"https://static.www.nfl.com/image/upload/f_auto,q_auto/league/fface3xneon0qi0kttvd"
Kelvin Kight,"https://static.www.nfl.com/image/private/f_auto,q_auto/league/valgmepldkfr5jokig9r"
Kelvin Martin,"https://static.www.nfl.com/image/private/f_auto,q_auto/league/lwgi77lnhlxhnc45vq4q"
Ken Bell,"https://static.www.nfl.com/image/private/f_auto,q_auto/league/uakaqaijqcnngggjpvom"
Ken Brown,"https://static.www.nfl.com/image/private/f_auto,q_auto/league/n3lcr9am143k1vyamuvf"
Ken Burrough,"https://static.www.nfl.com/image/private/f_auto,q_auto/league/xkx802ihchz3ondxh4mj"
Ken Burrow,"https://static.www.nfl.com/image/private/f_auto,q_auto/league/jihnmnqwnlgszhzmy2kq"
Ken Callicutt,"https://static.www.nfl.com/image/private/f_auto,q_auto/league/rrkgvkub8tj8yxkn63rs"
Ken Clark,"https://static.www.nfl.com/image/private/f_auto,q_auto/league/zytmm3how6aeldbcrvfd"
Ken Dilger,"https://static.www.nfl.com/image/private/f_auto,q_auto/league/j1odrkjvw7dkzmf8nr28"
Ken Grandberry,"https://static.www.nfl.com/image/private/f_auto,q_auto/league/mnfyylwxwi3n10zs8mlo"
Ken Huff,"https://static.www.nfl.com/image/private/f_auto,q_auto/league/w5n8vixxtaf4we8ascic"
Ken Jenkins,"https://static.www.nfl.com/image/private/f_auto,q_auto/league/qjqrj8nwpmf60blpkptj"
Ken Johnson,"https://static.www.nfl.com/image/private/f_auto,q_auto/league/jfo2klf320azp0mi1mwu"
Ken Knapczyk,"https://static.www.nfl.com/image/private/f_auto,q_auto/league/j5hu4tzdndnaw19gkzna"
Ken Lacy,"https://static.www.nfl.com/image/private/f_auto,q_auto/league/m96xkxugsvq6ieph3tlz"
Ken Lanier,"https://static.www.nfl.com/image/private/f_auto,q_auto/league/nv964zgsf5hymt3imhbc"
Ken MacAfee,"https://static.www.nfl.com/image/private/f_auto,q_auto/league/tt19ti9uozedc1z5n5pb"
Ken Margerum,"https://static.www.nfl.com/image/private/f_auto,q_auto/league/cmq81a4v73ky1abp7vdc"
Ken O'Brien,"https://static.www.nfl.com/image/private/f_auto,q_auto/league/uvy0opr8dz2irype6l8l"
Ken O'Neal,"https://static.www.nfl.com/image/private/f_auto,q_auto/league/qank3h70hozptpflsecj"
Ken Oxendine,"https://static.www.nfl.com/image/private/f_auto,q_auto/league/z6vzcctv4quqbo4hptxk"
Ken Payne,"https://static.www.nfl.com/image/private/f_auto,q_auto/league/gfzvkrj64qdaxv6qlyzn"
Ken Stone,"https://static.www.nfl.com/image/private/f_auto,q_auto/league/cuqzdwbz0lhkmmti0rnb"
Ken Thomas,"https://static.www.nfl.com/image/private/f_auto,q_auto/league/clcmnj2yftgyxmpttqrq"
Ken Thompson,"https://static.www.nfl.com/image/private/f_auto,q_auto/league/sxe7ryag0veowkkeoafk"
Ken Toler,
Ken Webb,
Ken Whisenhunt,"https://static.www.nfl.com/image/private/f_auto,q_auto/league/bpgtarl2g4hlomlotoql"
Ken Willard,"https://static.www.nfl.com/image/private/f_auto,q_auto/league/cvzazhtbwbzzlk25ghyl"
Ken-Yon Rambo,"https://static.www.nfl.com/image/private/f_auto,q_auto/league/ueyjxcquktme1p8a7vgb"
Kenbrell Thompkins,"https://static.www.nfl.com/image/private/f_auto,q_auto/league/coyaltbvkpvvojjd5sjh"
Kendal Smith,"https://static.www.nfl.com/image/private/f_auto,q_auto/league/wx9xmeqtkpvikt6mzbjs"
Kendall Blanton,"https://static.www.nfl.com/image/private/f_auto,q_auto/league/hyne29kklkfyyhaljukj"
Kendall Gaskins,"https://static.www.nfl.com/image/private/f_auto,q_auto/league/qkc1hxjeamlc1v1hgtcm"
Kendall Hinton,"https://static.www.nfl.com/image/private/f_auto,q_auto/league/emvbhstqosvayr6dm2jp"
Kendall Hunter,"https://static.www.nfl.com/image/private/f_auto,q_auto/league/m9tciwm7ffejuubhfh7n"
Kendall Lamm,"https://static.www.nfl.com/image/upload/f_auto,q_auto/league/ppp9mcm3mqiymtwtmhmx"
Kendall Newson,"https://static.www.nfl.com/image/private/f_auto,q_auto/league/gew2vzzqpdui7jc9zoj1"
Kendall Wright,"https://static.www.nfl.com/image/private/f_auto,q_auto/league/edsrjypqphqpfqezc5k9"
Kendell Watkins,"https://static.www.nfl.com/image/private/f_auto,q_auto/league/a9h0kivswrnzoocqpdvo"
Kendre Miller,"https://static.www.nfl.com/image/upload/f_auto,q_auto/league/vclaomtslw55smksopku"
Kendric Pryor,"https://static.www.nfl.com/image/upload/f_auto,q_auto/league/fpklza3pwkzdiqjqlene"
Kendrick Bourne,"https://static.www.nfl.com/image/upload/f_auto,q_auto/league/yzfa94cmhpcqamrwzdzk"
Kene Nwangwu,"https://static.www.nfl.com/image/upload/f_auto,q_auto/league/rlnqgz517fsohrndgjrb"
Kenjon Barner,"https://static.www.nfl.com/image/private/f_auto,q_auto/league/n8hvbyw7vdlj7svjwqg4"
Kenneth Darby,"https://static.www.nfl.com/image/private/f_auto,q_auto/league/gdwt5cnxwjspmw9g8sxe"
Kenneth Davis,"https://static.www.nfl.com/image/private/f_auto,q_auto/league/ga3qrnxzjex6jfhfpnvf"
Kenneth Dixon,"https://static.www.nfl.com/image/private/f_auto,q_auto/league/gzfijcqkmupkv6ajjruz"
Kenneth Farrow,"https://static.www.nfl.com/image/private/f_auto,q_auto/league/xcdjk9e3ikf4gnxzvx1p"
Kenneth Walker III,"https://static.www.nfl.com/image/upload/f_auto,q_auto/league/vk6nruaqdewdglofcwwg"
Kenny Britt,"https://static.www.nfl.com/image/private/f_auto,q_auto/league/joozpvuyykyxjogcg3r5"
Kenny Bynum,"https://static.www.nfl.com/image/private/f_auto,q_auto/league/mbmrxcdtu9iisxbaxiax"
Kenny Duckett,"https://static.www.nfl.com/image/private/f_auto,q_auto/league/sx7apg66hmaavyyx7byp"
Kenny Flowers,"https://static.www.nfl.com/image/private/f_auto,q_auto/league/vjbctim9b2arnh7znhgz"
Kenny Gainwell,"https://static.www.nfl.com/image/upload/f_auto,q_auto/league/eo62l8ec8e3lzt86ihth"
Kenny Gamble,"https://static.www.nfl.com/image/private/f_auto,q_auto/league/wyyjfgibngezidqwohhe"
Kenny Golladay,"https://static.www.nfl.com/image/private/f_auto,q_auto/league/vck7awhkwwhui3ndgts3"
Kenny Harrison,"https://static.www.nfl.com/image/private/f_auto,q_auto/league/txxijcf9t9xb7dzz4zbm"
Kenny Jackson,"https://static.www.nfl.com/image/private/f_auto,q_auto/league/zcvlahw64aza0kpjjsk5"
Kenny King,"https://static.www.nfl.com/image/private/f_auto,q_auto/league/xtpielom7uqyojclylvf"
Kenny Lewis,"https://static.www.nfl.com/image/private/f_auto,q_auto/league/xwpquucaxdhqfp6mkjom"
Kenny McIntosh,"https://static.www.nfl.com/image/upload/f_auto,q_auto/league/ysygpo0sm8rbptosqrrc"
Kenny Moore,"https://static.www.nfl.com/image/private/f_auto,q_auto/league/eow7nvqy3jeaznmadhlh"
Kenny Nash,"https://static.www.nfl.com/image/private/f_auto,q_auto/league/ucogqkv0f2y7dhlopp7y"
Kenny Shedd,"https://static.www.nfl.com/image/private/f_auto,q_auto/league/beyfwmhyvnvjemuebvtz"
Kenny Stills,"https://static.www.nfl.com/image/private/f_auto,q_auto/league/wswn6tehkzj8mdfbablx"
Kenny Watson,"https://static.www.nfl.com/image/private/f_auto,q_auto/league/ejok4qavb2c6x8tlhyzz"
Kenny Yeboah,"https://static.www.nfl.com/image/upload/f_auto,q_auto/league/bjyunji7y2odt4n4judm"
Kent Graham,"https://static.www.nfl.com/image/private/f_auto,q_auto/league/vz3a1vly64t07tpjtqx0"
Kent Kramer,"https://static.www.nfl.com/image/private/f_auto,q_auto/league/wjb7trdsfy0ljspdsbyq"
Kent Lawrence,
Kenton Keith,"https://static.www.nfl.com/image/private/f_auto,q_auto/league/vy4mhpebxttauowhtuip"
Kenyan Drake,"https://static.www.nfl.com/image/private/f_auto,q_auto/league/rp5apwel9vuk49b4lykn"
Kenyon Rasheed,"https://static.www.nfl.com/image/private/f_auto,q_auto/league/zoyqgevrsrzhmlvxlof5"
Keon Coleman,"https://static.www.nfl.com/image/upload/f_auto,q_auto/league/cm7g87waetksjouyjgvg"
Keon Hatcher,"https://static.www.nfl.com/image/private/f_auto,q_auto/league/xiahm288zxajbteu026w"
Kermit Johnson,"https://static.www.nfl.com/image/private/f_auto,q_auto/league/xmketsbm0to8gihkcxhw"
Kerrith Whyte Jr,
Kerry Cash,"https://static.www.nfl.com/image/private/f_auto,q_auto/league/vqhswvrwjpmrnq8hnn9r"
Kerry Collins,"https://static.www.nfl.com/image/private/f_auto,q_auto/league/jse9o88qf7weuicc1wwz"
Kerry Goode,"https://static.www.nfl.com/image/private/f_auto,q_auto/league/l5svvm760x54qcmhbjtg"
Kerry Porter,"https://static.www.nfl.com/image/private/f_auto,q_auto/league/emkhfv0uhiahbnyntvf1"
Kerryon Johnson,"https://static.www.nfl.com/image/private/f_auto,q_auto/league/tmqxfjwvjlcfacertjqp"
Kerwynn Williams,"https://static.www.nfl.com/image/private/f_auto,q_auto/league/g8b72moacoymckyvl0ig"
Keshawn Martin,"https://static.www.nfl.com/image/private/f_auto,q_auto/league/guf4yzrzgnpmx7uonpqs"
Kevan Barlow,"https://static.www.nfl.com/image/private/f_auto,q_auto/league/jpjt6r0yk8alkyleolm8"
Kevin Alexander,"https://static.www.nfl.com/image/private/f_auto,q_auto/league/ktzxnh8jqs0akmiienek"
Kevin Austin Jr.,"https://static.www.nfl.com/image/upload/f_auto,q_auto/league/fh2yaqaxkornxeb7d9ie"
Kevin Belcher,"https://static.www.nfl.com/image/private/f_auto,q_auto/league/fldntefvumhu9nr1a71h"
Kevin Boss,"https://static.www.nfl.com/image/private/f_auto,q_auto/league/svybmltx1c4rb3qwb8ki"
Kevin Bowman,"https://static.www.nfl.com/image/private/f_auto,q_auto/league/ysuigqwlnymtnpjdfqje"
Kevin Brock,"https://static.www.nfl.com/image/private/f_auto,q_auto/league/l7gdoqrzyimowfcszb9e"
Kevin Byard,"https://static.www.nfl.com/image/upload/f_auto,q_auto/league/b11d1p9hvxgvobcqaiud"
Kevin Cone,"https://static.www.nfl.com/image/private/f_auto,q_auto/league/fgydeospupygaxtyd6nx"
Kevin Curtis,"https://static.www.nfl.com/image/private/f_auto,q_auto/league/dd8nztoegrdznrpnbnqk"
Kevin Dorsey,"https://static.www.nfl.com/image/private/f_auto,q_auto/league/osuqzqxdidyxvssfutxc"
Kevin Dyson,"https://static.www.nfl.com/image/private/f_auto,q_auto/league/f6p5ssuugfkybzxoktlu"
Kevin Elliott,"https://static.www.nfl.com/image/private/f_auto,q_auto/league/yvet0zqexh6ggryvpe4m"
Kevin Everett,"https://static.www.nfl.com/image/private/f_auto,q_auto/league/ncblnpeap7bweashvrpy"
Kevin Faulk,"https://static.www.nfl.com/image/private/f_auto,q_auto/league/tn3w20ec8x9oacqg51p5"
Kevin Harris,"https://static.www.nfl.com/image/private/f_auto,q_auto/league/jlqnwxuwbkoscvv9kz5h"
Kevin House,"https://static.www.nfl.com/image/private/f_auto,q_auto/league/ytqmyq3n1nlhglmn9rlw"
Kevin Johnson,"https://static.www.nfl.com/image/private/f_auto,q_auto/league/lr8rbensv8xvwd8sdue2"
Kevin Jones,"https://static.www.nfl.com/image/private/f_auto,q_auto/league/eezt2ogmbfsw2ojd7t5q"
Kevin Juma,"https://static.www.nfl.com/image/private/f_auto,q_auto/league/yofeuwcdpnlr1dlztgkb"
Kevin Kasper,"https://static.www.nfl.com/image/private/f_auto,q_auto/league/dg3rda0dgpljqeg01z55"
Kevin Lee,"https://static.www.nfl.com/image/private/f_auto,q_auto/league/pjxfejyp2gizkbnria18"
Kevin Lockett,"https://static.www.nfl.com/image/private/f_auto,q_auto/league/mv2g0upgsnsgkmwz7vnp"
Kevin Long,"https://static.www.nfl.com/image/private/f_auto,q_auto/league/ylq1vwq4fnnudhnrhrws"
Kevin Mack,"https://static.www.nfl.com/image/private/f_auto,q_auto/league/tcalwygw0rof0cmuodig"
Kevin McDougal,"https://static.www.nfl.com/image/private/f_auto,q_auto/league/rhaxafadywzcd9wlwtth"
Kevin McKenzie,"https://static.www.nfl.com/image/private/f_auto,q_auto/league/v0sgyjay9sha0n31ujax"
Kevin McLeod,"https://static.www.nfl.com/image/private/f_auto,q_auto/league/vq06mpenz3w8mm0l3wkd"
Kevin Miller,"https://static.www.nfl.com/image/private/f_auto,q_auto/league/ipg3fc9fnpf2sltnezqu"
Kevin Norwood,"https://static.www.nfl.com/image/private/f_auto,q_auto/league/l7maq8et7k8xcudhevwp"
Kevin Ogletree,"https://static.www.nfl.com/image/private/f_auto,q_auto/league/nwo6cmmoaz0scmnzakz8"
Kevin Rader,"https://static.www.nfl.com/image/private/f_auto,q_auto/league/buopatfei7mdyxxxi9bv"
Kevin Scott,"https://static.www.nfl.com/image/private/f_auto,q_auto/league/vfnkynodx2pfgvz7laht"
Kevin Smith,"https://static.www.nfl.com/image/private/f_auto,q_auto/league/t2cjw2011rqywu814vcf"
Kevin Swayne,"https://static.www.nfl.com/image/private/f_auto,q_auto/league/fofdgvlmkkltvcggal4n"
Kevin Thomas,"https://static.www.nfl.com/image/private/f_auto,q_auto/league/h2eteneuesb4ijzzmbxd"
Kevin Turner,"https://static.www.nfl.com/image/private/f_auto,q_auto/league/cdln6xjebygvhsbd8t8x"
Kevin Walter,"https://static.www.nfl.com/image/private/f_auto,q_auto/league/yc4wxbkvjqddtgi2fisq"
Kevin Ware,"https://static.www.nfl.com/image/private/f_auto,q_auto/league/li7e80rr3zoc6n2v8kot"
Kevin White,"https://static.www.nfl.com/image/private/f_auto,q_auto/league/u6jclvrydlw6amytmylq"
Kevin Willhite,"https://static.www.nfl.com/image/private/f_auto,q_auto/league/onxib0sjya3c6xvlznjb"
Kevin Williams,"https://static.www.nfl.com/image/private/f_auto,q_auto/league/ckgghpymwptpipzr3rhq"
Kevin Zeitler,"https://static.www.nfl.com/image/upload/f_auto,q_auto/league/nfb14plexvixmjo0p5ye"
Keyshawn Johnson,"https://static.www.nfl.com/image/private/f_auto,q_auto/league/oq8amqfd5dkugc2mdmsk"
Keyvan Jenkins,"https://static.www.nfl.com/image/private/f_auto,q_auto/league/ydzoyupciebwytlx7z1f"
Kez McCorvey,"https://static.www.nfl.com/image/private/f_auto,q_auto/league/a31fcgnbj21crlb4ekbr"
KhaDarel Hodge,"https://static.www.nfl.com/image/upload/f_auto,q_auto/league/r6vyxamrbb62lcccap2r"
Khalif Barnes,"https://static.www.nfl.com/image/private/f_auto,q_auto/league/p4ratiy2u5rwyfmlgrvz"
Khalil Dorsey,"https://static.www.nfl.com/image/upload/f_auto,q_auto/league/fuzzcdksr4hobrl1rdhv"
Khalil Herbert,"https://static.www.nfl.com/image/upload/f_auto,q_auto/league/gjwksf9ygntjmtceeerh"
Khalil Shakir,"https://static.www.nfl.com/image/upload/f_auto,q_auto/league/syvp3hficobwcsim3i9v"
Khari Blasingame,"https://static.www.nfl.com/image/upload/f_auto,q_auto/league/beioi5h4lq0obt8yx35v"
Khari Lee,"https://static.www.nfl.com/image/private/f_auto,q_auto/league/na3rt3lesebmcwilj62y"
Khiry Robinson,"https://static.www.nfl.com/image/private/f_auto,q_auto/league/voprwcuquojlvepcmzmh"
Ki-Jana Carter,"https://static.www.nfl.com/image/private/f_auto,q_auto/league/du6eysltm6wofdicua8j"
Kim Jones,"https://static.www.nfl.com/image/private/f_auto,q_auto/league/opgemyvdcheuz2ohqn6w"
Kimani Vidal,"https://static.www.nfl.com/image/upload/f_auto,q_auto/league/tqdctdun0bv60d5ziwtl"
Kimble Anders,"https://static.www.nfl.com/image/private/f_auto,q_auto/league/tekunhsdrndofvfxesco"
Kirk Botkin,"https://static.www.nfl.com/image/private/f_auto,q_auto/league/glq0mzxnlvdz3i8ohvyw"
Kirk Cousins,"https://static.www.nfl.com/image/upload/f_auto,q_auto/league/za7cynvpwlsro1tsaijk"
Kirk McMullen,"https://static.www.nfl.com/image/private/f_auto,q_auto/league/yxz6kcoewbxcclambm7h"
Kirk Merritt,"https://static.www.nfl.com/image/private/f_auto,q_auto/league/lrixuukk1wxvulscykqs"
Kirk Phillips,"https://static.www.nfl.com/image/private/f_auto,q_auto/league/eb10hntqmjwuylq3dxnd"
Kitrick Taylor,"https://static.www.nfl.com/image/private/f_auto,q_auto/league/nf6fpceiscowl5ikxa3w"
Knile Davis,"https://static.www.nfl.com/image/private/f_auto,q_auto/league/iyq9jy1o5g05fdvqftez"
Knowshon Moreno,"https://static.www.nfl.com/image/private/f_auto,q_auto/league/flthyvfq8oeizikgnb6w"
Ko Kieft,"https://static.www.nfl.com/image/upload/f_auto,q_auto/league/whd4f9mav6qqckqltqwu"
Kolby Smith,"https://static.www.nfl.com/image/private/f_auto,q_auto/league/lyxzn4kftvzgedrhvbsp"
Konata Mumpfield,"https://static.www.nfl.com/image/upload/f_auto,q_auto/league/cehkowkvb4aujslmppbj"
Konrad Reuland,"https://static.www.nfl.com/image/private/f_auto,q_auto/league/uhrl5b9e0cgoaf3zkxli"
Kordell Stewart,"https://static.www.nfl.com/image/private/f_auto,q_auto/league/wyel70n1iopggkgtup2x"
Koren Robinson,"https://static.www.nfl.com/image/private/f_auto,q_auto/league/yaznpg3d9sldu4vebbmm"
Korey Hall,"https://static.www.nfl.com/image/private/f_auto,q_auto/league/iifijnwu1c23we7h9fmt"
Korey Stringer,"https://static.www.nfl.com/image/private/f_auto,q_auto/league/mc3s6wpkbnuddcjsczih"
Kory Sperry,"https://static.www.nfl.com/image/private/f_auto,q_auto/league/uxsnumf1wopwkhujej5l"
Kregg Lumpkin,"https://static.www.nfl.com/image/private/f_auto,q_auto/league/yfiozeivop81ite0swe5"
Kris Adams,"https://static.www.nfl.com/image/private/f_auto,q_auto/league/f0urzbzxuqp5qivsxlg2"
Kris Durham,"https://static.www.nfl.com/image/private/f_auto,q_auto/league/j9smmm5j0fbmnww2him0"
Kris Haines,"https://static.www.nfl.com/image/private/f_auto,q_auto/league/roxx1qjk7zuzdodc9lkq"
Kris Mangum,"https://static.www.nfl.com/image/private/f_auto,q_auto/league/tv8dg8qgncd7yi32ogsd"
Kris Wilson,"https://static.www.nfl.com/image/private/f_auto,q_auto/league/pual04d0qoeggccnv0wp"
Krishawn Hogan,"https://static.www.nfl.com/image/private/f_auto,q_auto/league/wxw9mclsvbju33ixnqz9"
Kristian Wilkerson,"https://static.www.nfl.com/image/upload/f_auto,q_auto/league/kwvkhsgyvfsbzhihhh7c"
Kurt Sohn,"https://static.www.nfl.com/image/private/f_auto,q_auto/league/jxnsxgw1xl3n76sipvp8"
Kurt Warner,"https://static.www.nfl.com/image/private/f_auto,q_auto/league/xlgzhoozvi1agd8hn4kk"
Kwame Cavil,"https://static.www.nfl.com/image/private/f_auto,q_auto/league/na6ghiuxt1ixvysiuarc"
Kwamie Lassiter II,"https://static.www.nfl.com/image/private/f_auto,q_auto/league/emeqage9tq2mlpnlkzl9"
Kyle Adams,"https://static.www.nfl.com/image/private/f_auto,q_auto/league/grsspcfae7w0fy415cdj"
Kyle Brady,"https://static.www.nfl.com/image/private/f_auto,q_auto/league/cbfkt8kpdkyq9yikpooi"
Kyle Eckel,"https://static.www.nfl.com/image/private/f_auto,q_auto/league/wfubjtrcapebpohtr1os"
Kyle Johnson,"https://static.www.nfl.com/image/private/f_auto,q_auto/league/lfickqowrhq7ylaa7b3s"
Kyle Juszczyk,"https://static.www.nfl.com/image/upload/f_auto,q_auto/league/tsejiiddtouukwyyqr9q"
Kyle Long,"https://static.www.nfl.com/image/private/f_auto,q_auto/league/nzhbqhrtqaw6kg3ffzvr"
Kyle Monangai,"https://static.www.nfl.com/image/upload/f_auto,q_auto/league/bkkk3uuouhcobydqawro"
Kyle Philips,"https://static.www.nfl.com/image/upload/f_auto,q_auto/league/zktgqqc4vywgapt85rmx"
Kyle Pitts,"https://static.www.nfl.com/image/upload/f_auto,q_auto/league/xczipzxvytnmvgznhhb4"
Kyle Rote,
Kyle Rudolph,"https://static.www.nfl.com/image/private/f_auto,q_auto/league/mtvrkfel5750mlevcvtp"
Kyle Turley,"https://static.www.nfl.com/image/private/f_auto,q_auto/league/gmvaml9iwkplttxatykm"
Kyle Williams,"https://static.www.nfl.com/image/upload/f_auto,q_auto/league/xkicyhizq6sm86wr5osk"
Kylen Granson,"https://static.www.nfl.com/image/upload/f_auto,q_auto/league/ysbxmdw4da30q3kjb571"
Kylin Hill,"https://static.www.nfl.com/image/private/f_auto,q_auto/league/kqcnlnwoumzvotkzu841"
Kyren Williams,"https://static.www.nfl.com/image/upload/f_auto,q_auto/league/xti3pek6rmojqchakxpy"
L.G. Dupre,
L.J. Smith,"https://static.www.nfl.com/image/private/f_auto,q_auto/league/e2frps7e7cjdgufbtjl3"
La'Mical Perine,"https://static.www.nfl.com/image/upload/f_auto,q_auto/league/fd2pagtwrgj0hopdspal"
LaBrandon Toefield,"https://static.www.nfl.com/image/private/f_auto,q_auto/league/wc92sqbsgul9dtkf2a7b"
LaDainian Tomlinson,"https://static.www.nfl.com/image/private/f_auto,q_auto/league/fdraejwoowicuevalpne"
LaMichael James,"https://static.www.nfl.com/image/private/f_auto,q_auto/league/roxgufvnndlwl05chvur"
LaMont Jordan,"https://static.www.nfl.com/image/private/f_auto,q_auto/league/oh3baeblqwqmv7ycbv0s"
LaQuan Williams,"https://static.www.nfl.com/image/private/f_auto,q_auto/league/xigckoyopaohfxizrnoi"
LaRod Stephens-Howling,"https://static.www.nfl.com/image/private/f_auto,q_auto/league/ohayv3pdgsxrtfig8bgm"
LaRon Byrd,"https://static.www.nfl.com/image/private/f_auto,q_auto/league/fhcnjlkx55mnjyavque7"
LaVon Brazill,"https://static.www.nfl.com/image/private/f_auto,q_auto/league/qjzw79hsa5frayvtx0z4"
Ladarius Green,"https://static.www.nfl.com/image/private/f_auto,q_auto/league/h6emukrr14tvhufmdy1c"
Ladd McConkey,"https://static.www.nfl.com/image/upload/f_auto,q_auto/league/q2sk7yforrkiusvruo1o"
Ladell Betts,"https://static.www.nfl.com/image/private/f_auto,q_auto/league/ccgdfu9kog9mfrzwktpu"
Lake Dawson,"https://static.www.nfl.com/image/private/f_auto,q_auto/league/dza5qdogwu4ngtovlmtv"
Lakei Heimuli,"https://static.www.nfl.com/image/private/f_auto,q_auto/league/c26b7vmda6mkol5c5jpx"
Lam Jones,"https://static.www.nfl.com/image/private/f_auto,q_auto/league/duqztee5c98pze6nf1mg"
Lamaar Thomas,"https://static.www.nfl.com/image/private/f_auto,q_auto/league/ju3w1nyj41bjfeduwncz"
Lamar Gordon,"https://static.www.nfl.com/image/private/f_auto,q_auto/league/uujvde2mvms4fpfetdmu"
Lamar Miller,"https://static.www.nfl.com/image/private/f_auto,q_auto/league/vqxh6ynpmczzfyl9kcgq"
Lamar Smith,"https://static.www.nfl.com/image/private/f_auto,q_auto/league/azpa7woawftkxq959ydj"
Lamar Thomas,"https://static.www.nfl.com/image/private/f_auto,q_auto/league/jisfukeip8lvrbr0hzi2"
Lamont Hall,"https://static.www.nfl.com/image/private/f_auto,q_auto/league/mtvwi8xx7rxafyqr96pm"
Lamont Warren,"https://static.www.nfl.com/image/private/f_auto,q_auto/league/cfkgqfwimsioqigugd9p"
Lance Alworth,
Lance Ball,"https://static.www.nfl.com/image/private/f_auto,q_auto/league/tlm3fe0dno1idgrjjoxa"
Lance Dunbar,"https://static.www.nfl.com/image/private/f_auto,q_auto/league/mwxzuvjfvoecnoze3aty"
Lance Kendricks,"https://static.www.nfl.com/image/private/f_auto,q_auto/league/njjeo5udwowpbfnufl5l"
Lance Louis,"https://static.www.nfl.com/image/private/f_auto,q_auto/league/b6ny11uwdutxf9lutjga"
Lance Moore,"https://static.www.nfl.com/image/private/f_auto,q_auto/league/bfjxc892mfkni8ywtheh"
Lance Rentzel,"https://static.www.nfl.com/image/private/f_auto,q_auto/league/xcewhhsmqzvecvjkzrsg"
Lane Johnson,"https://static.www.nfl.com/image/upload/f_auto,q_auto/league/xanvacjbb9x1hcslyvsl"
Laquon Treadwell,"https://static.www.nfl.com/image/upload/f_auto,q_auto/league/xspi3oy2wlnszorzn6vk"
Laron Brown,"https://static.www.nfl.com/image/private/f_auto,q_auto/league/hrwovhjz9ohe07xe0jnx"
Larron Jackson,"https://static.www.nfl.com/image/private/f_auto,q_auto/league/n5rxbnn5lm9tygjk4lnp"
Larry Barnes,"https://static.www.nfl.com/image/private/f_auto,q_auto/league/sswv0xpkeyn2sbrms8bb"
Larry Bowie,"https://static.www.nfl.com/image/private/f_auto,q_auto/league/txxzp5animgdmlozsdmu"
Larry Brinson,"https://static.www.nfl.com/image/private/f_auto,q_auto/league/xpkcdm2ztvprlhddkadf"
Larry Brown,"https://static.www.nfl.com/image/private/f_auto,q_auto/league/yiatksoc7waah8pzhmsi"
Larry Brunson,"https://static.www.nfl.com/image/private/f_auto,q_auto/league/vaiv8n2bd9wzy90o9jvr"
Larry Burton,"https://static.www.nfl.com/image/private/f_auto,q_auto/league/isjfmcwzlen9j8ycpnmm"
Larry Canada,"https://static.www.nfl.com/image/private/f_auto,q_auto/league/ehtfs8zfkkfi0n0fipw4"
Larry Centers,"https://static.www.nfl.com/image/private/f_auto,q_auto/league/sh7w1wpurvkvvggkvf1m"
Larry Collins,"https://static.www.nfl.com/image/private/f_auto,q_auto/league/ktk9qlj84tdeqta5npgb"
Larry Conjar,
Larry Croom,"https://static.www.nfl.com/image/private/f_auto,q_auto/league/nmyuma3fmnmnmglmwhjt"
Larry Csonka,"https://static.www.nfl.com/image/private/f_auto,q_auto/league/xizfredzwiqcbw9vadfa"
Larry Donnell,"https://static.www.nfl.com/image/private/f_auto,q_auto/league/beuv1dnhzlntfnnvh2zv"
Larry Dorsey,"https://static.www.nfl.com/image/private/f_auto,q_auto/league/lswafjdmvwwdo7mpmq3j"
Larry Emery,"https://static.www.nfl.com/image/private/f_auto,q_auto/league/jrsajou75monphbkikdi"
Larry Ferguson,
Larry Fitzgerald,"https://static.www.nfl.com/image/private/f_auto,q_auto/league/giswjsemt4f7ppwxtqgp"
Larry Foster,"https://static.www.nfl.com/image/private/f_auto,q_auto/league/gdobpov0wzbvs873rsow"
Larry Hardy,"https://static.www.nfl.com/image/private/f_auto,q_auto/league/fqj17usyczchsqabgfuc"
Larry Heater,"https://static.www.nfl.com/image/private/f_auto,q_auto/league/zq3j6yvsomkh2geskoie"
Larry Johnson,"https://static.www.nfl.com/image/private/f_auto,q_auto/league/mzwxygpnqm65aj1w1qyr"
Larry Jones,"https://static.www.nfl.com/image/private/f_auto,q_auto/league/qk8lb9sqpptw1lwjips5"
Larry Kinnebrew,"https://static.www.nfl.com/image/private/f_auto,q_auto/league/wu9kxqbvmfm35cz0tniz"
Larry Krause,"https://static.www.nfl.com/image/private/f_auto,q_auto/league/tsf4nclqj9ylii8k5tah"
Larry Krutko,
Larry Linne,"https://static.www.nfl.com/image/private/f_auto,q_auto/league/tsbqfd6ucyagvjxjmtcs"
Larry Mason,"https://static.www.nfl.com/image/private/f_auto,q_auto/league/ezpslarvvv0dnghvjshh"
Larry Mialik,"https://static.www.nfl.com/image/private/f_auto,q_auto/league/vobcxsotzz45dcxc1brc"
Larry Moriarty,"https://static.www.nfl.com/image/private/f_auto,q_auto/league/cx8hdvbvxn5m912qkrty"
Larry Mucker,"https://static.www.nfl.com/image/private/f_auto,q_auto/league/bqeg7l4xtpp9zjcjlr4m"
Larry Ned,"https://static.www.nfl.com/image/private/f_auto,q_auto/league/ecgxipzj52wan0qysbxn"
Larry Parker,"https://static.www.nfl.com/image/private/f_auto,q_auto/league/gysa18nqjbww4jjwndvk"
Larry Pinkard,"https://static.www.nfl.com/image/private/f_auto,q_auto/league/jourdarlwzcekq2aixse"
Larry Poole,"https://static.www.nfl.com/image/private/f_auto,q_auto/league/w36acezcv7n793pexw8s"
Larry Rountree III,"https://static.www.nfl.com/image/private/f_auto,q_auto/league/m40kbqrmtagssdl2nyx0"
Larry Schreiber,"https://static.www.nfl.com/image/private/f_auto,q_auto/league/c5moismt0wgxpsgq33ir"
Larry Seiple,"https://static.www.nfl.com/image/private/f_auto,q_auto/league/ibr5a6yc1jcvu8e5l3pf"
Larry Smith,"https://static.www.nfl.com/image/private/f_auto,q_auto/league/ednvzijzbunx0llabtwi"
Larry Stegent,
Larry Todd,
Larry Vargo,
Larry Walton,"https://static.www.nfl.com/image/private/f_auto,q_auto/league/v8ydyevai1tk3rw9yklm"
Larry Watkins,"https://static.www.nfl.com/image/private/f_auto,q_auto/league/dgmthhwuzutnfrlumdtw"
Lars Tate,"https://static.www.nfl.com/image/private/f_auto,q_auto/league/otuf1eflk97gn6afew38"
Latavius Murray,"https://static.www.nfl.com/image/private/f_auto,q_auto/league/zepm7ghltyeqydn0qxcg"
Laurence Maroney,"https://static.www.nfl.com/image/private/f_auto,q_auto/league/ojhdwgaoupkeqytd0cdf"
Laurent Robinson,"https://static.www.nfl.com/image/private/f_auto,q_auto/league/nqnfkywjavrt1bukmhap"
Lavale Thomas,"https://static.www.nfl.com/image/private/f_auto,q_auto/league/d8vzictcjdpa3l9dnolw"
Lavelle Hawkins,"https://static.www.nfl.com/image/private/f_auto,q_auto/league/ofemzqkzzkv8mfw4n3pc"
Laveranues Coles,"https://static.www.nfl.com/image/private/f_auto,q_auto/league/mqwcvuemjppg61dbqnkd"
Laviska Shenault Jr.,"https://static.www.nfl.com/image/upload/f_auto,q_auto/league/o3cfpcor86ghjwyn8icp"
Lawrence Cager,"https://static.www.nfl.com/image/upload/f_auto,q_auto/league/o4zqx4bupnvb8p8ldbzy"
Lawrence Dawsey,"https://static.www.nfl.com/image/private/f_auto,q_auto/league/xn4idha7f7klypludgr2"
Lawrence Gaines,"https://static.www.nfl.com/image/private/f_auto,q_auto/league/o6cmblkbrrd9blwzohmt"
Lawrence McCutcheon,"https://static.www.nfl.com/image/private/f_auto,q_auto/league/gehglkmn99x7zdkkhuoq"
Lawrence Phillips,"https://static.www.nfl.com/image/private/f_auto,q_auto/league/evolhzkdkgwtstxe1h59"
Lawrence Ricks,"https://static.www.nfl.com/image/private/f_auto,q_auto/league/r7slgkniwl5aisycehg3"
Lawrence Sampleton,"https://static.www.nfl.com/image/private/f_auto,q_auto/league/pakps1fdezzc5wzdanox"
Lawrence Thomas,"https://static.www.nfl.com/image/private/f_auto,q_auto/league/qpomdgxzqn27tors7yye"
Lawrence Vickers,"https://static.www.nfl.com/image/private/f_auto,q_auto/league/uvonbussoelwmmrjalfc"
Lawrence Williams,"https://static.www.nfl.com/image/private/f_auto,q_auto/league/tw1vtwrfmhyqa2livvn2"
Lawyer Tillman,"https://static.www.nfl.com/image/private/f_auto,q_auto/league/fj0zhzsvzmfass9i6nlp"
Le'Ron McClain,"https://static.www.nfl.com/image/private/f_auto,q_auto/league/ygt99dtmdeqkxq2unfbh"
Le'Shai Maston,"https://static.www.nfl.com/image/private/f_auto,q_auto/league/p6rj6lbklrps5ckhtbmu"
Le'Veon Bell,"https://static.www.nfl.com/image/private/f_auto,q_auto/league/sm3ij3pcby5ciqwaaqa1"
LeGarrette Blount,"https://static.www.nfl.com/image/private/f_auto,q_auto/league/s3eilto1yi0yhoamvvo3"
LeQuint Allen Jr.,"https://static.www.nfl.com/image/upload/f_auto,q_auto/league/i0utigksuuvo2njb9wtk"
LeRon McCoy,"https://static.www.nfl.com/image/private/f_auto,q_auto/league/scryoiwthfxenoot59y7"
LeSean McCoy,"https://static.www.nfl.com/image/private/f_auto,q_auto/league/pbktgxotzvm04sasmxwl"
LeShon Johnson,"https://static.www.nfl.com/image/private/f_auto,q_auto/league/ysq10o0gvcxoy2ry9ukg"
LeVante Bellamy,
Lee Bouggess,
Lee DeRamus,"https://static.www.nfl.com/image/private/f_auto,q_auto/league/p0hztw0teokx0nhxxrmo"
Lee Evans,"https://static.www.nfl.com/image/private/f_auto,q_auto/league/stwolhzhyn9nyxqblwvl"
Lee Folkins,
Lee Johnson,"https://static.www.nfl.com/image/private/f_auto,q_auto/league/qqwycnjlplkderuuqdpw"
Lee Mays,"https://static.www.nfl.com/image/private/f_auto,q_auto/league/zrisoq0xpg0jfor4fjlv"
Lee Morris,"https://static.www.nfl.com/image/private/f_auto,q_auto/league/yw245ehiig2qvfst7tr5"
Lee Rouson,"https://static.www.nfl.com/image/private/f_auto,q_auto/league/mtgckivyt6irzfzq8wwe"
Lee Smith,"https://static.www.nfl.com/image/private/f_auto,q_auto/league/gcaqwhzrinlqicrljwlr"
Lee Suggs,"https://static.www.nfl.com/image/private/f_auto,q_auto/league/wiaissqfdb8dp3iagdrl"
Lee Vickers,"https://static.www.nfl.com/image/private/f_auto,q_auto/league/lp2qcqiodtu5nazd3czl"
Lee Weigel,"https://static.www.nfl.com/image/private/f_auto,q_auto/league/p2liwywgzbvekbwtelmd"
Lee White,
Leeland McElroy,"https://static.www.nfl.com/image/private/f_auto,q_auto/league/lchq1zaaxfxj1pi4rovw"
Legedu Naanee,"https://static.www.nfl.com/image/private/f_auto,q_auto/league/oxcw8smfodgos0ygmmjn"
Leland Douglas,"https://static.www.nfl.com/image/private/f_auto,q_auto/league/s76gu4tcb3enqcz7eaia"
Leland Glass,
Len Garrett,"https://static.www.nfl.com/image/private/f_auto,q_auto/league/xltj1gau6r1ncqsghjvf"
LenDale White,"https://static.www.nfl.com/image/private/f_auto,q_auto/league/rgzuhhi6vebp8qaoss0s"
Lenny Moore,
Lenny Taylor,"https://static.www.nfl.com/image/private/f_auto,q_auto/league/ofniwvcp5betkihrwc0d"
Lenvil Elliott,"https://static.www.nfl.com/image/private/f_auto,q_auto/league/uxqud2niqvijwt5rjphy"
Lenzie Jackson,"https://static.www.nfl.com/image/private/f_auto,q_auto/league/b7jovhxy05tc72ifrnj4"
Leo Hayden,
Leo Lewis,"https://static.www.nfl.com/image/private/f_auto,q_auto/league/gxq8rmwgwn30plqfwqbs"
Leon Bright,"https://static.www.nfl.com/image/private/f_auto,q_auto/league/w2do2ioycohxamyeykn7"
Leon Burns,
Leon Clarke,
Leon Crosswhite,"https://static.www.nfl.com/image/private/f_auto,q_auto/league/vteqhcigyqprvyywjfmk"
Leon Gonzalez,"https://static.www.nfl.com/image/private/f_auto,q_auto/league/bhtaxk2chtrnp2hihfma"
Leon Johnson,"https://static.www.nfl.com/image/upload/f_auto,q_auto/league/iuvtiwp5eigfxiusklde"
Leon McQuay,"https://static.www.nfl.com/image/private/f_auto,q_auto/league/inghe4kjbhhmjnoj7lix"
Leon Perry,"https://static.www.nfl.com/image/private/f_auto,q_auto/league/vqtcsd1mytqxqvlyfkwf"
Leon Washington,"https://static.www.nfl.com/image/private/f_auto,q_auto/league/trlmin5m1btufziw17cz"
Leonard Fournette,"https://static.www.nfl.com/image/private/f_auto,q_auto/league/atxppoc7zqcjnbnk0awz"
Leonard Hankerson,"https://static.www.nfl.com/image/private/f_auto,q_auto/league/ljlxltvkllp2w1wr1o0t"
Leonard Harris,"https://static.www.nfl.com/image/private/f_auto,q_auto/league/suhkbosy1siiulkdy2oz"
Leonard Henry,"https://static.www.nfl.com/image/private/f_auto,q_auto/league/tbaje0go9muz8toilxcf"
Leonard Moore,"https://static.www.nfl.com/image/private/f_auto,q_auto/league/mqcvaamprvpiky4yysxh"
Leonard Pope,"https://static.www.nfl.com/image/private/f_auto,q_auto/league/a3rx3o6kxmzwxscjfilj"
Leonard Russell,"https://static.www.nfl.com/image/private/f_auto,q_auto/league/ubmf3wlsy9n2qo0vkju3"
Leonard Stephens,"https://static.www.nfl.com/image/private/f_auto,q_auto/league/bqwzigkvutbbo08yri51"
Leonard Thompson,"https://static.www.nfl.com/image/private/f_auto,q_auto/league/n90airs9gbylsyvxvgvm"
Leonard Weaver,"https://static.www.nfl.com/image/private/f_auto,q_auto/league/labfmyt1txkxmpqv8lir"
Leonard Wester,"https://static.www.nfl.com/image/private/f_auto,q_auto/league/xqoisiggov46tdd9hand"
Leonard Williams,"https://static.www.nfl.com/image/private/f_auto,q_auto/league/rafzjjwvahtleql34szq"
Leonard Willis,"https://static.www.nfl.com/image/private/f_auto,q_auto/league/vhvksw8vbrcxtunyfhqu"
Leonte Carroo,"https://static.www.nfl.com/image/private/f_auto,q_auto/league/rtyecvs5rx9awmpdk4c8"
Leroy Harris,"https://static.www.nfl.com/image/private/f_auto,q_auto/league/a1p7v1uzvhnkenlvrt9d"
Leroy Hoard,"https://static.www.nfl.com/image/private/f_auto,q_auto/league/lwvnhe6kded1eurgp0lf"
Leroy Jackson,
Leroy Kelly,
Leroy Keyes,
Leroy Sledge,
Leroy Thompson,"https://static.www.nfl.com/image/private/f_auto,q_auto/league/nkjuelqdotulbeyasenr"
Les Goodman,"https://static.www.nfl.com/image/private/f_auto,q_auto/league/iloo3pj8kwxmhfjabf2s"
Les Josephson,"https://static.www.nfl.com/image/private/f_auto,q_auto/league/mg4hnx4vrfveyeh4zdki"
Les Shy,
Les Strayhorn,"https://static.www.nfl.com/image/private/f_auto,q_auto/league/ceedqljecbxzvohyl4gx"
Leslie Shepherd,"https://static.www.nfl.com/image/private/f_auto,q_auto/league/fksi7e7xttslnuxhacuj"
Lestar Jean,"https://static.www.nfl.com/image/private/f_auto,q_auto/league/ayxscticwdszok6gjfqu"
Levi Brown,"https://static.www.nfl.com/image/private/f_auto,q_auto/league/wpepdtwa1wwjiyamw3ym"
Levine Toilolo,"https://static.www.nfl.com/image/private/f_auto,q_auto/league/w6qnlfw0cuxest48srd0"
Lew Barnes,"https://static.www.nfl.com/image/private/f_auto,q_auto/league/pfbsvgdjephll8dtmk7k"
Lew Carpenter,
Lew Porter,
Lewis Bennett,"https://static.www.nfl.com/image/private/f_auto,q_auto/league/lgmpy2tdpjnjzvecjibp"
Lewis Jolley,
Lewis Tillman,"https://static.www.nfl.com/image/private/f_auto,q_auto/league/earc05q79zh9wprn4qe8"
Lex Hilliard,"https://static.www.nfl.com/image/private/f_auto,q_auto/league/peotkrz3a6wpccdptfer"
Lil'Jordan Humphrey,"https://static.www.nfl.com/image/upload/f_auto,q_auto/league/otxrvkflhixz9akhmfqq"
Limas Sweed,"https://static.www.nfl.com/image/private/f_auto,q_auto/league/c8bstbyzu3ojt9u5xgo3"
Lin Dawson,"https://static.www.nfl.com/image/private/f_auto,q_auto/league/mdm4nfhl0g2cn7rynguc"
Lincoln Coleman,"https://static.www.nfl.com/image/private/f_auto,q_auto/league/ds75cy06oyckjydcas54"
Lincoln Minor,
Lindsay Scott,"https://static.www.nfl.com/image/private/f_auto,q_auto/league/udqiw64tohipduldyn2l"
Linzy Cole,
Lionel James,"https://static.www.nfl.com/image/private/f_auto,q_auto/league/w2kxtok6rlyjzrytiqga"
Lionel Manuel,"https://static.www.nfl.com/image/private/f_auto,q_auto/league/iztlfhpbhcrebhljegvt"
Lionel Vital,"https://static.www.nfl.com/image/private/f_auto,q_auto/league/nl4ljcfdm6viz6rwh3lr"
Lloyd Pate,
Lloyd Winston,
Loaird McCreary,"https://static.www.nfl.com/image/private/f_auto,q_auto/league/x9dquuaodpkxy5bhyisv"
Logan Mankins,"https://static.www.nfl.com/image/private/f_auto,q_auto/league/unf3wt7vrjde0crr3o6n"
Logan Paulsen,"https://static.www.nfl.com/image/private/f_auto,q_auto/league/rckjvflmpzh9tiescxcd"
Logan Payne,"https://static.www.nfl.com/image/private/f_auto,q_auto/league/hxftdhy3xzdiiu8cgydy"
Logan Thomas,"https://static.www.nfl.com/image/private/f_auto,q_auto/league/acm0ymhqdzqxdibwjphv"
Lonnie Johnson,"https://static.www.nfl.com/image/upload/f_auto,q_auto/league/vai81orxhkkuknrjjapv"
Lonnie Perrin,"https://static.www.nfl.com/image/private/f_auto,q_auto/league/jk2ki8uv7jxdw7oz3lpr"
Lonzell Hill,"https://static.www.nfl.com/image/private/f_auto,q_auto/league/jdslguvbvnmv29retxaz"
Lorenzo Booker,"https://static.www.nfl.com/image/private/f_auto,q_auto/league/vyk5owe8znzx5v2el2qy"
Lorenzo Diamond,"https://static.www.nfl.com/image/private/f_auto,q_auto/league/chaqfuqohqavqojguc12"
Lorenzo Hampton,"https://static.www.nfl.com/image/private/f_auto,q_auto/league/jesrm51wuedyt69vmjv2"
Lorenzo Neal,"https://static.www.nfl.com/image/private/f_auto,q_auto/league/tsuqbitfgkxsemjowcyw"
Lorenzo Taliaferro,"https://static.www.nfl.com/image/private/f_auto,q_auto/league/kuwhpbnxob4eht6fndqh"
Lorenzo White,"https://static.www.nfl.com/image/private/f_auto,q_auto/league/dkcufokp7jdzee5fyl8s"
Lou Piccone,"https://static.www.nfl.com/image/private/f_auto,q_auto/league/l8zzkxifsba0xt6p2xak"
Louie Giammona,"https://static.www.nfl.com/image/private/f_auto,q_auto/league/knogueiv1ajtkycpcofj"
Louis Carter,"https://static.www.nfl.com/image/private/f_auto,q_auto/league/qjxc3rwsdyoatywjfpsu"
Louis Clark,"https://static.www.nfl.com/image/private/f_auto,q_auto/league/f5wdafoaaxicwtviy4fi"
Louis Jackson,"https://static.www.nfl.com/image/private/f_auto,q_auto/league/vckaxxjukji3rgn3ie06"
Louis Lipps,"https://static.www.nfl.com/image/private/f_auto,q_auto/league/o0yofq2gib2uh6wlaa7g"
Louis Murphy,"https://static.www.nfl.com/image/private/f_auto,q_auto/league/rivj8wgktddc22qdtpsn"
Louis Neal,"https://static.www.nfl.com/image/private/f_auto,q_auto/league/iit4hppco2hzxgyzk0tp"
Louis Riddick,"https://static.www.nfl.com/image/private/f_auto,q_auto/league/q4qbxb8fypzkb755th7v"
Louis Watson,"https://static.www.nfl.com/image/private/f_auto,q_auto/league/wot3btzgfuyowp7kkvnn"
Lousaka Polite,"https://static.www.nfl.com/image/private/f_auto,q_auto/league/sap0k6ihraeup9y3vd9c"
Lovell Pinkney,"https://static.www.nfl.com/image/private/f_auto,q_auto/league/srcgaglpskrq3lzr9kzy"
Lovett Purnell,"https://static.www.nfl.com/image/private/f_auto,q_auto/league/qklflaqj8y3wxjko6fna"
Lucas Krull,"https://static.www.nfl.com/image/upload/f_auto,q_auto/league/eolvpkk5jjmipuqmf5v6"
Lucky Whitehead,"https://static.www.nfl.com/image/private/f_auto,q_auto/league/kkkuu7hldjdxhklgejl0"
Luis Sharpe,"https://static.www.nfl.com/image/private/f_auto,q_auto/league/ljq3kd1phepixk38qkli"
Luke Farrell,"https://static.www.nfl.com/image/upload/f_auto,q_auto/league/kdq2zratulrdsv4ykugy"
Luke Lawton,"https://static.www.nfl.com/image/private/f_auto,q_auto/league/f3zabht6ytygjxw6h3fx"
Luke McCaffrey,"https://static.www.nfl.com/image/upload/f_auto,q_auto/league/xtxiwlkniuldrqg65n3q"
Luke Musgrave,"https://static.www.nfl.com/image/upload/f_auto,q_auto/league/jchchyfhiycpvm5zzn2y"
Luke Schoonmaker,"https://static.www.nfl.com/image/upload/f_auto,q_auto/league/g1slhy5joxxfeudlzrh9"
Luke Stocker,"https://static.www.nfl.com/image/private/f_auto,q_auto/league/keoilbfzupthtliuou1a"
Luke Willson,"https://static.www.nfl.com/image/private/f_auto,q_auto/league/a6zcpjyfusebcm8i3w2w"
Luther Blue,"https://static.www.nfl.com/image/private/f_auto,q_auto/league/gjbkox33n5k9xkrhxqoj"
Luther Broughton,"https://static.www.nfl.com/image/private/f_auto,q_auto/league/vyyln7qq4cfziuqlqrxu"
Luther Burden III,"https://static.www.nfl.com/image/upload/f_auto,q_auto/league/iyuwdz7pbowdkwzq2tg5"
Lydell Mitchell,"https://static.www.nfl.com/image/private/f_auto,q_auto/league/qbzzibd7mw0rt8mzm2jj"
Lyle Blackwood,"https://static.www.nfl.com/image/private/f_auto,q_auto/league/kzk48x4ekp3pcqzwrjqk"
Lyneal Alston,"https://static.www.nfl.com/image/private/f_auto,q_auto/league/tdoyhuyzjyoayvhjoqw1"
Lynell Hamilton,"https://static.www.nfl.com/image/private/f_auto,q_auto/league/i1zm0rxoawhpqcgnuddc"
Lynn Bowden,"https://static.www.nfl.com/image/private/f_auto,q_auto/league/nrvwudvuqxpmiegmjzdu"
Lynn Bowden Jr.,
Lynn Cain,"https://static.www.nfl.com/image/private/f_auto,q_auto/league/hehjobp4p1ixfyk6ikvu"
Lynn James,"https://static.www.nfl.com/image/private/f_auto,q_auto/league/rs1pcch9gqqninggkuyj"
Lynn Swann,"https://static.www.nfl.com/image/private/f_auto,q_auto/league/jesvcslja0ilrjjbdngy"
M.L. Harris,"https://static.www.nfl.com/image/private/f_auto,q_auto/league/ngbfjxe3c6wjreowtd6c"
Mac Cody,"https://static.www.nfl.com/image/private/f_auto,q_auto/league/hjwbiv7ewxn8ujf8yxvq"
Mac Haik,
Mac Percival,"https://static.www.nfl.com/image/private/f_auto,q_auto/league/s6dxnzvbap2uhcmuewci"
MacArthur Lane,"https://static.www.nfl.com/image/private/f_auto,q_auto/league/mqvilpuwcfn0pkgniyip"
Macey Brooks,"https://static.www.nfl.com/image/private/f_auto,q_auto/league/hjwucw2licgrrlavt32f"
Mack Alston,"https://static.www.nfl.com/image/private/f_auto,q_auto/league/orpo4gw9fvivpbedgoj1"
Mack Brown,"https://static.www.nfl.com/image/private/f_auto,q_auto/league/fjzfchsmhpgl1uqiknek"
Mack Herron,"https://static.www.nfl.com/image/private/f_auto,q_auto/league/odv42msivv7kxx96023g"
Mack Hollins,"https://static.www.nfl.com/image/upload/f_auto,q_auto/league/qbz7whjzsittudcecezw"
Mack Strong,"https://static.www.nfl.com/image/private/f_auto,q_auto/league/b4bixlcjyx3xyoqq40bd"
Madison Hedgecock,"https://static.www.nfl.com/image/private/f_auto,q_auto/league/blaas99whnah5rvfaisy"
Major Everett,"https://static.www.nfl.com/image/private/f_auto,q_auto/league/nzlmigcw9bw7gmoapy0z"
Mal Hammack,
Malachi Corley,"https://static.www.nfl.com/image/upload/f_auto,q_auto/league/lay1p8pvwrglmqorc6ev"
Malachi Moore,"https://static.www.nfl.com/image/upload/f_auto,q_auto/league/ftgqzch3vvsodlhud39f"
Malcolm Barnwell,"https://static.www.nfl.com/image/private/f_auto,q_auto/league/u7nsmtf5bly13q891ada"
Malcolm Brown,"https://static.www.nfl.com/image/private/f_auto,q_auto/league/zxnjheichwlnvvu5qdyl"
Malcolm Floyd,"https://static.www.nfl.com/image/private/f_auto,q_auto/league/iwbluc5pqxmzw3wn3xjy"
Malcolm Johnson,"https://static.www.nfl.com/image/private/f_auto,q_auto/league/n1vppalhmz7ekonqtmiq"
Malcolm Kelly,"https://static.www.nfl.com/image/private/f_auto,q_auto/league/y7lsvjvkldexxzqww5pq"
Malcolm Mitchell,"https://static.www.nfl.com/image/private/f_auto,q_auto/league/sjife00xnfgyraovwpm6"
Malcolm Moore,"https://static.www.nfl.com/image/private/f_auto,q_auto/league/smgvxuvxfrzdkbngtdcs"
Malcolm Perry,"https://static.www.nfl.com/image/private/f_auto,q_auto/league/frfsqseatvisn09ysrdr"
Malcolm Rodriguez,"https://static.www.nfl.com/image/upload/f_auto,q_auto/league/sovw0sc0bm1xltqv2zmb"
Malcolm Scott,"https://static.www.nfl.com/image/private/f_auto,q_auto/league/w2c5p4uz7836nsaioxcs"
Malcom Floyd,"https://static.www.nfl.com/image/private/f_auto,q_auto/league/or8gm79eaonksxe8gl0t"
Malik Davis,"https://static.www.nfl.com/image/upload/f_auto,q_auto/league/zvranxxyt8qeihn8c2q9"
Malik Heath,"https://static.www.nfl.com/image/upload/f_auto,q_auto/league/gtvkkadrxfzlj1qxshhx"
Malik Nabers,"https://static.www.nfl.com/image/upload/f_auto,q_auto/league/w3edoyyuomqlovvp9ixc"
Malik Taylor,"https://static.www.nfl.com/image/private/f_auto,q_auto/league/aupsoxtxtpv4fmgs4ttp"
Malik Turner,"https://static.www.nfl.com/image/upload/f_auto,q_auto/league/pwrijrdgfdsqe00naun5"
Malik Washington,"https://static.www.nfl.com/image/upload/f_auto,q_auto/league/dmaiwnmaal9nrwfskl28"
Manase Tonga,"https://static.www.nfl.com/image/private/f_auto,q_auto/league/us9avw8q8jgjjdpbd7is"
Manfred Moore,"https://static.www.nfl.com/image/private/f_auto,q_auto/league/z9botrq6ahvbsgre31ag"
Manuel Johnson,"https://static.www.nfl.com/image/private/f_auto,q_auto/league/kjrnafc95ojhmif4lz2g"
MarQueis Gray,"https://static.www.nfl.com/image/private/f_auto,q_auto/league/pbuxaz8hy9fxow3zq5sr"
MarShawn Lloyd,"https://static.www.nfl.com/image/upload/f_auto,q_auto/league/xp8sd4enimuk4zd0aqgu"
MarTay Jenkins,"https://static.www.nfl.com/image/private/f_auto,q_auto/league/ihmw6wquw6ltwkv9faym"
Marc Boerigter,"https://static.www.nfl.com/image/private/f_auto,q_auto/league/kv4olbjtamgrdci3flqf"
Marc Brown,"https://static.www.nfl.com/image/private/f_auto,q_auto/league/m3azzdz91eqootizq6eh"
Marc Bulger,"https://static.www.nfl.com/image/private/f_auto,q_auto/league/vww6hwhkqzevfn6nsnhw"
Marc Edwards,"https://static.www.nfl.com/image/private/f_auto,q_auto/league/znwj9srxhjzvi7ni5ds1"
Marc Logan,"https://static.www.nfl.com/image/private/f_auto,q_auto/league/elpurhsirubxvsvtzb55"
Marc Mariani,"https://static.www.nfl.com/image/private/f_auto,q_auto/league/jdhln1ulusmjybwdha4k"
Marc May,"https://static.www.nfl.com/image/private/f_auto,q_auto/league/p6crjftgha1rgamawgg2"
Marcedes Lewis,"https://static.www.nfl.com/image/private/f_auto,q_auto/league/ppq07tipygpftz5csipx"
Marcel Jensen,"https://static.www.nfl.com/image/private/f_auto,q_auto/league/frotqx2tud6qrvtmsekn"
Marcel Reece,"https://static.www.nfl.com/image/private/f_auto,q_auto/league/nqy3arwxgk4lwh3pfrr3"
Marcel Shipp,"https://static.www.nfl.com/image/private/f_auto,q_auto/league/tfkcgmlkglg6polnzc"
Marcell Ateman,"https://static.www.nfl.com/image/private/f_auto,q_auto/league/q5cbbfy8hxkcx7jwb7ve"
Marcellus Rivers,"https://static.www.nfl.com/image/private/f_auto,q_auto/league/dim9wj6gsya6vxzlgf7c"
Marco Battaglia,"https://static.www.nfl.com/image/private/f_auto,q_auto/league/tsmudixi00anbichgx7b"
Marcus Allen,"https://static.www.nfl.com/image/private/f_auto,q_auto/league/wy664ewj5sglsncnjakr"
Marcus Anderson,"https://static.www.nfl.com/image/private/f_auto,q_auto/league/yys4uncjjcjqsmujqccv"
Marcus Baugh,"https://static.www.nfl.com/image/private/f_auto,q_auto/league/jfeuowhacuig1v4etoqy"
Marcus Coleman,"https://static.www.nfl.com/image/private/f_auto,q_auto/league/xhjeqwrhxqqzoqjeaj1e"
Marcus Dowdell,"https://static.www.nfl.com/image/private/f_auto,q_auto/league/x4qhynljrjan4wc6xgw6"
Marcus Dupree,"https://static.www.nfl.com/image/private/f_auto,q_auto/league/ayased9tqylbqclvimzp"
Marcus Easley,"https://static.www.nfl.com/image/private/f_auto,q_auto/league/lkfgdzlivzsgnbotnnpr"
Marcus Johnson,"https://static.www.nfl.com/image/private/f_auto,q_auto/league/pwq2yi4ewqtsx6buynay"
Marcus Jones,"https://static.www.nfl.com/image/upload/f_auto,q_auto/league/eteesniqc4caawrpbfuh"
Marcus Kemp,"https://static.www.nfl.com/image/private/f_auto,q_auto/league/hetkew9ad3agbj8cq1r3"
Marcus Knight,"https://static.www.nfl.com/image/private/f_auto,q_auto/league/v94aazihdqr8q3m2udle"
Marcus Mariota,"https://static.www.nfl.com/image/upload/f_auto,q_auto/league/grx6m1fmu1odltjo3y31"
Marcus Mason,"https://static.www.nfl.com/image/private/f_auto,q_auto/league/dox1rkozlfz0h0uaorkn"
Marcus Maxwell,"https://static.www.nfl.com/image/private/f_auto,q_auto/league/m5ziizcviovpkogbgkog"
Marcus Murphy,"https://static.www.nfl.com/image/private/f_auto,q_auto/league/y9j91g8089mu9tjj0zis"
Marcus Nash,"https://static.www.nfl.com/image/private/f_auto,q_auto/league/cfqte9bnugbgakehtuv6"
Marcus Pollard,"https://static.www.nfl.com/image/private/f_auto,q_auto/league/ocbxy6cx3uxo3foaq6lh"
Marcus Robinson,"https://static.www.nfl.com/image/private/f_auto,q_auto/league/zhn6taxt5dgyq43v9qam"
Marcus Spears,"https://static.www.nfl.com/image/private/f_auto,q_auto/league/h8qeiruegruwuxuqctjy"
Marcus Thigpen,"https://static.www.nfl.com/image/private/f_auto,q_auto/league/yjyhu6hejsynzkfiayqm"
Marcus Wilson,"https://static.www.nfl.com/image/private/f_auto,q_auto/league/ng4xt0thwe8mftbw9l2y"
Mardy Gilyard,"https://static.www.nfl.com/image/private/f_auto,q_auto/league/bi0u3iotub6nuproys9j"
Mardye McDole,"https://static.www.nfl.com/image/private/f_auto,q_auto/league/duncig4jrbiya81pzwti"
Margene Adkins,
Mario Alford,"https://static.www.nfl.com/image/private/f_auto,q_auto/league/oakcuep40uvrcyx86q3o"
Mario Bates,"https://static.www.nfl.com/image/private/f_auto,q_auto/league/xkxxacls8uwotyxllfw7"
Mario Manningham,"https://static.www.nfl.com/image/private/f_auto,q_auto/league/yqkr51fcjoe6a1q0svce"
Mario Perry,"https://static.www.nfl.com/image/private/f_auto,q_auto/league/fofy8bfawpt3nx6eyvwg"
Marion Barber III,
Marion Barber Jr.,
Marion Butts,"https://static.www.nfl.com/image/private/f_auto,q_auto/league/tjtn064dewwiwi8hzfej"
Marion Grice,"https://static.www.nfl.com/image/private/f_auto,q_auto/league/k7yziqmqr4ekp6gc96qh"
Mark Adickes,"https://static.www.nfl.com/image/private/f_auto,q_auto/league/w7ehw8m3v4otr7rniuyr"
Mark Andrews,"https://static.www.nfl.com/image/upload/f_auto,q_auto/league/u4xzz7tclch0tpzm9hhz"
Mark Bailey,"https://static.www.nfl.com/image/private/f_auto,q_auto/league/rygbpdaj4pen6ygiqkl2"
Mark Bavaro,"https://static.www.nfl.com/image/private/f_auto,q_auto/league/hqggmwh4wshvxe1ozkmm"
Mark Bell,"https://static.www.nfl.com/image/private/f_auto,q_auto/league/iknwmdzuierbro78d5zg"
Mark Bellini,"https://static.www.nfl.com/image/private/f_auto,q_auto/league/rpaaufcr2pjaz3xpnh6v"
Mark Bortz,"https://static.www.nfl.com/image/private/f_auto,q_auto/league/fmuizhkksinhpngmcvhj"
Mark Boyer,"https://static.www.nfl.com/image/private/f_auto,q_auto/league/xfkxxmojob6rqgwvklyz"
Mark Bradley,"https://static.www.nfl.com/image/private/f_auto,q_auto/league/tevbfasdx5iudbvfc5it"
Mark Brammer,"https://static.www.nfl.com/image/private/f_auto,q_auto/league/fgoyuhme8wzwvncgi3rb"
Mark Bruener,"https://static.www.nfl.com/image/private/f_auto,q_auto/league/hmywleip3n6bwfgvatsi"
Mark Campbell,"https://static.www.nfl.com/image/private/f_auto,q_auto/league/ptumwqyseaaoawuvd9p4"
Mark Carrier,"https://static.www.nfl.com/image/private/f_auto,q_auto/league/jgra2bhgwagjwyunp5wr"
Mark Chmura,"https://static.www.nfl.com/image/private/f_auto,q_auto/league/kzqqr8cfkggheztekg14"
Mark Clayton,"https://static.www.nfl.com/image/private/f_auto,q_auto/league/uldvbkuemila91mfp5th"
Mark Cooper,"https://static.www.nfl.com/image/private/f_auto,q_auto/league/kevp0yweedqh2xyckh9e"
Mark Dennis,"https://static.www.nfl.com/image/private/f_auto,q_auto/league/hbnobyygrebqyglisol6"
Mark Didio,"https://static.www.nfl.com/image/private/f_auto,q_auto/league/s47bjy5pbg1vhthpks2v"
Mark Duper,"https://static.www.nfl.com/image/private/f_auto,q_auto/league/capbbsyre3yh8uj3nt8l"
Mark Gehring,"https://static.www.nfl.com/image/private/f_auto,q_auto/league/rxyp4yisdy8ijg9a3rzs"
Mark Green,"https://static.www.nfl.com/image/private/f_auto,q_auto/league/gqpifpyakq8v8bny5u7j"
Mark Harris,"https://static.www.nfl.com/image/private/f_auto,q_auto/league/c2sxojwoyfmxiacypha4"
Mark Higgs,"https://static.www.nfl.com/image/private/f_auto,q_auto/league/za13hfripmqxagvgnixe"
Mark Ingram,"https://static.www.nfl.com/image/private/f_auto,q_auto/league/qyju9wutyssrf0b26ran"
Mark Jackson,"https://static.www.nfl.com/image/private/f_auto,q_auto/league/pk49rq24atcof9zpw01q"
Mark Jones,"https://static.www.nfl.com/image/private/f_auto,q_auto/league/osf8yy3zoby6u2d4dofp"
Mark Kellar,"https://static.www.nfl.com/image/private/f_auto,q_auto/league/a61mph8zmhgwnuqmaauk"
Mark Konecny,"https://static.www.nfl.com/image/private/f_auto,q_auto/league/af412hv9gwbfkxjukk7n"
Mark Lewis,"https://static.www.nfl.com/image/private/f_auto,q_auto/league/ehuziparwc2dpgddaqzb"
Mark Malone,"https://static.www.nfl.com/image/private/f_auto,q_auto/league/ey0kryydkdjgkhv1qnaq"
Mark McGrath,"https://static.www.nfl.com/image/private/f_auto,q_auto/league/hr9fodvrzzw1cm65h7gn"
Mark Murphy,"https://static.www.nfl.com/image/private/f_auto,q_auto/league/menkoykgzqp0pde3fuqm"
Mark Nichols,"https://static.www.nfl.com/image/private/f_auto,q_auto/league/uv9jpj10mwvgdge2o0ic"
Mark Pattison,"https://static.www.nfl.com/image/private/f_auto,q_auto/league/o1r3g39op8lzkuup7hdx"
Mark Seay,"https://static.www.nfl.com/image/private/f_auto,q_auto/league/rvatmz60nwqpdfthyi32"
Mark Smolinski,
Mark Stock,"https://static.www.nfl.com/image/private/f_auto,q_auto/league/uopzyzhof9x2d3up4qeo"
Mark Tauscher,"https://static.www.nfl.com/image/private/f_auto,q_auto/league/c7xehcmjojcqjvg34fce"
Mark Walton,"https://static.www.nfl.com/image/private/f_auto,q_auto/league/bagm3hmxx07fqbe2xumb"
Mark Wheeler,"https://static.www.nfl.com/image/private/f_auto,q_auto/league/jwxm0h969pavcs9xijxx"
Mark Witte,"https://static.www.nfl.com/image/private/f_auto,q_auto/league/qufcm2mwozag310fw9b4"
Mark van Eeghen,"https://static.www.nfl.com/image/private/f_auto,q_auto/league/w06vvzst3qtiah8jyvzl"
Marko Mitchell,"https://static.www.nfl.com/image/private/f_auto,q_auto/league/n183gcv8pbcyh2wx0yut"
Markus Wheaton,"https://static.www.nfl.com/image/private/f_auto,q_auto/league/hd28smxn43jzwkdikpd0"
Marlin Briscoe,"https://static.www.nfl.com/image/private/f_auto,q_auto/league/ebc4ci38wbx63rwbhquu"
Marlin McKeever,
Marlon Barnes,"https://static.www.nfl.com/image/private/f_auto,q_auto/league/vnziix0ooiynqtdpdl0a"
Marlon Brown,"https://static.www.nfl.com/image/private/f_auto,q_auto/league/zdfywwd0yvsd6okfa5sr"
Marlon Mack,"https://static.www.nfl.com/image/private/f_auto,q_auto/league/d3sdoo1yiey5oiyblulk"
Marlon Moore,"https://static.www.nfl.com/image/private/f_auto,q_auto/league/bz33qmm3sdz0yswywrul"
Marqise Lee,"https://static.www.nfl.com/image/private/f_auto,q_auto/league/drsesqqzwhkilsx51j4i"
Marques Colston,"https://static.www.nfl.com/image/private/f_auto,q_auto/league/hnnuo9nfwzwlakr2srdq"
Marques Hagans,"https://static.www.nfl.com/image/private/f_auto,q_auto/league/vsjaxsmagvm3qxay5tyv"
Marquess Wilson,"https://static.www.nfl.com/image/private/f_auto,q_auto/league/gtmp1bvlbgxnadkq3w7e"
Marquez Callaway,"https://static.www.nfl.com/image/upload/f_auto,q_auto/league/zrqsn3ae99gkgpi97qzr"
Marquez Valdes-Scantling,"https://static.www.nfl.com/image/upload/f_auto,q_auto/league/xkdli55uvkkffiq6fwnu"
Marquis Pleasant,"https://static.www.nfl.com/image/private/f_auto,q_auto/league/brkz7eefn73g9aodew7z"
Marquise Brown,"https://static.www.nfl.com/image/upload/f_auto,q_auto/league/shkjxggufymydgp6wk3p"
Marquise Goodwin,"https://static.www.nfl.com/image/upload/f_auto,q_auto/league/cof5bbih1o9dtnonwmjp"
Marrio Grier,"https://static.www.nfl.com/image/private/f_auto,q_auto/league/ei4v8aj3ev0spwiyyjl3"
Marsh White,"https://static.www.nfl.com/image/private/f_auto,q_auto/league/bd69nulaqmeae4jnokar"
Marshall Cropper,
Marshall Faulk,"https://static.www.nfl.com/image/private/f_auto,q_auto/league/ker7p0exticomqhcbtjt"
Marshall Johnson,"https://static.www.nfl.com/image/private/f_auto,q_auto/league/svqkayoeghqzsgwnbwav"
Marshawn Lynch,"https://static.www.nfl.com/image/private/f_auto,q_auto/league/ddhpebfqtr9yxsnbx9ht"
Martavis Bryant,"https://static.www.nfl.com/image/private/f_auto,q_auto/league/davxza3iibzg7aw6c5jm"
Martellus Bennett,"https://static.www.nfl.com/image/private/f_auto,q_auto/league/repls3tq1d4jnvwmaqia"
Martin Nance,"https://static.www.nfl.com/image/private/f_auto,q_auto/league/iketoy18mm40gabg2wod"
Martin Rucker,"https://static.www.nfl.com/image/private/f_auto,q_auto/league/im5obradhfhxq8odrey1"
Martin Sartin,"https://static.www.nfl.com/image/private/f_auto,q_auto/league/tjejsng17ynrk0xljyek"
Martrez Milner,"https://static.www.nfl.com/image/private/f_auto,q_auto/league/igjnoo3hkcoej4eqfl8x"
Marty Booker,"https://static.www.nfl.com/image/private/f_auto,q_auto/league/thzjn3ut9gpwnac9zrwx"
Marty Carter,"https://static.www.nfl.com/image/private/f_auto,q_auto/league/jtnr1calwawcvc250tbz"
Marty Thompson,"https://static.www.nfl.com/image/private/f_auto,q_auto/league/a9r4boxlhium7xx0es5l"
Marv Cook,"https://static.www.nfl.com/image/private/f_auto,q_auto/league/qdpmlk6iggety3cz9bnv"
Marv Fleming,"https://static.www.nfl.com/image/private/f_auto,q_auto/league/cyijeeyp8ytuuhhgqsgs"
Marv Hubbard,"https://static.www.nfl.com/image/private/f_auto,q_auto/league/ctaqfqsqtjksws2sssem"
Marvin Allen,"https://static.www.nfl.com/image/private/f_auto,q_auto/league/qn69totflccdulvfk6lq"
Marvin Hall,"https://static.www.nfl.com/image/private/f_auto,q_auto/league/dgyruyvyeuy4cwxhysox"
Marvin Hargrove,"https://static.www.nfl.com/image/private/f_auto,q_auto/league/adir2if0amloue4zdmbn"
Marvin Harrison,"https://static.www.nfl.com/image/private/f_auto,q_auto/league/fni7z2tqhhaq5kbe5a0s"
Marvin Harrison Jr.,"https://static.www.nfl.com/image/upload/f_auto,q_auto/league/hwpoo1icpnh8emjvqaii"
Marvin Jones,"https://static.www.nfl.com/image/private/f_auto,q_auto/league/ciy9sxefmcnwjw7ln3h2"
Marvin Marshall,"https://static.www.nfl.com/image/private/f_auto,q_auto/league/a0c3g28rjv5sqh83gggk"
Marvin Mims Jr.,"https://static.www.nfl.com/image/upload/f_auto,q_auto/league/zbdjtph5xplbf4yocz0l"
Marvin Sims,"https://static.www.nfl.com/image/private/f_auto,q_auto/league/hnh94yejth4bbpf0xcae"
Mason Kinsey,"https://static.www.nfl.com/image/upload/f_auto,q_auto/league/fnp9cl8jpe0mrkysfh4r"
Mason Schreck,"https://static.www.nfl.com/image/private/f_auto,q_auto/league/drzydv7wkrwioz9a2uii"
Mason Taylor,"https://static.www.nfl.com/image/upload/f_auto,q_auto/league/xittx9gih104lw1atfiv"
Mason Tipton,"https://static.www.nfl.com/image/upload/f_auto,q_auto/league/jcloxjivlxbcveled5lr"
Matt Asiata,"https://static.www.nfl.com/image/private/f_auto,q_auto/league/zrj90d9ej6ubrnpjbewn"
Matt Barkley,"https://static.www.nfl.com/image/private/f_auto,q_auto/league/ejvscebj0ufugx5vrouq"
Matt Bouza,"https://static.www.nfl.com/image/private/f_auto,q_auto/league/mk5g65a3rk6ljjjrboil"
Matt Breida,"https://static.www.nfl.com/image/private/f_auto,q_auto/league/rc4m1xw0xmtsrxswd0bg"
Matt Campbell,"https://static.www.nfl.com/image/private/f_auto,q_auto/league/w7q84ocwisvvtxbsf6oy"
Matt Cassel,"https://static.www.nfl.com/image/private/f_auto,q_auto/league/n1ucqggyu5hlsqzuv5gj"
Matt Cavanaugh,"https://static.www.nfl.com/image/private/f_auto,q_auto/league/bl3tbkdqwye0kvjp7dwm"
Matt Cushing,"https://static.www.nfl.com/image/private/f_auto,q_auto/league/wzi1dz2onkpprmmylxiw"
Matt Dominguez,"https://static.www.nfl.com/image/private/f_auto,q_auto/league/aykgdxjo3qdpajqzpng9"
Matt Flanagan,"https://static.www.nfl.com/image/private/f_auto,q_auto/league/wnuyomxkyglp6bg203wn"
Matt Forte,"https://static.www.nfl.com/image/private/f_auto,q_auto/league/olqssssjykcx7tx7xsy3"
Matt Hazel,"https://static.www.nfl.com/image/private/f_auto,q_auto/league/ijcfzgvm0l5cmtleaejy"
Matt Jones,"https://static.www.nfl.com/image/private/f_auto,q_auto/league/eektuvevqtzbqstzx3pv"
Matt LaCosse,"https://static.www.nfl.com/image/private/f_auto,q_auto/league/yt2cjnrobixknkfi5vud"
Matt Lawrence,"https://static.www.nfl.com/image/private/f_auto,q_auto/league/tbybaaoedwymda807lhy"
Matt Lengel,"https://static.www.nfl.com/image/private/f_auto,q_auto/league/ofsdmsids4mwmhkdpxoz"
Matt Maslowski,
Matt Murphy,"https://static.www.nfl.com/image/private/f_auto,q_auto/league/id2vjdgkfbctnamwbete"
Matt Ryan,"https://static.www.nfl.com/image/private/f_auto,q_auto/league/s6zam4ekrrnonsck6vak"
Matt Schaub,"https://static.www.nfl.com/image/private/f_auto,q_auto/league/mj2kh2nddxnw04ludcx0"
Matt Schobel,"https://static.www.nfl.com/image/private/f_auto,q_auto/league/qrafmnfsbcpmzn8r7oyl"
Matt Slauson,"https://static.www.nfl.com/image/private/f_auto,q_auto/league/oilqzwvf5kwhgq3kgpsz"
Matt Snell,
Matt Spaeth,"https://static.www.nfl.com/image/private/f_auto,q_auto/league/wywcnns8be7rzlrwnjwh"
Matt Suhey,"https://static.www.nfl.com/image/private/f_auto,q_auto/league/ttcwdlgssxl8vgosj06j"
Matt Willis,"https://static.www.nfl.com/image/private/f_auto,q_auto/league/mw1ccnlauktpvqri2a0o"
Matthew Dayes,
Matthew Golden,"https://static.www.nfl.com/image/upload/f_auto,q_auto/league/dbjki6b0swksr7mk17wk"
Matthew Hatchette,
Matthew Mulligan,"https://static.www.nfl.com/image/private/f_auto,q_auto/league/okuwvdnxk6weqzz3tglf"
Matthew Slater,"https://static.www.nfl.com/image/private/f_auto,q_auto/league/cs1ojdzhxjuanbw6vflv"
Matthew Stafford,"https://static.www.nfl.com/image/upload/f_auto,q_auto/league/jwpkjfrkzufdyh8u1mg7"
Maurice Alexander,"https://static.www.nfl.com/image/upload/f_auto,q_auto/league/yzohmksbod2i5sslcndw"
Maurice Carthon,"https://static.www.nfl.com/image/private/f_auto,q_auto/league/etsohfirab6nhwde5egv"
Maurice Harris,"https://static.www.nfl.com/image/private/f_auto,q_auto/league/rslwahd8pggo2ghktogx"
Maurice Hicks,"https://static.www.nfl.com/image/private/f_auto,q_auto/league/bjq3nqrsbomfczeiwwtq"
Maurice Johnson,"https://static.www.nfl.com/image/private/f_auto,q_auto/league/auucnjjpko33ddget52o"
Maurice Jones-Drew,"https://static.www.nfl.com/image/private/f_auto,q_auto/league/imza3kc0cmkjaym7sjsn"
Maurice Morris,"https://static.www.nfl.com/image/private/f_auto,q_auto/league/o8ytfrr4d5nawhc4htks"
Maurice Smith,"https://static.www.nfl.com/image/private/f_auto,q_auto/league/ckkvlgdpadq9eb8p4ekx"
Maurice Stovall,"https://static.www.nfl.com/image/private/f_auto,q_auto/league/qyhoqvhicjjzusyajhah"
Maurkice Pouncey,"https://static.www.nfl.com/image/private/f_auto,q_auto/league/tmwaifzvklcmjs4ubrgo"
Max Komar,"https://static.www.nfl.com/image/private/f_auto,q_auto/league/qfff4htyh8drjwhzrltg"
Max McCaffrey,"https://static.www.nfl.com/image/private/f_auto,q_auto/league/zyapvh7o3oqxjr5li42b"
Max McGee,
Maxx Williams,"https://static.www.nfl.com/image/private/f_auto,q_auto/league/p0j7ax3rqhrzn5nvmc06"
Mazio Royster,"https://static.www.nfl.com/image/private/f_auto,q_auto/league/xbpjyusivqekqfkwbyqc"
McDonald Oden,"https://static.www.nfl.com/image/private/f_auto,q_auto/league/zewsa0vxm7rugsyqxejv"
Mecole Hardman,"https://static.www.nfl.com/image/upload/f_auto,q_auto/league/mswmia17pkencx01nswj"
Mel Bratton,"https://static.www.nfl.com/image/private/f_auto,q_auto/league/hczwddcl6zkive6qyvax"
Mel Carver,"https://static.www.nfl.com/image/private/f_auto,q_auto/league/shmtrqnhd1laxetegj8r"
Mel Farr,
Mel Gray,"https://static.www.nfl.com/image/private/f_auto,q_auto/league/rfuw3dh4aah4l4eeuubp"
Mel Renfro,"https://static.www.nfl.com/image/private/f_auto,q_auto/league/iuei9varlvapbjlb0rg6"
Mel Triplett,
Melvin Baker,"https://static.www.nfl.com/image/private/f_auto,q_auto/league/paovatjgoegb0reyqdmp"
Melvin Gordon,"https://static.www.nfl.com/image/private/f_auto,q_auto/league/i4g8x7yotpgszlyanow0"
Melvin Hoover,"https://static.www.nfl.com/image/private/f_auto,q_auto/league/av2aqvnwah80pbdvjjec"
Melvin Jackson,"https://static.www.nfl.com/image/private/f_auto,q_auto/league/fdedrjnhfwcc7cu5xdts"
Melvin Tuten,"https://static.www.nfl.com/image/private/f_auto,q_auto/league/z9ytrll7l3apdtkbemgg"
Mercury Hayes,"https://static.www.nfl.com/image/private/f_auto,q_auto/league/smxgxxmkiuk1kzlx4th5"
Mercury Morris,"https://static.www.nfl.com/image/private/f_auto,q_auto/league/mkklysm6yhw2jbrrvel3"
Merril Hoge,"https://static.www.nfl.com/image/private/f_auto,q_auto/league/ogxysmprroqnffayxujc"
Merrill Douglas,
Mervyn Fernandez,"https://static.www.nfl.com/image/private/f_auto,q_auto/league/ui5fclbaermhnqq8678p"
Mewelde Moore,"https://static.www.nfl.com/image/private/f_auto,q_auto/league/aqabtnjtucqtwb99mb3o"
Michael Bandy,"https://static.www.nfl.com/image/upload/f_auto,q_auto/league/bcashgwve9ean9pq8egb"
Michael Barber,"https://static.www.nfl.com/image/private/f_auto,q_auto/league/ybzfru9tzpmmiz4zbo0k"
Michael Basnight,"https://static.www.nfl.com/image/private/f_auto,q_auto/league/q0gke2pnng5v6ui0pwpf"
Michael Bates,"https://static.www.nfl.com/image/private/f_auto,q_auto/league/awyey2nffgfupqrgyrzk"
Michael Bennett,"https://static.www.nfl.com/image/private/f_auto,q_auto/league/wqvmlgrzrcm8qck1epnf"
Michael Bumpus,"https://static.www.nfl.com/image/private/f_auto,q_auto/league/gdi9a3yosevry5wqwmnt"
Michael Burton,"https://static.www.nfl.com/image/upload/f_auto,q_auto/league/ibyeabk3yu68mgipxklr"
Michael Bush,"https://static.www.nfl.com/image/private/f_auto,q_auto/league/hrrwi7inledczyebrkuk"
Michael Campanaro,"https://static.www.nfl.com/image/private/f_auto,q_auto/league/zpr9fkukakcfyfefypf7"
Michael Carter,"https://static.www.nfl.com/image/upload/f_auto,q_auto/league/cwqrxzouk4gkhfziyqre"
Michael Clark,"https://static.www.nfl.com/image/private/f_auto,q_auto/league/uypcdxyyoqmxmfmded1r"
Michael Clayton,"https://static.www.nfl.com/image/private/f_auto,q_auto/league/lvkowxltqzop95dpx7bx"
Michael Cox,"https://static.www.nfl.com/image/private/f_auto,q_auto/league/jwzgisfmgq4gnd234ubb"
Michael Crabtree,"https://static.www.nfl.com/image/private/f_auto,q_auto/league/kcavcmeyaion38ewxwyk"
Michael Deiter,"https://static.www.nfl.com/image/upload/f_auto,q_auto/league/lzops7z8etdwzembbdws"
Michael Egnew,"https://static.www.nfl.com/image/private/f_auto,q_auto/league/vknvijavjf44itiqcdkh"
Michael Floyd,"https://static.www.nfl.com/image/private/f_auto,q_auto/league/lisxjuyoo7hiux1ac4jb"
Michael Gaines,"https://static.www.nfl.com/image/private/f_auto,q_auto/league/jpmj2ywyeucrsuvkxc8q"
Michael Gallup,"https://static.www.nfl.com/image/private/f_auto,q_auto/league/tt9xpcg4x2z3osc1fcq6"
Michael Haddix,"https://static.www.nfl.com/image/private/f_auto,q_auto/league/xq5ocihsf6ac343nbmkc"
Michael Harper,"https://static.www.nfl.com/image/private/f_auto,q_auto/league/j6thokipywsyhquarvjl"
Michael Haynes,"https://static.www.nfl.com/image/private/f_auto,q_auto/league/rqecnvh6lewyczxgp7d2"
Michael Hicks,"https://static.www.nfl.com/image/private/f_auto,q_auto/league/gp3oj9xj2xhnwjlc0fvp"
Michael Higgins,
Michael Hoomanawanui,"https://static.www.nfl.com/image/private/f_auto,q_auto/league/fgfwj67pbxmp1bpjm7ti"
Michael Irvin,"https://static.www.nfl.com/image/private/f_auto,q_auto/league/mlouuxe889hk8vdv1mqp"
Michael Jackson,"https://static.www.nfl.com/image/private/f_auto,q_auto/league/jbn8znxlyucu64nj7qoz"
Michael Jenkins,"https://static.www.nfl.com/image/private/f_auto,q_auto/league/q8uleahujo4vd9mmppjg"
Michael Jennings,
Michael LeBlanc,"https://static.www.nfl.com/image/private/f_auto,q_auto/league/nzilbkltlpwghfzqjxla"
Michael Lewis,"https://static.www.nfl.com/image/private/f_auto,q_auto/league/wdjrk1cnkudl8fq82bmw"
Michael Matthews,"https://static.www.nfl.com/image/private/f_auto,q_auto/league/uwhnamluafpllqxsk2de"
Michael Mayer,"https://static.www.nfl.com/image/upload/f_auto,q_auto/league/twnkr9uq1phvukxb5jmh"
Michael Morton,"https://static.www.nfl.com/image/private/f_auto,q_auto/league/fkxnutfqfuxshtevi3lo"
Michael Oher,"https://static.www.nfl.com/image/private/f_auto,q_auto/league/n4trc3wwdpubprfjcc7x"
Michael Palmer,"https://static.www.nfl.com/image/private/f_auto,q_auto/league/kqeg75zw5wygcgmbjjwl"
Michael Pittman,"https://static.www.nfl.com/image/upload/f_auto,q_auto/league/q1ythn05kwcmdr4mwzll"
Michael Pittman Jr.,
Michael Preston,"https://static.www.nfl.com/image/private/f_auto,q_auto/league/irnf1vwzkrvehxzaisuz"
Michael Roan,"https://static.www.nfl.com/image/private/f_auto,q_auto/league/kyy5ydodbmwwe13to04d"
Michael Roberts,"https://static.www.nfl.com/image/private/f_auto,q_auto/league/budz2kcuoa7xbjfrfurg"
Michael Robinson,"https://static.www.nfl.com/image/private/f_auto,q_auto/league/ft3qwqtabyaptjs9cqvf"
Michael Roos,"https://static.www.nfl.com/image/private/f_auto,q_auto/league/irc2yeqmvpih9xqcd6tf"
Michael Thomas,"https://static.www.nfl.com/image/private/f_auto,q_auto/league/sxldsbuw65hfmkzqhw96"
Michael Timpson,"https://static.www.nfl.com/image/private/f_auto,q_auto/league/wm7lpfwmyj7qztqcq798"
Michael Turner,"https://static.www.nfl.com/image/private/f_auto,q_auto/league/mdaldbfqcpsnwhilwldj"
Michael Vick,
Michael Walker,"https://static.www.nfl.com/image/private/f_auto,q_auto/league/hif6vcfhct6nesewer3o"
Michael Westbrook,"https://static.www.nfl.com/image/private/f_auto,q_auto/league/mrxgnm1nifgvippfx1fu"
Michael Wiley,"https://static.www.nfl.com/image/upload/f_auto,q_auto/league/kjuriiyvmmbrfujqvjjw"
Michael Williams,"https://static.www.nfl.com/image/private/f_auto,q_auto/league/ozmy8cykkhdsxad0854a"
Michael Wilson,"https://static.www.nfl.com/image/upload/f_auto,q_auto/league/hm2b9z4zujjmbiyldh8n"
Micheal Spurlock,"https://static.www.nfl.com/image/private/f_auto,q_auto/league/dfq51bmg5fjbbwdj0q9u"
Mickey Shuler,"https://static.www.nfl.com/image/private/f_auto,q_auto/league/zjbwgcsjnmgxgigktqtl"
Mickey Zofko,"https://static.www.nfl.com/image/private/f_auto,q_auto/league/ksqwimfwmiecoiml3t5j"
Mike Adamle,"https://static.www.nfl.com/image/private/f_auto,q_auto/league/apmookl9zrmoz4xsvi1u"
Mike Adams,"https://static.www.nfl.com/image/private/f_auto,q_auto/league/kbl04pmvktz4d4agl3na"
Mike Akiu,"https://static.www.nfl.com/image/private/f_auto,q_auto/league/urotipypiqo3qhualsvp"
Mike Alexander,"https://static.www.nfl.com/image/private/f_auto,q_auto/league/hfvduevfn20i1tionjj3"
Mike Alstott,"https://static.www.nfl.com/image/private/f_auto,q_auto/league/loxctvxuynoipeaduqsc"
Mike Anderson,"https://static.www.nfl.com/image/private/f_auto,q_auto/league/u233mhiu14upds1god2j"
Mike Archie,"https://static.www.nfl.com/image/private/f_auto,q_auto/league/jrynsxqnrciddtyekr5v"
Mike Augustyniak,"https://static.www.nfl.com/image/private/f_auto,q_auto/league/uzt2l2bkqnzfsnfaq5yl"
Mike Barber,"https://static.www.nfl.com/image/private/f_auto,q_auto/league/luyvmprztvgexjsvd5ol"
Mike Bartrum,"https://static.www.nfl.com/image/private/f_auto,q_auto/league/fjwogz2cpwvwlvcg8xaa"
Mike Battle,
Mike Bell,"https://static.www.nfl.com/image/private/f_auto,q_auto/league/n5am5rpzph1vsw8dmtng"
Mike Boone,"https://static.www.nfl.com/image/upload/f_auto,q_auto/league/yeoyrlaf9hlvowj6fdio"
Mike Brown,"https://static.www.nfl.com/image/private/f_auto,q_auto/league/ydexadcgjg1ocofy3wqp"
Mike Caldwell,"https://static.www.nfl.com/image/private/f_auto,q_auto/league/q6p13iosmq6ejkpdn7p7"
Mike Caliendo,"https://static.www.nfl.com/image/upload/f_auto,q_auto/league/ayqrrcjh4woocxmc7lgs"
Mike Campbell,
Mike Carter,
Mike Caterbone,"https://static.www.nfl.com/image/private/f_auto,q_auto/league/ehb9fgrvy7rzguwuzqqa"
Mike Caussin,"https://static.www.nfl.com/image/private/f_auto,q_auto/league/lpvbtocwmgboe2pqdrec"
Mike Cloud,"https://static.www.nfl.com/image/private/f_auto,q_auto/league/cvpmw7nnlq0scha5khq4"
Mike Cobb,"https://static.www.nfl.com/image/private/f_auto,q_auto/league/tfdggsocbslj3mdrxilt"
Mike Collier,"https://static.www.nfl.com/image/private/f_auto,q_auto/league/tbdh3jic5mu97gmsulfc"
Mike Cox,"https://static.www.nfl.com/image/private/f_auto,q_auto/league/osx94fzv31qs3jrxajzd"
Mike Curtis,"https://static.www.nfl.com/image/private/f_auto,q_auto/league/ikse0njgggzfpgreqxbk"
Mike Davis,"https://static.www.nfl.com/image/private/f_auto,q_auto/league/csrqinegeyunycijua2q"
Mike Dennis,"https://static.www.nfl.com/image/private/f_auto,q_auto/league/su0zom0gsngx0hyh3b6l"
Mike Dingle,"https://static.www.nfl.com/image/private/f_auto,q_auto/league/m6bfzkxxchveybcitgkh"
Mike Ditka,
Mike Donohoe,"https://static.www.nfl.com/image/private/f_auto,q_auto/league/ldzcjdmcjttxbjzepqew"
Mike Dulaney,"https://static.www.nfl.com/image/private/f_auto,q_auto/league/qbmsdwuratiheequqmpa"
Mike Dyal,"https://static.www.nfl.com/image/private/f_auto,q_auto/league/furuhw6yf2zrsg9xty1i"
Mike Esposito,"https://static.www.nfl.com/image/private/f_auto,q_auto/league/do7swqeopigao0ljce8x"
Mike Evans,"https://static.www.nfl.com/image/upload/f_auto,q_auto/league/zc4ujpmndyxrbiyyjomz"
Mike Farr,"https://static.www.nfl.com/image/private/f_auto,q_auto/league/iqdp6t1hfjamjlujqin9"
Mike Franckowiak,"https://static.www.nfl.com/image/private/f_auto,q_auto/league/huy4bu68bmrwnuokgaw2"
Mike Friede,"https://static.www.nfl.com/image/private/f_auto,q_auto/league/g6qmuw2frcztrmdhjxpo"
Mike Furrey,"https://static.www.nfl.com/image/private/f_auto,q_auto/league/patqamlgpnc1wqd2ijh8"
Mike Garrett,"https://static.www.nfl.com/image/private/f_auto,q_auto/league/s1mdnox1fi1lhlihvmh3"
Mike Gesicki,"https://static.www.nfl.com/image/upload/f_auto,q_auto/league/dykckg6we3cnw9yhpggi"
Mike Gibson,"https://static.www.nfl.com/image/private/f_auto,q_auto/league/lw7tgr92ozhcayrpiajz"
Mike Gillislee,"https://static.www.nfl.com/image/private/f_auto,q_auto/league/bz85uuhwz2daip0avjrg"
Mike Goodson,"https://static.www.nfl.com/image/private/f_auto,q_auto/league/dpaxi8jg2qqau741mn1q"
Mike Green,"https://static.www.nfl.com/image/private/f_auto,q_auto/league/zbbflhdupumgwb0htmx0"
Mike Gruttadauria,"https://static.www.nfl.com/image/private/f_auto,q_auto/league/nmd3xqkmflrv00u7cfre"
Mike Guman,"https://static.www.nfl.com/image/private/f_auto,q_auto/league/ila865odwfkcjcphawdu"
Mike Haffner,
Mike Hancock,"https://static.www.nfl.com/image/private/f_auto,q_auto/league/kumjp9rxvizrfdiege3r"
Mike Harmon,"https://static.www.nfl.com/image/private/f_auto,q_auto/league/sy0i35rrjs2sjtuawijh"
Mike Hart,"https://static.www.nfl.com/image/private/f_auto,q_auto/league/vsupxsoianek2bknmr05"
Mike Hinnant,"https://static.www.nfl.com/image/private/f_auto,q_auto/league/iekd0y3sn7avzbfef0st"
Mike Hogan,"https://static.www.nfl.com/image/private/f_auto,q_auto/league/adtd4qhyaxmig1wyy9fp"
Mike Holmes,"https://static.www.nfl.com/image/private/f_auto,q_auto/league/bytdm7m25p7ecvnecquk"
Mike Holston,"https://static.www.nfl.com/image/private/f_auto,q_auto/league/tmoel8bjfg0vjpuygp92"
Mike Hull,"https://static.www.nfl.com/image/private/f_auto,q_auto/league/odwvar5jtgyrug0auhkh"
Mike Iupati,"https://static.www.nfl.com/image/private/f_auto,q_auto/league/g86wdftsz8refubqztyk"
Mike James,"https://static.www.nfl.com/image/private/f_auto,q_auto/league/wurn2arjq72gyjcyzgo9"
Mike Johnson,"https://static.www.nfl.com/image/private/f_auto,q_auto/league/tvt7u41omt8csuyo4cyt"
Mike Jones,"https://static.www.nfl.com/image/private/f_auto,q_auto/league/insruphbqrvddqjanojt"
Mike Karney,"https://static.www.nfl.com/image/private/f_auto,q_auto/league/a7tbw5gaulltswknyx3r"
Mike Kelly,
Mike Landrum,"https://static.www.nfl.com/image/private/f_auto,q_auto/league/v4je2lro7nihgteyv5cq"
Mike Levenseller,"https://static.www.nfl.com/image/private/f_auto,q_auto/league/hg3fr5penkxf165d0nhh"
Mike Lind,
Mike Lucky,"https://static.www.nfl.com/image/private/f_auto,q_auto/league/hgcihoz1r4vk6wtqljqu"
Mike Martin,"https://static.www.nfl.com/image/private/f_auto,q_auto/league/ktbo1rhgujjckydtkhc4"
Mike McCloskey,"https://static.www.nfl.com/image/private/f_auto,q_auto/league/ajqgjhfgl1f9xsfxccvs"
Mike McGlynn,"https://static.www.nfl.com/image/private/f_auto,q_auto/league/u2e7bucwqe3getqs3rau"
Mike McMahon,"https://static.www.nfl.com/image/private/f_auto,q_auto/league/oqk3auohiba0d6blhboc"
Mike McNeill,"https://static.www.nfl.com/image/private/f_auto,q_auto/league/okq4w7v7p1moxipiq3am"
Mike Meade,"https://static.www.nfl.com/image/private/f_auto,q_auto/league/tv3yeeboniiq1sv6mici"
Mike Miller,"https://static.www.nfl.com/image/private/f_auto,q_auto/league/hdefkuuboys59xc9akmc"
Mike Moffitt,"https://static.www.nfl.com/image/private/f_auto,q_auto/league/penk7yo15i5hhdpvqtnt"
Mike Montgomery,"https://static.www.nfl.com/image/private/f_auto,q_auto/league/mylyvwen3qy6g4djuuos"
Mike Montler,"https://static.www.nfl.com/image/private/f_auto,q_auto/league/ffotoda1hjo3ggrc1py9"
Mike Mosley,"https://static.www.nfl.com/image/private/f_auto,q_auto/league/h2iniqybnlvs4wpjjeyi"
Mike Mularkey,"https://static.www.nfl.com/image/private/f_auto,q_auto/league/b4ejsrdahvduzsivc5gt"
Mike Oliphant,"https://static.www.nfl.com/image/private/f_auto,q_auto/league/dcpop9mhywvh01z6n1gr"
Mike Pagel,"https://static.www.nfl.com/image/private/f_auto,q_auto/league/sjcjnlxuxwllgtthxkwm"
Mike Prior,"https://static.www.nfl.com/image/private/f_auto,q_auto/league/v6urj5gbpxhjql7omquj"
Mike Pritchard,"https://static.www.nfl.com/image/private/f_auto,q_auto/league/evzrbmxtpdd7cavvojwl"
Mike Pruitt,"https://static.www.nfl.com/image/private/f_auto,q_auto/league/cjqm31bc0e6bmrijauft"
Mike Quick,"https://static.www.nfl.com/image/private/f_auto,q_auto/league/pvgxk0hkyqmhu9txqmbk"
Mike Remmers,"https://static.www.nfl.com/image/private/f_auto,q_auto/league/qsp6ncqgwc9uyrgptyrc"
Mike Renfro,"https://static.www.nfl.com/image/private/f_auto,q_auto/league/jsxmedvi9vlqhdvtcjmp"
Mike Richardson,"https://static.www.nfl.com/image/private/f_auto,q_auto/league/a4btqolfjra5vhhykggb"
Mike Roberg,"https://static.www.nfl.com/image/private/f_auto,q_auto/league/wjnjk33uxvqqvudqd7gz"
Mike Rozier,"https://static.www.nfl.com/image/private/f_auto,q_auto/league/z3q6xg9zozdh94w9epli"
Mike Ruether,"https://static.www.nfl.com/image/private/f_auto,q_auto/league/vovx450w15ts12aakwd7"
Mike Schnitker,"https://static.www.nfl.com/image/private/f_auto,q_auto/league/xrg8arxwipxgljfz5d47"
Mike Seidman,"https://static.www.nfl.com/image/private/f_auto,q_auto/league/txijdxymwb7ogz98la90"
Mike Sellers,"https://static.www.nfl.com/image/private/f_auto,q_auto/league/mgfu3pfyhktvffde9ww2"
Mike Sherrard,"https://static.www.nfl.com/image/private/f_auto,q_auto/league/pqaplm8zrwkvqatbj5ku"
Mike Shumann,"https://static.www.nfl.com/image/private/f_auto,q_auto/league/smp720viucbykr8cwbz2"
Mike Siani,"https://static.www.nfl.com/image/private/f_auto,q_auto/league/fw9t5l95wf66n0l4xi8v"
Mike Siano,"https://static.www.nfl.com/image/private/f_auto,q_auto/league/yectlj015rcwksoqokgt"
Mike Sims-Walker,"https://static.www.nfl.com/image/private/f_auto,q_auto/league/dveqo6qxj5bskzhval0i"
Mike Strachan,"https://static.www.nfl.com/image/private/f_auto,q_auto/league/f0eepzx0zweaaoch5xfj"
Mike Thomas,"https://static.www.nfl.com/image/private/f_auto,q_auto/league/sytj4awk8kseyootqzec"
Mike Tice,"https://static.www.nfl.com/image/private/f_auto,q_auto/league/bwznyn9jyntlfwagub5o"
Mike Tolbert,"https://static.www.nfl.com/image/private/f_auto,q_auto/league/frwhwdhbcteyg7xjha7a"
Mike Tomczak,"https://static.www.nfl.com/image/private/f_auto,q_auto/league/bjdgcglvb0wufq0kujfl"
Mike Varajon,"https://static.www.nfl.com/image/private/f_auto,q_auto/league/ze5fvkyc9ukt0icbwliz"
Mike Vrabel,"https://static.www.nfl.com/image/private/f_auto,q_auto/league/d2kwhcvh7tixbt6sqfnv"
Mike Wahle,"https://static.www.nfl.com/image/private/f_auto,q_auto/league/x1dvw1mdnbe7gtkpksli"
Mike Wallace,"https://static.www.nfl.com/image/private/f_auto,q_auto/league/dy9z5wbsitf6l9psjq4y"
Mike Waters,"https://static.www.nfl.com/image/private/f_auto,q_auto/league/p449280etpduzbusygmw"
Mike Wells,"https://static.www.nfl.com/image/private/f_auto,q_auto/league/k5f0lngkenr2mdk2ikul"
Mike Williams,"https://static.www.nfl.com/image/upload/f_auto,q_auto/league/atprqcuqsl4spdak76fy"
Mike Wilson,"https://static.www.nfl.com/image/private/f_auto,q_auto/league/ex5j6z4wwcl9qs2bpb0r"
Mike Woods,"https://static.www.nfl.com/image/private/f_auto,q_auto/league/qlps63mn8jfsvqgf7cub"
Mike Young,"https://static.www.nfl.com/image/private/f_auto,q_auto/league/g7htzltcb2avfcpubhki"
Mikel Leshoure,"https://static.www.nfl.com/image/private/f_auto,q_auto/league/c9or9xm3f8vuo21hbiyb"
Mikhael Ricks,"https://static.www.nfl.com/image/private/f_auto,q_auto/league/lhsvqlh0jnec6obbskgt"
Miles Austin,"https://static.www.nfl.com/image/private/f_auto,q_auto/league/tuwhvxan7v0gisbei4an"
Miles Boykin,"https://static.www.nfl.com/image/upload/f_auto,q_auto/league/v83sulqxwqmk6sp9qnqr"
Miles Sanders,"https://static.www.nfl.com/image/upload/f_auto,q_auto/league/niyjjkzmxjmesftgjs8y"
Milt Morin,"https://static.www.nfl.com/image/private/f_auto,q_auto/league/vdsevkxpwdhhbvck3vlv"
Milt Stegall,"https://static.www.nfl.com/image/private/f_auto,q_auto/league/jdrhhdi7ooicl8itofdc"
Milton Barney,"https://static.www.nfl.com/image/private/f_auto,q_auto/league/ptoyjrta2qffdngmqn6p"
Milton Wynn,"https://static.www.nfl.com/image/private/f_auto,q_auto/league/nv2pcayqepsurftvbdmz"
Mitch Andrews,"https://static.www.nfl.com/image/private/f_auto,q_auto/league/sartxvr2e54dzqxoknzt"
Mitch Frerotte,"https://static.www.nfl.com/image/private/f_auto,q_auto/league/pzidqmgva9xehhuo7zzp"
Mitch Jacoby,"https://static.www.nfl.com/image/private/f_auto,q_auto/league/strjskbclrg5lcjt60qd"
Mitch Johnson,
Mitch Krenk,"https://static.www.nfl.com/image/private/f_auto,q_auto/league/elle8maganchhmgeemld"
Mitch Lyons,"https://static.www.nfl.com/image/private/f_auto,q_auto/league/toqyylat6fcsefxjmggb"
Mitch Unrein,"https://static.www.nfl.com/image/private/f_auto,q_auto/league/ca7jpvbeqxt9gyfzbh5a"
Mitchell Brookins,"https://static.www.nfl.com/image/private/f_auto,q_auto/league/tfzkjygwjg15atf9l6rl"
Mitchell Evans,"https://static.www.nfl.com/image/upload/f_auto,q_auto/league/yruhsxdnyfaa7iswn1dp"
Mitchell Tinsley,"https://static.www.nfl.com/image/upload/f_auto,q_auto/league/t4h8qtzndtvf6is6naew"
Mitchell Wilcox,"https://static.www.nfl.com/image/private/f_auto,q_auto/league/cxh2vsypwniukuheewu0"
Mo Alie-Cox,"https://static.www.nfl.com/image/upload/f_auto,q_auto/league/ivdxijcqlhfwsydxh6ox"
Mo Moorman,
Moe Williams,"https://static.www.nfl.com/image/private/f_auto,q_auto/league/qk6isd7zfj4mbmsn0nvb"
Mohamed Massaquoi,"https://static.www.nfl.com/image/private/f_auto,q_auto/league/bhlimzndr5zoo6qifrvi"
Mohamed Sanu,"https://static.www.nfl.com/image/private/f_auto,q_auto/league/a6loroqhta6g65aqnsrk"
Moliki Matavao,"https://static.www.nfl.com/image/upload/f_auto,q_auto/league/sloxqlvfyoufh2bb3zku"
Monroe Eley,"https://static.www.nfl.com/image/private/f_auto,q_auto/league/tbtgzh1wj6iwwwruqvyf"
Montario Hardesty,"https://static.www.nfl.com/image/private/f_auto,q_auto/league/h28sqecu6drwcdma9brv"
Monte Coleman,"https://static.www.nfl.com/image/private/f_auto,q_auto/league/fo8jzoctj0ur1ed7mtm8"
Montee Ball,"https://static.www.nfl.com/image/private/f_auto,q_auto/league/g8pycv2cfqqoeejns7bv"
Montell Owens,"https://static.www.nfl.com/image/private/f_auto,q_auto/league/uhbn4k9ucwwjdpgehocb"
Montrell Washington,"https://static.www.nfl.com/image/upload/f_auto,q_auto/league/qzoiydo6y3vvjnrujfx0"
Monty Stickles,
Moran Norris,"https://static.www.nfl.com/image/private/f_auto,q_auto/league/i4wjezya4qunmvhibnfp"
Morris Bradshaw,"https://static.www.nfl.com/image/private/f_auto,q_auto/league/ud6nx9b6rypzz2ngbwap"
Morris Owens,"https://static.www.nfl.com/image/private/f_auto,q_auto/league/z2u9h34nbxhmx6alxuas"
Morris Stroud,"https://static.www.nfl.com/image/private/f_auto,q_auto/league/rz26uijrbqsoesg3ywgy"
Moses Denson,"https://static.www.nfl.com/image/private/f_auto,q_auto/league/jgz4idoourrhjbua4bln"
Mosi Tatupu,"https://static.www.nfl.com/image/private/f_auto,q_auto/league/jge79vwu3wvwpixwpriy"
Mossis Madu,"https://static.www.nfl.com/image/private/f_auto,q_auto/league/mrbmg2taipdt3vm5c749"
Muhsin Muhammad,"https://static.www.nfl.com/image/private/f_auto,q_auto/league/voncnllz8vmiq1rnclqz"
Musa Smith,"https://static.www.nfl.com/image/private/f_auto,q_auto/league/g707ybjxspi5i4qdrype"
MyCole Pruitt,"https://static.www.nfl.com/image/upload/f_auto,q_auto/league/jazo8egu5luwyxxcpjh8"
Mychal Rivera,"https://static.www.nfl.com/image/private/f_auto,q_auto/league/nnbvmfg9qugawrxv2qyt"
Myles Gaskin,"https://static.www.nfl.com/image/upload/f_auto,q_auto/league/dn5kacxm99pb95u8dle1"
Myles White,"https://static.www.nfl.com/image/private/f_auto,q_auto/league/yci9mc5ska3b3a5so93l"
N'Keal Harry,"https://static.www.nfl.com/image/upload/f_auto,q_auto/league/yl0nlprrudo2o0awymq3"
Na Brown,"https://static.www.nfl.com/image/private/f_auto,q_auto/league/eugx6mbgh5wmenl5kwpq"
Naaman Roosevelt,"https://static.www.nfl.com/image/private/f_auto,q_auto/league/xdeqywq3poawmj244npv"
Najee Harris,"https://static.www.nfl.com/image/upload/f_auto,q_auto/league/grfxgbvqnzz40r7rdtvk"
Najeh Davenport,"https://static.www.nfl.com/image/private/f_auto,q_auto/league/smaqioevq5yz66r5qj8w"
Napoleon Kaufman,"https://static.www.nfl.com/image/private/f_auto,q_auto/league/jvxth3bcfblxhpihc2rw"
Napoleon McCallum,"https://static.www.nfl.com/image/private/f_auto,q_auto/league/ztwoa18syptfxegyu5gq"
Nat Moore,"https://static.www.nfl.com/image/private/f_auto,q_auto/league/l7jir7npzrkt89xzozpg"
Nate Adkins,"https://static.www.nfl.com/image/upload/f_auto,q_auto/league/hedaw0ksq5qdzp9uhe3w"
Nate Allen,"https://static.www.nfl.com/image/private/f_auto,q_auto/league/bewz2w8tojv4hovy3zg5"
Nate Burleson,"https://static.www.nfl.com/image/private/f_auto,q_auto/league/uetfdfntsvqax8ntyato"
Nate Byham,"https://static.www.nfl.com/image/private/f_auto,q_auto/league/lwf6w30xe72qd68wtwtd"
Nate Eachus,"https://static.www.nfl.com/image/private/f_auto,q_auto/league/dvsz6rtudslr5l7bw1yy"
Nate Hawkins,"https://static.www.nfl.com/image/private/f_auto,q_auto/league/gzknezly0wjjlzsdgb3y"
Nate Hughes,"https://static.www.nfl.com/image/private/f_auto,q_auto/league/zztl0po7fyfgorgxvz5e"
Nate Jackson,"https://static.www.nfl.com/image/private/f_auto,q_auto/league/mlb81n1sds6lsngedjcj"
Nate Jacquet,"https://static.www.nfl.com/image/private/f_auto,q_auto/league/hb6mjv02t3tx4jhpnsrw"
Nate Lawrie,"https://static.www.nfl.com/image/private/f_auto,q_auto/league/aozraq2bewvk7pen2v7p"
Nate Lewis,"https://static.www.nfl.com/image/private/f_auto,q_auto/league/drfr6ndgjdfnllr6036u"
Nate Newton,"https://static.www.nfl.com/image/private/f_auto,q_auto/league/dbgczukxafswgg8sjeq1"
Nate Poole,"https://static.www.nfl.com/image/private/f_auto,q_auto/league/enwjzta1aqe74w1np3bl"
Nate Simpson,"https://static.www.nfl.com/image/private/f_auto,q_auto/league/uthfdj3j4issp8iuto9t"
Nate Singleton,"https://static.www.nfl.com/image/private/f_auto,q_auto/league/szpr08qfa5pnmchuvt2f"
Nate Turner,"https://static.www.nfl.com/image/private/f_auto,q_auto/league/igouxtm3nccegkceyoto"
Nate Washington,"https://static.www.nfl.com/image/private/f_auto,q_auto/league/tfd0wzddpwzhmhunbowa"
Nate Wright,"https://static.www.nfl.com/image/private/f_auto,q_auto/league/qhkxwkoykztqv9eh4yjd"
Nathan Palmer,"https://static.www.nfl.com/image/private/f_auto,q_auto/league/etohzs8yfqhqptsto1pj"
Nathan Poole,"https://static.www.nfl.com/image/private/f_auto,q_auto/league/sshi5p9sibpi3vwoj4bh"
Nathan Wonsley,"https://static.www.nfl.com/image/private/f_auto,q_auto/league/xrylb0trgovtbv8ie5os"
Natrone Means,"https://static.www.nfl.com/image/private/f_auto,q_auto/league/agocmf6cu74jyrrlbng6"
Naufahu Tahi,"https://static.www.nfl.com/image/private/f_auto,q_auto/league/yyhkgpffkcbwiu0gb9o2"
Naz Worthen,"https://static.www.nfl.com/image/private/f_auto,q_auto/league/vl7vkewb8bz82qu3xzco"
Neal Anderson,"https://static.www.nfl.com/image/private/f_auto,q_auto/league/mhldnge8bkykicj40ypz"
Neal Craig,"https://static.www.nfl.com/image/private/f_auto,q_auto/league/duqav5ruzf6wmoexj1dt"
Neal Petties,
Neal Sterling,"https://static.www.nfl.com/image/private/f_auto,q_auto/league/zeft21ybfc5pjye3lmq2"
Neil Lomax,"https://static.www.nfl.com/image/private/f_auto,q_auto/league/hicme3xr4rub1jc6ixsr"
Nelson Agholor,"https://static.www.nfl.com/image/upload/f_auto,q_auto/league/wyxfkarcjgqdz3pl8nnr"
Nesby Glasgow,"https://static.www.nfl.com/image/private/f_auto,q_auto/league/khvj2xrqxrimb274mfe7"
Newton Williams,"https://static.www.nfl.com/image/private/f_auto,q_auto/league/jhyzxfna2x4nd6yr1opr"
Nic Jacobs,"https://static.www.nfl.com/image/private/f_auto,q_auto/league/sopcngs3axoc0ctb6tpg"
Nick Bawden,"https://static.www.nfl.com/image/private/f_auto,q_auto/league/rz1cgqj4rvl2xjffxyia"
Nick Bell,"https://static.www.nfl.com/image/private/f_auto,q_auto/league/rsd88gxlufsy6wigkbz0"
Nick Bellore,"https://static.www.nfl.com/image/upload/f_auto,q_auto/league/wlj7zdf6h9p9dnhdtmih"
Nick Boyle,"https://static.www.nfl.com/image/private/f_auto,q_auto/league/emqvoudb71kgmkfphmuw"
Nick Bruckner,"https://static.www.nfl.com/image/private/f_auto,q_auto/league/ufgilxjgotc8czdr18qm"
Nick Chubb,"https://static.www.nfl.com/image/upload/f_auto,q_auto/league/h5y74trx6l8ivpkbmrkt"
Nick Eddy,
Nick Foles,"https://static.www.nfl.com/image/private/f_auto,q_auto/league/dxuz2ir773wylutxo7zs"
Nick Giaquinto,"https://static.www.nfl.com/image/private/f_auto,q_auto/league/zowrok5rhib96j8gmmjc"
Nick Goings,"https://static.www.nfl.com/image/private/f_auto,q_auto/league/rahruuhxo0nkv46vo9jm"
Nick Kasa,"https://static.www.nfl.com/image/private/f_auto,q_auto/league/srsjn6uypdrkercopzk4"
Nick Keizer,"https://static.www.nfl.com/image/private/f_auto,q_auto/league/tv6jmqih4wmfhmnxleht"
Nick Kowgios,"https://static.www.nfl.com/image/private/f_auto,q_auto/league/nv2gr3veuczdjerkhq01"
Nick Luchey,
Nick Mangold,"https://static.www.nfl.com/image/private/f_auto,q_auto/league/yzxxaw1a2t55cxhsbvx7"
Nick Miller,"https://static.www.nfl.com/image/private/f_auto,q_auto/league/xtpyy56tx67ptquwxadq"
Nick Muse,"https://static.www.nfl.com/image/upload/f_auto,q_auto/league/cdidnsvt1we5d7ffnjbo"
Nick O'Leary,"https://static.www.nfl.com/image/private/f_auto,q_auto/league/jdldbwkjrk76mwertzfx"
Nick Pietrosante,
Nick Ryder,
Nick Savoie,
Nick Scott,"https://static.www.nfl.com/image/upload/f_auto,q_auto/league/rxmve4vvejz6looxumrw"
Nick Toon,"https://static.www.nfl.com/image/private/f_auto,q_auto/league/sysnfy8ooabjvvjwj4rs"
Nick Vannett,"https://static.www.nfl.com/image/upload/f_auto,q_auto/league/srrlkx2mydsb8gfco6fp"
Nick Westbrook-Ikhine,"https://static.www.nfl.com/image/upload/f_auto,q_auto/league/cyczwxlgfksrmurbb1ez"
Nick Williams,"https://static.www.nfl.com/image/private/f_auto,q_auto/league/xzbqirh5sxfjtmmnrupw"
Nico Collins,"https://static.www.nfl.com/image/upload/f_auto,q_auto/league/fguybjrn1kwflxm5szwq"
Nikko Remigio,"https://static.www.nfl.com/image/upload/f_auto,q_auto/league/n6b1tsy32fswbd0xgsim"
Niles Paul,"https://static.www.nfl.com/image/private/f_auto,q_auto/league/c2hufhhjyuitenxujhpz"
Noah Brown,"https://static.www.nfl.com/image/upload/f_auto,q_auto/league/nv6ix0p8965yiugsuhwh"
Noah Fant,"https://static.www.nfl.com/image/upload/f_auto,q_auto/league/lijnonbrcmplvkcb5kqv"
Noah Gray,"https://static.www.nfl.com/image/upload/f_auto,q_auto/league/bpmlguml8jth2rbdfyp5"
Noah Herron,"https://static.www.nfl.com/image/private/f_auto,q_auto/league/qu3bbe95r9znlvahhvwn"
Noah Jackson,"https://static.www.nfl.com/image/private/f_auto,q_auto/league/bmt2zmy7yihnjay08j2h"
Nolan Franz,"https://static.www.nfl.com/image/private/f_auto,q_auto/league/g1ltsjlyrycahwrxlbhv"
Norm Bulaich,"https://static.www.nfl.com/image/private/f_auto,q_auto/league/umf47m42qwvzskoov8n6"
Norm Granger,"https://static.www.nfl.com/image/private/f_auto,q_auto/league/mkdlkio962uyo9aedzhn"
Nsimba Webster,"https://static.www.nfl.com/image/upload/f_auto,q_auto/league/ufvxs5eu8ltqoeaogyoo"
Nuu Faaola,"https://static.www.nfl.com/image/private/f_auto,q_auto/league/rwy9edpt5ptbm7bev6kz"
Nyheim Hines,"https://static.www.nfl.com/image/upload/f_auto,q_auto/league/ud1q6gh3tlkiy2w90gvm"
O.J. Howard,"https://static.www.nfl.com/image/private/f_auto,q_auto/league/usf4x1xgc8bqnuaewkp2"
O.J. McDuffie,"https://static.www.nfl.com/image/private/f_auto,q_auto/league/wekhusa1xgj2firwcicq"
O.J. Santiago,"https://static.www.nfl.com/image/private/f_auto,q_auto/league/q4vb7vilifja6rczbp9c"
O.J. Simpson,"https://static.www.nfl.com/image/private/f_auto,q_auto/league/oklnnl0m9iqv3s2xbyys"
O.J. Small,"https://static.www.nfl.com/image/private/f_auto,q_auto/league/epsdfdp0b6lrbnhypmtl"
Obafemi Ayanbadejo,"https://static.www.nfl.com/image/private/f_auto,q_auto/league/syqp6rncknmzkbtm3ozk"
Odell Beckham Jr.,"https://static.www.nfl.com/image/upload/f_auto,q_auto/league/ffmalg3wr7lwnsz59i7v"
Odell Lawson,"https://static.www.nfl.com/image/private/f_auto,q_auto/league/p6yotac2rlynyrkfvl0s"
Odessa Turner,"https://static.www.nfl.com/image/private/f_auto,q_auto/league/rnimaugb1zi0nslad9c3"
Olabisi Johnson,
Olamide Zaccheaus,"https://static.www.nfl.com/image/upload/f_auto,q_auto/league/zsnzd30ysrewgufbv06y"
Olanda Truitt,"https://static.www.nfl.com/image/private/f_auto,q_auto/league/tfylnckhkf0xnfnoxpaz"
Olandis Gary,"https://static.www.nfl.com/image/private/f_auto,q_auto/league/zg01lde6sju8yg6b2eib"
Olaniyi Sobomehin,"https://static.www.nfl.com/image/private/f_auto,q_auto/league/af69z66lxbta5idgvpoi"
Olin Kreutz,"https://static.www.nfl.com/image/private/f_auto,q_auto/league/sghzbtafablvxdhrwfnb"
Oliver Hoyte,"https://static.www.nfl.com/image/private/f_auto,q_auto/league/l07wpxknfqrlyz09t9ib"
Oliver Ross,"https://static.www.nfl.com/image/private/f_auto,q_auto/league/idqviuaibr7uex9fomp8"
Oliver Williams,"https://static.www.nfl.com/image/private/f_auto,q_auto/league/nvpd66bhwxwmvsrkxkwg"
Ollie Gordon II,"https://static.www.nfl.com/image/upload/f_auto,q_auto/league/bv33rgypaauv7sealwkr"
Ollie Matson,
Ollie Smith,"https://static.www.nfl.com/image/private/f_auto,q_auto/league/inp79w4rg9epfhsgmann"
Omar Douglas,"https://static.www.nfl.com/image/private/f_auto,q_auto/league/o4tiwqwvgqwllppaikv3"
Omar Easy,"https://static.www.nfl.com/image/private/f_auto,q_auto/league/uzz6qadkn5ai5aewoeuq"
Omarion Hampton,"https://static.www.nfl.com/image/upload/f_auto,q_auto/league/lf2jxvxnbexlinoydbej"
Onterrio Smith,"https://static.www.nfl.com/image/private/f_auto,q_auto/league/jfkbnjzpmq7fabzqzv5h"
Oren O'Neal,"https://static.www.nfl.com/image/private/f_auto,q_auto/league/niadjdfhh2xfyannqg7n"
Orlando Bobo,"https://static.www.nfl.com/image/private/f_auto,q_auto/league/ljqk3oiouslpopwfbib0"
Orlando Parker,"https://static.www.nfl.com/image/private/f_auto,q_auto/league/akw6dq8ni8d7eiawz8py"
Orleans Darkwa,"https://static.www.nfl.com/image/private/f_auto,q_auto/league/tumagun0uid3uujm4kkg"
Oronde Gadsden,"https://static.www.nfl.com/image/private/f_auto,q_auto/league/gfdzmimvhptrme2x72d3"
Oronde Gadsden II,"https://static.www.nfl.com/image/upload/f_auto,q_auto/league/r8b4oghjwhw8x9nv1wbs"
Orson Charles,"https://static.www.nfl.com/image/private/f_auto,q_auto/league/shbtvc2u3xznv47nzvm2"
Orson Mobley,"https://static.www.nfl.com/image/private/f_auto,q_auto/league/mslyqvog8euuzb4iocjy"
Oscar Donahue,
Oscar Gray,"https://static.www.nfl.com/image/private/f_auto,q_auto/league/euv3i4q41gvq41a45bck"
Oscar McBride,"https://static.www.nfl.com/image/private/f_auto,q_auto/league/mdufcsbnydmzrvzpd74n"
Oscar Reed,"https://static.www.nfl.com/image/private/f_auto,q_auto/league/d4vjqfheubsrjlpdwvx4"
Oscar Roan,"https://static.www.nfl.com/image/private/f_auto,q_auto/league/j83dcl95truwmvqsh3je"
Ostell Miles,"https://static.www.nfl.com/image/private/f_auto,q_auto/league/j30qka61kgrs8dffajpx"
Otis Armstrong,"https://static.www.nfl.com/image/private/f_auto,q_auto/league/wohqejaijvbjhxr6uxvb"
Otis Grant,"https://static.www.nfl.com/image/private/f_auto,q_auto/league/szf7usafrw6kgwwtrjhv"
Otis Taylor,"https://static.www.nfl.com/image/private/f_auto,q_auto/league/s5h1i5gzvj8it36plklj"
Otis Wonsley,"https://static.www.nfl.com/image/private/f_auto,q_auto/league/zi62svljnjzuhwjuv3j6"
Ottis Anderson,"https://static.www.nfl.com/image/private/f_auto,q_auto/league/pwluez9civsa4xcuqskm"
Otto Stowe,"https://static.www.nfl.com/image/private/f_auto,q_auto/league/ehcls0zjikslgbvfniaj"
Ovie Mughelli,"https://static.www.nfl.com/image/private/f_auto,q_auto/league/l7pa6jzidcukztqfhcq2"
Owen Daniels,"https://static.www.nfl.com/image/private/f_auto,q_auto/league/ktxkz5tzddboxst5xfh8"
Owen Gill,"https://static.www.nfl.com/image/private/f_auto,q_auto/league/xd8dezxuneneoncr8gvt"
Owen Marecic,"https://static.www.nfl.com/image/private/f_auto,q_auto/league/outskoti0yzbmlmstgnt"
Owen Schmitt,"https://static.www.nfl.com/image/private/f_auto,q_auto/league/ph56pn9shglpkehplbx4"
Ozzie Newsome,"https://static.www.nfl.com/image/private/f_auto,q_auto/league/eh5h2ezne6jcjwyhcugw"
P.J. Franklin,"https://static.www.nfl.com/image/private/f_auto,q_auto/league/j6g4eztjiijvpxvcq5du"
P.J. Pope,"https://static.www.nfl.com/image/private/f_auto,q_auto/league/uulreabdmdnmikqdjibe"
Paco Craig,"https://static.www.nfl.com/image/private/f_auto,q_auto/league/pa1yka2n3h91hshf8rwi"
Paris Warren,"https://static.www.nfl.com/image/private/f_auto,q_auto/league/lbmxamwovs1ng9zpmkym"
Parker Hesse,"https://static.www.nfl.com/image/upload/f_auto,q_auto/league/roaaw3cph7q6cxdco70k"
Parker Washington,"https://static.www.nfl.com/image/upload/f_auto,q_auto/league/yn0hc5xrz5nqeccg8two"
Parris Campbell,"https://static.www.nfl.com/image/upload/f_auto,q_auto/league/pmb3ypquiy5a2qzzmio4"
Pat Batteaux,"https://static.www.nfl.com/image/private/f_auto,q_auto/league/cszesvizb9o7mclrqmpt"
Pat Beach,"https://static.www.nfl.com/image/private/f_auto,q_auto/league/bjo4n1vhfcha2oitpso9"
Pat Bryant,"https://static.www.nfl.com/image/upload/f_auto,q_auto/league/n91hznzkfpftxhqt1qd9"
Pat Carter,"https://static.www.nfl.com/image/private/f_auto,q_auto/league/brzbqtepswp00tunieub"
Pat Chaffey,"https://static.www.nfl.com/image/private/f_auto,q_auto/league/jo87xruxfszboymoqn78"
Pat Coleman,"https://static.www.nfl.com/image/private/f_auto,q_auto/league/azievv8a2uf7oyk23mcu"
Pat Curran,"https://static.www.nfl.com/image/private/f_auto,q_auto/league/bxibplqhzwbivfl0eezh"
Pat Dunsmore,"https://static.www.nfl.com/image/private/f_auto,q_auto/league/kdmlbdnixxr4jsdm837u"
Pat Fischer,"https://static.www.nfl.com/image/private/f_auto,q_auto/league/e4tnvqnh33vmca6evyui"
Pat Franklin,"https://static.www.nfl.com/image/private/f_auto,q_auto/league/u8l6studkoocqkxr6l18"
Pat Freiermuth,"https://static.www.nfl.com/image/upload/f_auto,q_auto/league/pyrdsypgggjshiaygkr7"
Pat Kelly,"https://static.www.nfl.com/image/private/f_auto,q_auto/league/jka6bwqstxpbcjddgmr6"
Pat McInally,"https://static.www.nfl.com/image/private/f_auto,q_auto/league/xydkpqjkun5cc2r5csp6"
Pat McNeil,"https://static.www.nfl.com/image/private/f_auto,q_auto/league/izlhgs0sh9vj7ai1f9gi"
Pat Moriarty,"https://static.www.nfl.com/image/private/f_auto,q_auto/league/ysescwuf8vaho7kqd4oy"
Pat Newman,"https://static.www.nfl.com/image/private/f_auto,q_auto/league/tscgvb20zi2qdtyvw8z0"
Pat Richter,
Pat Studstill,
Pat Summerall,
Pat Tilley,"https://static.www.nfl.com/image/private/f_auto,q_auto/league/ykkbelxkambo4i1ekbbn"
Patrick Cobbs,"https://static.www.nfl.com/image/private/f_auto,q_auto/league/val7hmlyfey2flz3693k"
Patrick Collins,"https://static.www.nfl.com/image/private/f_auto,q_auto/league/akrm0pfvj6k0gqqvpuq6"
Patrick Crayton,"https://static.www.nfl.com/image/private/f_auto,q_auto/league/yti9l84jb0ip9ysswdee"
Patrick DiMarco,"https://static.www.nfl.com/image/private/f_auto,q_auto/league/aogfdoxrgi8kssdps73x"
Patrick Edwards,
Patrick Hape,"https://static.www.nfl.com/image/private/f_auto,q_auto/league/ie8dudx6mqii3pxy7ukz"
Patrick Jeffers,"https://static.www.nfl.com/image/private/f_auto,q_auto/league/uif3iqebqlddxpovavzd"
Patrick Johnson,"https://static.www.nfl.com/image/upload/f_auto,q_auto/league/qtngv13hh6rm4kfc52jt"
Patrick Laird,"https://static.www.nfl.com/image/private/f_auto,q_auto/league/lhildzn90os4dmucczjw"
Patrick Mahomes,"https://static.www.nfl.com/image/upload/f_auto,q_auto/league/wdckwtob1lybvkmxnf7p"
Patrick Pass,"https://static.www.nfl.com/image/private/f_auto,q_auto/league/jlvcgjs1ijms22i33ivh"
Patrick Peterson,"https://static.www.nfl.com/image/private/f_auto,q_auto/league/hefuj7lvfmgvr4tme7te"
Patrick Ricard,"https://static.www.nfl.com/image/upload/f_auto,q_auto/league/nm7ezh46zd5bdxaxz6a9"
Patrick Robinson,"https://static.www.nfl.com/image/private/f_auto,q_auto/league/asp2z3wwqe6ljuse4wsr"
Patrick Rowe,"https://static.www.nfl.com/image/private/f_auto,q_auto/league/ljoocs2fgi9sdhpaq1vp"
Patrick Scott,"https://static.www.nfl.com/image/private/f_auto,q_auto/league/vumwoimp6lzwxcn1ucdw"
Patrick Taylor,"https://static.www.nfl.com/image/upload/f_auto,q_auto/league/nd1utxii5exwfoujq5a4"
Patrick Turner,"https://static.www.nfl.com/image/private/f_auto,q_auto/league/kcuw1vz8rorglzhomlvi"
Patrick Washington,"https://static.www.nfl.com/image/private/f_auto,q_auto/league/m8civjptepporpw2opdd"
Paul Coffman,"https://static.www.nfl.com/image/private/f_auto,q_auto/league/r9lstv5d64jpp5eliama"
Paul Darby,"https://static.www.nfl.com/image/private/f_auto,q_auto/league/imbteeubslonquvsv3ao"
Paul Dudley,
Paul Flatley,
Paul Frazier,"https://static.www.nfl.com/image/private/f_auto,q_auto/league/koblqgybjnwj41wsg8zm"
Paul Gipson,
Paul Green,"https://static.www.nfl.com/image/private/f_auto,q_auto/league/c9rtrnty6a1n1uhy4f9t"
Paul Hofer,"https://static.www.nfl.com/image/private/f_auto,q_auto/league/y3sk42pgis2bn7tezo3r"
Paul Hornung,
Paul Hubbard,"https://static.www.nfl.com/image/private/f_auto,q_auto/league/zzeziajjcsr0mhxgv8qy"
Paul Irons,"https://static.www.nfl.com/image/private/f_auto,q_auto/league/y0xzg7y95wknzhchjisd"
Paul Johns,"https://static.www.nfl.com/image/private/f_auto,q_auto/league/s6py223onm83hkbwshi0"
Paul Krause,"https://static.www.nfl.com/image/private/f_auto,q_auto/league/afs7hxwe1t3vcbpgwsmc"
Paul Lasike,"https://static.www.nfl.com/image/private/f_auto,q_auto/league/vjq8e4hahszhchkbwec6"
Paul Martha,
Paul McDonald,"https://static.www.nfl.com/image/private/f_auto,q_auto/league/blqpdzbxui2hijbeqex5"
Paul McRoberts,"https://static.www.nfl.com/image/private/f_auto,q_auto/league/gjutzoczoduvpvk1hhxi"
Paul Ott Carruth,"https://static.www.nfl.com/image/private/f_auto,q_auto/league/m7oymdfsegtgthsjnnvi"
Paul Palmer,"https://static.www.nfl.com/image/private/f_auto,q_auto/league/lrghnq3ki1ckw8m2ioth"
Paul Perkins,"https://static.www.nfl.com/image/private/f_auto,q_auto/league/bvq9v0mxyltlm9b8lstx"
Paul Richardson,"https://static.www.nfl.com/image/private/f_auto,q_auto/league/jxsldwomavxfbs7gueqt"
Paul Robinson,
Paul Seal,"https://static.www.nfl.com/image/private/f_auto,q_auto/league/ijqjrlxfbl9v3mlowzxa"
Paul Seymour,"https://static.www.nfl.com/image/private/f_auto,q_auto/league/meiqneshhhbroznpt4fq"
Paul Shields,"https://static.www.nfl.com/image/private/f_auto,q_auto/league/ydcv5eqh8ohgmyhtpyhc"
Paul Skansi,"https://static.www.nfl.com/image/private/f_auto,q_auto/league/a8lddhfuhndz9rgubmnj"
Paul Smith,"https://static.www.nfl.com/image/private/f_auto,q_auto/league/vyyt9rrt8ae87dufrayh"
Paul Staroba,
Paul Turner,"https://static.www.nfl.com/image/private/f_auto,q_auto/league/wgyx2hl1v4lgcyxrepqz"
Paul Warfield,"https://static.www.nfl.com/image/private/f_auto,q_auto/league/lvgy4ffhozaherng6nky"
Paul Williams,"https://static.www.nfl.com/image/private/f_auto,q_auto/league/ya7xkhaixj1gg9tirkxw"
Payne Durham,"https://static.www.nfl.com/image/upload/f_auto,q_auto/league/emibbexzjbzvopbvo1at"
Peerless Price,"https://static.www.nfl.com/image/private/f_auto,q_auto/league/ilyybsnfcnbrr36dvwvo"
Penei Sewell,"https://static.www.nfl.com/image/upload/f_auto,q_auto/league/g1g0qefvafsm8hxjpiyy"
Penny Hart,"https://static.www.nfl.com/image/private/f_auto,q_auto/league/x56attwx7uv6a8zbetsq"
Pep Menefee,
Percy Harvin,"https://static.www.nfl.com/image/private/f_auto,q_auto/league/ly7xvqfvoehf5jqrzzcq"
Perry Harrington,"https://static.www.nfl.com/image/private/f_auto,q_auto/league/wopvw0xhh4rm5xjjhysl"
Perry Kemp,"https://static.www.nfl.com/image/private/f_auto,q_auto/league/itn0oh7kygkkhomxxkjk"
Perry Lee Dunn,
Perry Richards,
Perry Tuttle,"https://static.www.nfl.com/image/private/f_auto,q_auto/league/wf5k5ivaaq17cqdq2guh"
Perry Williams,"https://static.www.nfl.com/image/private/f_auto,q_auto/league/uwhxpzft7qtsqsh9y7qe"
Pervis Atkins,
Pete Banaszak,"https://static.www.nfl.com/image/private/f_auto,q_auto/league/hdmbwpukewulpvwfkwph"
Pete Brewster,
Pete Brock,"https://static.www.nfl.com/image/private/f_auto,q_auto/league/bsyo8decj8opg7aw03di"
Pete Chryplewicz,"https://static.www.nfl.com/image/private/f_auto,q_auto/league/z8ktzeodcoxffrr7hnyu"
Pete Gent,
Pete Hall,
Pete Holohan,"https://static.www.nfl.com/image/private/f_auto,q_auto/league/w1rijkq9trkk6khrmstx"
Pete Johnson,"https://static.www.nfl.com/image/private/f_auto,q_auto/league/n23sixte23zak5c7vrfq"
Pete Kendall,"https://static.www.nfl.com/image/private/f_auto,q_auto/league/ktm1r6dsrjmjviysteyc"
Pete Lammons,
Pete Larson,
Pete Mandley,"https://static.www.nfl.com/image/private/f_auto,q_auto/league/ucu1vfjijevonp4zqdbz"
Pete Metzelaars,"https://static.www.nfl.com/image/private/f_auto,q_auto/league/tfg14ohm2su1yr5hr3sd"
Pete Mitchell,"https://static.www.nfl.com/image/private/f_auto,q_auto/league/ojnpvem1zg62ig2ghorh"
Pete Retzlaff,
Pete Van Valkenberg,
Peter Warrick,"https://static.www.nfl.com/image/private/f_auto,q_auto/league/gmylztwhvn9zqppel6jc"
Pettis Norman,
Peyton Barber,"https://static.www.nfl.com/image/private/f_auto,q_auto/league/yjcjcrdiztmfwjgcfbux"
Peyton Hendershot,"https://static.www.nfl.com/image/upload/f_auto,q_auto/league/d8plvjsvwdadr1ap93ci"
Peyton Hillis,"https://static.www.nfl.com/image/private/f_auto,q_auto/league/uy3jtiwamtomkrodvnl9"
Peyton Manning,"https://static.www.nfl.com/image/private/f_auto,q_auto/league/xpcd6auodk3w0vda6jal"
Pharaoh Brown,"https://static.www.nfl.com/image/upload/f_auto,q_auto/league/hfgg6gr7aiyzmdzh4iww"
Pharoh Cooper,"https://static.www.nfl.com/image/private/f_auto,q_auto/league/mnsqfcfqiehw5aocr1lg"
Phil DuBois,"https://static.www.nfl.com/image/private/f_auto,q_auto/league/o0dkcqaldm98bl5yehxs"
Phil Epps,"https://static.www.nfl.com/image/private/f_auto,q_auto/league/ubw9ykq2dj0rt4mj5bkk"
Phil Francis,"https://static.www.nfl.com/image/private/f_auto,q_auto/league/rgmvora5bzhusqfgf6l2"
Phil Freeman,"https://static.www.nfl.com/image/private/f_auto,q_auto/league/vswibuqhkokwda0h9yzc"
Phil Frye,"https://static.www.nfl.com/image/private/f_auto,q_auto/league/abius0vl16ry6s1ykwnb"
Phil King,
Phil Mafah,"https://static.www.nfl.com/image/upload/f_auto,q_auto/league/r91conel40ilon72blzb"
Phil McConkey,"https://static.www.nfl.com/image/private/f_auto,q_auto/league/ha7ib4vdf1qtsdyvkpk9"
Phil Odle,
Phil Pozderac,"https://static.www.nfl.com/image/private/f_auto,q_auto/league/l9zjvun6o3bleti5f54c"
Phil Simms,"https://static.www.nfl.com/image/private/f_auto,q_auto/league/lhzj6vxddl0epe3sj0h8"
Phil Smith,"https://static.www.nfl.com/image/private/f_auto,q_auto/league/ka4kklyzzeuclqooci5l"
Phillip Crosby,"https://static.www.nfl.com/image/private/f_auto,q_auto/league/a1l6g7wvyse7qx3z3mdq"
Phillip Dorsett,"https://static.www.nfl.com/image/upload/f_auto,q_auto/league/zkmdppfkcxqn5iwlcsyy"
Phillip Lindsay,"https://static.www.nfl.com/image/private/f_auto,q_auto/league/soywd4cnq19pigrwabb5"
Phillip Supernaw,"https://static.www.nfl.com/image/private/f_auto,q_auto/league/wltyuqbgmkisakjqkua5"
Phillip Tanner,"https://static.www.nfl.com/image/private/f_auto,q_auto/league/ax0qdsg8ctpmyh1h7ms5"
Pierre Garcon,"https://static.www.nfl.com/image/private/f_auto,q_auto/league/xwjogot7xrfj9qwhsgtn"
Pierre Strong,"https://static.www.nfl.com/image/upload/f_auto,q_auto/league/aa0nufst85vutgor1fqv"
Pierre Thomas,"https://static.www.nfl.com/image/private/f_auto,q_auto/league/w58uf8rmlucv7qagwrfv"
Plaxico Burress,"https://static.www.nfl.com/image/private/f_auto,q_auto/league/vi3ew9rn7i3rq5sdqmei"
Po James,"https://static.www.nfl.com/image/private/f_auto,q_auto/league/gbb9otc5mii2giz8x51s"
Prentice Gautt,
Preston Brown,"https://static.www.nfl.com/image/private/f_auto,q_auto/league/e04o7zvw3bnc9exs7txz"
Preston Carpenter,
Preston Dennard,"https://static.www.nfl.com/image/private/f_auto,q_auto/league/mmv6szii4urtzxthplnw"
Preston Gothard,"https://static.www.nfl.com/image/private/f_auto,q_auto/league/zxepzj7x8nffp7i4ppa4"
Preston Parker,"https://static.www.nfl.com/image/private/f_auto,q_auto/league/uposmry1docri5fwr22y"
Preston Pearson,"https://static.www.nfl.com/image/private/f_auto,q_auto/league/mx01aacbm1dphkcxwi1c"
Preston Ridlehuber,
Preston Riley,
Preston Williams,"https://static.www.nfl.com/image/private/f_auto,q_auto/league/ycedbmymomppxkrh6gcc"
Priest Holmes,"https://static.www.nfl.com/image/private/f_auto,q_auto/league/dzul271lozkuowxqh9r7"
Puka Nacua,"https://static.www.nfl.com/image/upload/f_auto,q_auto/league/ipy6qw7hdygdfc8k86ba"
Qadree Ollison,"https://static.www.nfl.com/image/private/f_auto,q_auto/league/ifvzpr0bzxjwbpv0zpml"
Qadry Ismail,"https://static.www.nfl.com/image/private/f_auto,q_auto/league/ba06akhajd7zkxe3mefp"
Quan Bray,"https://static.www.nfl.com/image/private/f_auto,q_auto/league/fcec31w4bvadspls5tcj"
Quan Cosby,"https://static.www.nfl.com/image/private/f_auto,q_auto/league/avixyjp8kbxiblibbnec"
Quentin Griffin,"https://static.www.nfl.com/image/private/f_auto,q_auto/league/hpncmkotjly6qfwkym93"
Quentin Johnston,"https://static.www.nfl.com/image/upload/f_auto,q_auto/league/lyvsrjh4mjb4dqwp6shm"
Quentin McCord,"https://static.www.nfl.com/image/private/f_auto,q_auto/league/jdjdpr3s1qyzee9zoq6a"
Quentin Skinner,"https://static.www.nfl.com/image/upload/f_auto,q_auto/league/s7ln3ugfuknhx2tedii2"
Quez Watkins,"https://static.www.nfl.com/image/upload/f_auto,q_auto/league/w3szyykihsngaeq3906b"
Quincy Enunwa,"https://static.www.nfl.com/image/private/f_auto,q_auto/league/vsd27gfxzjt7v7izbjet"
Quincy Morgan,"https://static.www.nfl.com/image/private/f_auto,q_auto/league/ga1wmnaixvhzw2fqiyd0"
Quinn Early,"https://static.www.nfl.com/image/private/f_auto,q_auto/league/rqhbkjnz0ey9rxfmdsfx"
Quinn Ewers,"https://static.www.nfl.com/image/upload/f_auto,q_auto/league/bbcwyjuhyijtqe7jo274"
Quinn Johnson,"https://static.www.nfl.com/image/private/f_auto,q_auto/league/makegk0c7fmgnupad0kc"
Quinn Sypniewski,"https://static.www.nfl.com/image/private/f_auto,q_auto/league/k6nhcsqr7b69wrug3twf"
Quinshon Judkins,"https://static.www.nfl.com/image/upload/f_auto,q_auto/league/ojtce2im0wp2ltyel0vc"
Quinten Lawrence,"https://static.www.nfl.com/image/private/f_auto,q_auto/league/winfq5mtad7bkdfuia70"
Quintez Cephus,"https://static.www.nfl.com/image/upload/f_auto,q_auto/league/klifw1clu1ymeoo5vqpc"
Quintin Morris,"https://static.www.nfl.com/image/upload/f_auto,q_auto/league/auqtvapzdtpdxg6myw6b"
Quintin Smith,"https://static.www.nfl.com/image/private/f_auto,q_auto/league/evmphqbfwh8tcnwxzinp"
Quinton Dunbar,"https://static.www.nfl.com/image/private/f_auto,q_auto/league/syoxopqwwddt4lmwjqc5"
Quinton Ganther,"https://static.www.nfl.com/image/private/f_auto,q_auto/league/octlq7tpxyvyvyiusyjr"
Quinton Patton,"https://static.www.nfl.com/image/private/f_auto,q_auto/league/hwdogfyrne2gy9lzymlh"
R. Jay Soward,
R.C. Owens,
R.J. Bowers,"https://static.www.nfl.com/image/private/f_auto,q_auto/league/qxoqlwp3w9flxdun73en"
RJ Harvey,"https://static.www.nfl.com/image/upload/f_auto,q_auto/league/szxmro5enrxlscvv67xg"
Rabih Abdullah,"https://static.www.nfl.com/image/private/f_auto,q_auto/league/t5s9srq092solu73m9v5"
Racey McMath,"https://static.www.nfl.com/image/upload/f_auto,q_auto/league/la1xkdczi8xr1exdwnvh"
Rachaad White,"https://static.www.nfl.com/image/upload/f_auto,q_auto/league/wtdhs50gcl2p6vngsnre"
Rae Carruth,"https://static.www.nfl.com/image/private/f_auto,q_auto/league/s7ksaqavp8ihcrdv60q6"
Rafael Cooper,"https://static.www.nfl.com/image/private/f_auto,q_auto/league/pacmmr31t1cbckbsvepi"
Raheem Blackshear,"https://static.www.nfl.com/image/upload/f_auto,q_auto/league/hzdyiuzm78dpedlcicwy"
Raheem Mostert,"https://static.www.nfl.com/image/upload/f_auto,q_auto/league/fas5rkweusx2hl7abtzh"
Raheim Sanders,"https://static.www.nfl.com/image/upload/f_auto,q_auto/league/bopoof9uczgpvpggeahp"
Rakim Jarrett,"https://static.www.nfl.com/image/upload/f_auto,q_auto/league/clvmliknnulpmcoofvik"
Ralph Kurek,
Ralph Nelson,"https://static.www.nfl.com/image/private/f_auto,q_auto/league/f609szqjpb6klij6spyi"
Ralph Smith,
Ralph Stockemer,"https://static.www.nfl.com/image/private/f_auto,q_auto/league/wtgujgwn8wvtwtlzs5yk"
Ramel Keyton,"https://static.www.nfl.com/image/upload/f_auto,q_auto/league/cqzhnef7pkr3bkmuwo5q"
Ramses Barden,"https://static.www.nfl.com/image/private/f_auto,q_auto/league/ku437nvzbu0oevx1jqit"
Ran Carthon,"https://static.www.nfl.com/image/private/f_auto,q_auto/league/zlrx67l4lyrh6tvlz115"
Randal Hill,"https://static.www.nfl.com/image/private/f_auto,q_auto/league/yvx89kpmxngoeaxl6sdd"
Randal Williams,"https://static.www.nfl.com/image/private/f_auto,q_auto/league/boaves04oh0cocd48t9s"
Randall Cobb,"https://static.www.nfl.com/image/private/f_auto,q_auto/league/kuwo5hnkbtesfw6n9w1s"
Randall Cunningham,"https://static.www.nfl.com/image/private/f_auto,q_auto/league/gwa0zs48uxqe3xto4ofx"
Randall McDaniel,"https://static.www.nfl.com/image/private/f_auto,q_auto/league/i4fyjlqcifonsoblqido"
Randall Morris,"https://static.www.nfl.com/image/private/f_auto,q_auto/league/gswk4uibf1hi0eavljpd"
Randall Telfer,"https://static.www.nfl.com/image/private/f_auto,q_auto/league/v7yzppdggxmmffsoiuoa"
Randy Baldwin,"https://static.www.nfl.com/image/private/f_auto,q_auto/league/ke9efbk4dn1ylh86plw9"
Randy Burke,"https://static.www.nfl.com/image/private/f_auto,q_auto/league/aj4aopuqlmepenh09j0r"
Randy Burks,"https://static.www.nfl.com/image/private/f_auto,q_auto/league/r8hyz6avrrmdv17mulre"
Randy Cuthbert,"https://static.www.nfl.com/image/private/f_auto,q_auto/league/t7uswjzaevsswqhqvesm"
Randy Grossman,"https://static.www.nfl.com/image/private/f_auto,q_auto/league/wuzplhridywlfwnbb1ha"
Randy Hymes,"https://static.www.nfl.com/image/private/f_auto,q_auto/league/j128isjjnpvqtx8va42a"
Randy Jackson,"https://static.www.nfl.com/image/private/f_auto,q_auto/league/kgvryqighy9cjwa0xqwj"
Randy Jordan,"https://static.www.nfl.com/image/private/f_auto,q_auto/league/qikom0sqarsx06xny7co"
Randy Love,"https://static.www.nfl.com/image/private/f_auto,q_auto/league/spec3slpfhremzlppose"
Randy McMichael,"https://static.www.nfl.com/image/private/f_auto,q_auto/league/s1ebauacar3ua1hlsa8a"
Randy McMillan,"https://static.www.nfl.com/image/private/f_auto,q_auto/league/jkzlpkc2kzffnayh1vfw"
Randy Minniear,
Randy Moss,"https://static.www.nfl.com/image/private/f_auto,q_auto/league/udotyrimbuirasxxkd8p"
Randy Schultz,
Randy Vataha,"https://static.www.nfl.com/image/private/f_auto,q_auto/league/xolmvwnpesiodfqymsfj"
Raphel Cherry,"https://static.www.nfl.com/image/private/f_auto,q_auto/league/plyv2eic2ha9reazryw6"
Rashaad Penny,"https://static.www.nfl.com/image/private/f_auto,q_auto/league/mwvzwst6cfcwifblqtsj"
Rashaan Salaam,"https://static.www.nfl.com/image/private/f_auto,q_auto/league/u90wcnqxsv4acobtrbdb"
Rashaan Shehee,"https://static.www.nfl.com/image/private/f_auto,q_auto/league/q24wkht2ipxpamp0mmvm"
Rashad Greene,"https://static.www.nfl.com/image/private/f_auto,q_auto/league/xte6opvwocivpjpjplzp"
Rashad Jennings,"https://static.www.nfl.com/image/private/f_auto,q_auto/league/r48elxgcxhdkfkazlqab"
Rashad Ross,"https://static.www.nfl.com/image/private/f_auto,q_auto/league/fp2xocefywdhxkdnagxm"
Rashard Davis,"https://static.www.nfl.com/image/private/f_auto,q_auto/league/row1skup96vnnn29zsdq"
Rashard Higgins,"https://static.www.nfl.com/image/private/f_auto,q_auto/league/mdn4he3iuc2mwx3cfvfj"
Rashard Mendenhall,"https://static.www.nfl.com/image/private/f_auto,q_auto/league/hkk7loy0zbc6crlhkbmq"
Rashaun Woods,"https://static.www.nfl.com/image/private/f_auto,q_auto/league/jyusry24ktq9lh2xw1qe"
Rashee Rice,"https://static.www.nfl.com/image/upload/f_auto,q_auto/league/qhkbqrydjeur8zvrrmfl"
Rasheed Marshall,"https://static.www.nfl.com/image/private/f_auto,q_auto/league/jk5fgfkb8etilugcgvbj"
Rasheen Ali,"https://static.www.nfl.com/image/upload/f_auto,q_auto/league/zwjrkzu3ia3cfrwgotqt"
Rashid Shaheed,"https://static.www.nfl.com/image/upload/f_auto,q_auto/league/ku2naisfbxmzgagxojnm"
Rashied Davis,"https://static.www.nfl.com/image/private/f_auto,q_auto/league/hsytv4zfwtmmo33ovjkq"
Rashod Bateman,"https://static.www.nfl.com/image/upload/f_auto,q_auto/league/gtktmsfcxc1eijwpwzyq"
Ray Agnew,"https://static.www.nfl.com/image/private/f_auto,q_auto/league/i7iw8gn1slsmja0z6gpy"
Ray Alexander,"https://static.www.nfl.com/image/private/f_auto,q_auto/league/bg3asjcizobvrxyxqwks"
Ray Butler,"https://static.www.nfl.com/image/private/f_auto,q_auto/league/wzze65dbj1wp2w7c750h"
Ray Crittenden,"https://static.www.nfl.com/image/private/f_auto,q_auto/league/jtjllo0yc5gve67tzlb3"
Ray Crouse,"https://static.www.nfl.com/image/private/f_auto,q_auto/league/qsb5bqk0s6yvkkwom8og"
Ray Davis,"https://static.www.nfl.com/image/upload/f_auto,q_auto/league/xibwzhrl6q5xkgh3utug"
Ray Donaldson,"https://static.www.nfl.com/image/private/f_auto,q_auto/league/kkpyquofxdch66dpynyy"
Ray Ethridge,"https://static.www.nfl.com/image/private/f_auto,q_auto/league/rpa85ujxxvbgpdcxjgkh"
Ray Graham,"https://static.www.nfl.com/image/private/f_auto,q_auto/league/b2nfgbck6ntkni1lgose"
Ray Hayes,
Ray Jarvis,"https://static.www.nfl.com/image/private/f_auto,q_auto/league/r7czls9ivgs9edzcd7m4"
Ray Mathews,
Ray McDonald,"https://static.www.nfl.com/image/private/f_auto,q_auto/league/rf8du3clvadsaddx3ifx"
Ray Nitschke,
Ray Ogden,
Ray Perkins,"https://static.www.nfl.com/image/private/f_auto,q_auto/league/uxyfhqugmpzwes4nmkli"
Ray Pinney,"https://static.www.nfl.com/image/private/f_auto,q_auto/league/kvqwmc9nojyvptaic9uh"
Ray Poage,
Ray Renfro,
Ray Rhodes,"https://static.www.nfl.com/image/private/f_auto,q_auto/league/erq7dn85ogmzgbhxdb45"
Ray Rice,"https://static.www.nfl.com/image/private/f_auto,q_auto/league/qjmvqdjdtrycr4zixl2v"
Ray Roberts,"https://static.www.nfl.com/image/private/f_auto,q_auto/league/brkkytiehseq6qhvtlxy"
Ray Strong,"https://static.www.nfl.com/image/private/f_auto,q_auto/league/diw7xl2roi449ghegdso"
Ray Wallace,"https://static.www.nfl.com/image/private/f_auto,q_auto/league/qwucleedkkxraznmebl0"
Ray Williams,"https://static.www.nfl.com/image/private/f_auto,q_auto/league/xbtpahiujiwzyaqfbbp5"
Ray Zellars,"https://static.www.nfl.com/image/private/f_auto,q_auto/league/kdduj01oyjapga4ldz4v"
Ray-Ray McCloud,"https://static.www.nfl.com/image/upload/f_auto,q_auto/league/nvwn3sdihyyd2itjt7vy"
Rayfield Wright,"https://static.www.nfl.com/image/private/f_auto,q_auto/league/ru21uoid1fxuvvn1jias"
Raymond Berry,
Raymond Chester,"https://static.www.nfl.com/image/private/f_auto,q_auto/league/tnhulbfj5x5di0dkwube"
Raymont Harris,"https://static.www.nfl.com/image/private/f_auto,q_auto/league/io8enhgtuxcxmwqsbmwc"
ReShard Lee,"https://static.www.nfl.com/image/private/f_auto,q_auto/league/oveozwotstfczxkjewmp"
Reagan Maui'a,"https://static.www.nfl.com/image/private/f_auto,q_auto/league/o6c5tasqhczwbwdzpvwh"
Reche Caldwell,"https://static.www.nfl.com/image/private/f_auto,q_auto/league/dlul6xognvatu1gepwwq"
Red Mack,
Red Phillips,
Reece Morrison,
Reese McCall,"https://static.www.nfl.com/image/private/f_auto,q_auto/league/vvnawlnvtlcaqs04pako"
Reggie Barlow,"https://static.www.nfl.com/image/private/f_auto,q_auto/league/beaanp1wquydjxs1qlpz"
Reggie Barrett,"https://static.www.nfl.com/image/private/f_auto,q_auto/league/wnfls3knp5hsrriuiego"
Reggie Bonnafon,"https://static.www.nfl.com/image/private/f_auto,q_auto/league/revwhbm7uizs4oiwqdo3"
Reggie Brooks,"https://static.www.nfl.com/image/private/f_auto,q_auto/league/mu0i6idh5wwh8luhmp8o"
Reggie Brown,"https://static.www.nfl.com/image/private/f_auto,q_auto/league/m3ke4f6strkpry10kxkk"
Reggie Bush,"https://static.www.nfl.com/image/private/f_auto,q_auto/league/z2m2heolqx9sgobdks9v"
Reggie Bynum,"https://static.www.nfl.com/image/private/f_auto,q_auto/league/u2dxpa1j0akoas6ua0vx"
Reggie Cobb,"https://static.www.nfl.com/image/private/f_auto,q_auto/league/lr5jrfrdfmwtsdhpzn8p"
Reggie Craig,"https://static.www.nfl.com/image/private/f_auto,q_auto/league/upqiyxcqfjmfhco0ub7s"
Reggie Davis,"https://static.www.nfl.com/image/private/f_auto,q_auto/league/wsw9kvlkijef1on9dv95"
Reggie Dupard,"https://static.www.nfl.com/image/private/f_auto,q_auto/league/cnx1oreepcar2zoyopn5"
Reggie Garrett,"https://static.www.nfl.com/image/private/f_auto,q_auto/league/tmabewb1v54l1qkex2oa"
Reggie Germany,"https://static.www.nfl.com/image/private/f_auto,q_auto/league/fbkrxkdphw0cnq70prh4"
Reggie Gilliam,"https://static.www.nfl.com/image/upload/f_auto,q_auto/league/jjntivnnkczvlclkiwwm"
Reggie Harrison,"https://static.www.nfl.com/image/private/f_auto,q_auto/league/ruiesidziopxkkxasgnp"
Reggie Haynes,"https://static.www.nfl.com/image/private/f_auto,q_auto/league/h6w7jtfovwh9hg2tg6of"
Reggie Johnson,"https://static.www.nfl.com/image/private/f_auto,q_auto/league/xuhtktgyzgbndvybolho"
Reggie Jones,"https://static.www.nfl.com/image/private/f_auto,q_auto/league/cgxxj1pzkqje4m2jaan3"
Reggie Kelly,"https://static.www.nfl.com/image/private/f_auto,q_auto/league/zbvjncchkjeesxaa4lou"
Reggie Langhorne,"https://static.www.nfl.com/image/private/f_auto,q_auto/league/owmuh5oalwuk6vxkuqhd"
Reggie Lawrence,"https://static.www.nfl.com/image/private/f_auto,q_auto/league/hvv5c4g5ru6avcxlrhai"
Reggie McGowan,"https://static.www.nfl.com/image/private/f_auto,q_auto/league/h6jtas17kdujbtzzbpst"
Reggie Newhouse,"https://static.www.nfl.com/image/private/f_auto,q_auto/league/szqvs7lx9pr38wids289"
Reggie Rembert,"https://static.www.nfl.com/image/private/f_auto,q_auto/league/d8sdmsei0vfmgcwnhgeh"
Reggie Rivers,"https://static.www.nfl.com/image/private/f_auto,q_auto/league/hhsgr4l6mnqslxz3iesu"
Reggie Rucker,"https://static.www.nfl.com/image/private/f_auto,q_auto/league/dpmr3ntl1wft9qz9jy2c"
Reggie Sanderson,
Reggie Singletary,"https://static.www.nfl.com/image/private/f_auto,q_auto/league/l6qnawqkom44vf4wwbg9"
Reggie Swinton,"https://static.www.nfl.com/image/private/f_auto,q_auto/league/zf62vcvvlqnlsih0c5un"
Reggie Thornton,"https://static.www.nfl.com/image/private/f_auto,q_auto/league/qi7frhee7qaxr4vkf0jj"
Reggie Wayne,"https://static.www.nfl.com/image/private/f_auto,q_auto/league/xcs1zrjpz03nualfwfts"
Reggie Williams,"https://static.www.nfl.com/image/private/f_auto,q_auto/league/yqykqzzjkce9mje2jxxd"
Reidel Anthony,"https://static.www.nfl.com/image/private/f_auto,q_auto/league/rcsbgaxntmcmrns4n9u1"
Remi Watson,"https://static.www.nfl.com/image/private/f_auto,q_auto/league/vruf8ilzkjyukcfvx1bl"
Renaldo Nehemiah,"https://static.www.nfl.com/image/private/f_auto,q_auto/league/rfzhwhd4kx5amwn2szs2"
Reno Mahe,"https://static.www.nfl.com/image/private/f_auto,q_auto/league/in57c9l8nyid9g1cy3fd"
Reuben Droughns,"https://static.www.nfl.com/image/private/f_auto,q_auto/league/ezwfcom7fo6v6o7kxqt7"
Reuben Gant,"https://static.www.nfl.com/image/private/f_auto,q_auto/league/bdaoauglthakbwumziqq"
Rex Burkhead,"https://static.www.nfl.com/image/private/f_auto,q_auto/league/ysgdnkasvp07qmrkasve"
Rex Grossman,"https://static.www.nfl.com/image/private/f_auto,q_auto/league/vpqfq2k92lb89b6zfjea"
Rhamondre Stevenson,"https://static.www.nfl.com/image/upload/f_auto,q_auto/league/zmpuirvuw4r04inxth5i"
Rhett Dawson,
Rhett Ellison,"https://static.www.nfl.com/image/private/f_auto,q_auto/league/pqvmhpdoritjtp8ng7ep"
Ricardo Lockette,"https://static.www.nfl.com/image/private/f_auto,q_auto/league/ndopq6pewcj9dfr27hlc"
Ricardo Louis,"https://static.www.nfl.com/image/private/f_auto,q_auto/league/p5rkm45lscifejppmrb7"
Rich Caster,"https://static.www.nfl.com/image/private/f_auto,q_auto/league/g3qfwwhulljmz5xyxlz5"
Rich Coady,"https://static.www.nfl.com/image/private/f_auto,q_auto/league/zu0fhtqlid1dqi5pd2si"
Rich Diana,"https://static.www.nfl.com/image/private/f_auto,q_auto/league/nbsayrxunk01gidzrm85"
Rich Ellender,"https://static.www.nfl.com/image/private/f_auto,q_auto/league/yaz1cscsrbejm4o67tot"
Rich Erenberg,"https://static.www.nfl.com/image/private/f_auto,q_auto/league/dqi4ijzza2jqotiuvos2"
Rich Gannon,"https://static.www.nfl.com/image/private/f_auto,q_auto/league/wy2haknzelfdpaxh0pig"
Rich Griffith,"https://static.www.nfl.com/image/private/f_auto,q_auto/league/fzk9zrhy62dxudhghrtj"
Rich Houston,
Rich Kotite,
Rich Kreitling,
Rich Martini,"https://static.www.nfl.com/image/private/f_auto,q_auto/league/jcd4ktbsnuxs09etx3eo"
Rich Mauti,"https://static.www.nfl.com/image/private/f_auto,q_auto/league/m2a03detdjubjkfkjesy"
Rich McGeorge,"https://static.www.nfl.com/image/private/f_auto,q_auto/league/xosa6kii3fw2yyfygyge"
Rich Thomaselli,"https://static.www.nfl.com/image/private/f_auto,q_auto/league/ecarebks07uwlmxdx9nw"
Richard Angulo,"https://static.www.nfl.com/image/private/f_auto,q_auto/league/et5bgiztn6hpwnlb7eae"
Richard Bell,"https://static.www.nfl.com/image/private/f_auto,q_auto/league/yzxa6ox9lqkzq6cmaun4"
Richard Buchanan,"https://static.www.nfl.com/image/private/f_auto,q_auto/league/cdum8hug0oijpssfwcet"
Richard Estell,"https://static.www.nfl.com/image/private/f_auto,q_auto/league/rkvmaiwitzui8zyktyaj"
Richard Goodman,"https://static.www.nfl.com/image/private/f_auto,q_auto/league/njwr5iqbxsletquv3q8y"
Richard Gordon,"https://static.www.nfl.com/image/private/f_auto,q_auto/league/d6n88ld1jh7hkg7lynur"
Richard Huntley,"https://static.www.nfl.com/image/private/f_auto,q_auto/league/zmxf2xs7wnrdw936z2x0"
Richard Johnson,"https://static.www.nfl.com/image/private/f_auto,q_auto/league/xmvkeephqxiwedoaxswu"
Richard Osborne,"https://static.www.nfl.com/image/private/f_auto,q_auto/league/ykihlnxtfqysqsldddz4"
Richard Owens,"https://static.www.nfl.com/image/private/f_auto,q_auto/league/nmacqyd68jsk1tgswvyr"
Richard Quinn,"https://static.www.nfl.com/image/private/f_auto,q_auto/league/s8p5h3josowbunutkenu"
Richard Rodgers,"https://static.www.nfl.com/image/private/f_auto,q_auto/league/l9zei9dkcmbml3q1nshk"
Richard Todd,"https://static.www.nfl.com/image/private/f_auto,q_auto/league/t4h6eqguru0fe5prcbo7"
Richie Anderson,"https://static.www.nfl.com/image/private/f_auto,q_auto/league/t05nqplwwgzsyysjmswf"
Richie Brockel,"https://static.www.nfl.com/image/private/f_auto,q_auto/league/fcqa6vamgjb4adwfpbac"
Richie James,"https://static.www.nfl.com/image/private/f_auto,q_auto/league/qusoivtzbud2wl0spptz"
Rick Badanjek,"https://static.www.nfl.com/image/private/f_auto,q_auto/league/wrb3khgk4si6dhegkwo2"
Rick Berns,"https://static.www.nfl.com/image/private/f_auto,q_auto/league/w1xhh4al8qxiroqqiqmr"
Rick Calhoun,"https://static.www.nfl.com/image/private/f_auto,q_auto/league/iz8wjg3xyc1gmprrjewf"
Rick Casares,
Rick Cunningham,"https://static.www.nfl.com/image/private/f_auto,q_auto/league/hpftts6jt4kxedk2tg3j"
Rick Eber,
Rick Fenney,"https://static.www.nfl.com/image/private/f_auto,q_auto/league/kto2ykisq8znjc2kvowh"
Rick Jennings,"https://static.www.nfl.com/image/private/f_auto,q_auto/league/ig7ezhsaoc1h1ml8oidj"
Rick Kane,"https://static.www.nfl.com/image/private/f_auto,q_auto/league/jc7szz9xhcv6p14akikh"
Rick Mallory,"https://static.www.nfl.com/image/private/f_auto,q_auto/league/ftwow18s2wysfhnnm8ms"
Rick Massie,"https://static.www.nfl.com/image/private/f_auto,q_auto/league/tgfrlioomdljoadzrmrm"
Rick Moser,"https://static.www.nfl.com/image/private/f_auto,q_auto/league/fnoevdqqqdmeseoyrgof"
Rick Parros,"https://static.www.nfl.com/image/private/f_auto,q_auto/league/fuoiv63mwol9n6iepodf"
Rick Sortun,
Rick Upchurch,"https://static.www.nfl.com/image/private/f_auto,q_auto/league/ur6o8rbnx0nqz7nhwccp"
Rick Walker,"https://static.www.nfl.com/image/private/f_auto,q_auto/league/dldwph63ufl914k1wc1h"
Rickey Anderson,"https://static.www.nfl.com/image/private/f_auto,q_auto/league/cpzh8zk4wh64usxlbdap"
Rickey Bolden,"https://static.www.nfl.com/image/private/f_auto,q_auto/league/jgna8etnq34e2lkkqjma"
Rickey Claitt,"https://static.www.nfl.com/image/private/f_auto,q_auto/league/y4kkemz86vuqqw3ebwl5"
Rickey Dudley,"https://static.www.nfl.com/image/private/f_auto,q_auto/league/lc4dsvmpz9iefv1tbzfg"
Rickey Isom,"https://static.www.nfl.com/image/private/f_auto,q_auto/league/tandlu7jv4iutlncmnfx"
Rickey Parks,"https://static.www.nfl.com/image/private/f_auto,q_auto/league/lz8otnsdc3d13vvuv9jb"
Rickey Watts,"https://static.www.nfl.com/image/private/f_auto,q_auto/league/wwgjn1k4hlcia9nh5rr2"
Rickey Young,"https://static.www.nfl.com/image/private/f_auto,q_auto/league/jsuu0buzpoxfw6d69ktm"
Ricky Bell,"https://static.www.nfl.com/image/private/f_auto,q_auto/league/ch2j8rt54lgn2ts5kto1"
Ricky Blake,"https://static.www.nfl.com/image/private/f_auto,q_auto/league/xryzxm7tcuhihwj6rf0l"
Ricky Ervins,"https://static.www.nfl.com/image/private/f_auto,q_auto/league/ac3grhc4yr6hjb1b8tmu"
Ricky Feacher,"https://static.www.nfl.com/image/private/f_auto,q_auto/league/l2oywf2gusqgw4wa7wba"
Ricky Moore,"https://static.www.nfl.com/image/private/f_auto,q_auto/league/obje9y0g0ikit3yzabfk"
Ricky Nattiel,"https://static.www.nfl.com/image/private/f_auto,q_auto/league/ubpm3tlbycuzeekqvuhq"
Ricky Ortiz,"https://static.www.nfl.com/image/private/f_auto,q_auto/league/dt4lvt5dpo92g8xdifnm"
Ricky Patton,"https://static.www.nfl.com/image/private/f_auto,q_auto/league/n23meb6bahjsnnxwefba"
Ricky Pearsall,"https://static.www.nfl.com/image/upload/f_auto,q_auto/league/rrv2qhkjqagb8ibzwakv"
Ricky Porter,"https://static.www.nfl.com/image/private/f_auto,q_auto/league/kxhusvumohowkqgsbjih"
Ricky Powers,"https://static.www.nfl.com/image/private/f_auto,q_auto/league/fwoxjykzerbo0attiwnn"
Ricky Proehl,"https://static.www.nfl.com/image/private/f_auto,q_auto/league/dyzdnenej8omtg3cslo1"
Ricky Sanders,"https://static.www.nfl.com/image/private/f_auto,q_auto/league/b0ovvzsbhlhtqgrnqej6"
Ricky Seals-Jones,"https://static.www.nfl.com/image/private/f_auto,q_auto/league/nqwpbsutfe0anvjkqeux"
Ricky Thompson,"https://static.www.nfl.com/image/private/f_auto,q_auto/league/noxkw9jggbzud8azo0oh"
Ricky Watters,"https://static.www.nfl.com/image/private/f_auto,q_auto/league/nhugmp8lmkxyewbrfebd"
Ricky Whittle,"https://static.www.nfl.com/image/private/f_auto,q_auto/league/kji5fez9r47eczlu0gke"
Ricky Williams,"https://static.www.nfl.com/image/private/f_auto,q_auto/league/buhodr9dphf3lf0nazql"
Rico Dowdle,"https://static.www.nfl.com/image/upload/f_auto,q_auto/league/mx2bxccuzmdvzbksypws"
Rico Gafford,"https://static.www.nfl.com/image/private/f_auto,q_auto/league/yotlvbawckg5e7shvr2y"
Rico Gathers,"https://static.www.nfl.com/image/private/f_auto,q_auto/league/qovjpn6bhqobiwiv2b0c"
Rico Smith,"https://static.www.nfl.com/image/private/f_auto,q_auto/league/hweahto1o6xivc2jsnli"
Riley Cooper,"https://static.www.nfl.com/image/private/f_auto,q_auto/league/vpongpty2wm06bsmm7hb"
Riley Odoms,"https://static.www.nfl.com/image/private/f_auto,q_auto/league/xwhfsosc1mj3sa6mzrfg"
Riley Ridley,"https://static.www.nfl.com/image/private/f_auto,q_auto/league/n6m8thpdvx8hejkfehnp"
Rishard Matthews,"https://static.www.nfl.com/image/private/f_auto,q_auto/league/fr7nzgwarzuorvi8cvlc"
River Cracraft,"https://static.www.nfl.com/image/upload/f_auto,q_auto/league/y8t968ntco72t8f8ryba"
Rob Carpenter,"https://static.www.nfl.com/image/private/f_auto,q_auto/league/sg58qe9awqni6r2dapaa"
Rob Coons,
Rob Gronkowski,"https://static.www.nfl.com/image/private/f_auto,q_auto/league/svpo7chliiymc0r7hegp"
Rob Harrison,"https://static.www.nfl.com/image/private/f_auto,q_auto/league/pwvxqf2vwcxvuvx2iknu"
Rob Housler,"https://static.www.nfl.com/image/private/f_auto,q_auto/league/lnu7z4mvnadgcnppqbxz"
Rob Johnson,"https://static.www.nfl.com/image/private/f_auto,q_auto/league/jg5uxbsobazrbpujmyap"
Rob Konrad,"https://static.www.nfl.com/image/private/f_auto,q_auto/league/jhhgbxtpcmccuiukwyk8"
Rob Lytle,"https://static.www.nfl.com/image/private/f_auto,q_auto/league/rtgzdtnvzzy5mqj7nj5x"
Rob Moore,"https://static.www.nfl.com/image/private/f_auto,q_auto/league/e7qxf8u4uexvpi1kilf2"
Rob Rubick,"https://static.www.nfl.com/image/private/f_auto,q_auto/league/fiowvfc4tmjwpvjpto6d"
Rob Scribner,"https://static.www.nfl.com/image/private/f_auto,q_auto/league/r2sdegwuiq2oja7txjai"
Robb Riddick,"https://static.www.nfl.com/image/private/f_auto,q_auto/league/wgfixue76ddiwzvw3jwr"
Robb Thomas,"https://static.www.nfl.com/image/private/f_auto,q_auto/league/q9rt0gyrjbwxqm3hedda"
Robbie Chosen,"https://static.www.nfl.com/image/upload/f_auto,q_auto/league/kz2hbymqgrobo1uynciv"
Robbie Martin,"https://static.www.nfl.com/image/private/f_auto,q_auto/league/ft21inijzzk4apnrtwnd"
Robbie Tobeck,"https://static.www.nfl.com/image/private/f_auto,q_auto/league/vgafsynwxgkmvmv5i431"
Robby Anderson,
Robert Alexander,"https://static.www.nfl.com/image/private/f_auto,q_auto/league/l7d7uyr7ngkvwwmutyjh"
Robert Awalt,
Robert Baker,"https://static.www.nfl.com/image/private/f_auto,q_auto/league/vdd8elikm1qydt5nuech"
Robert Brooks,"https://static.www.nfl.com/image/private/f_auto,q_auto/league/lvqow0ubp9hjsnmocubd"
Robert Brown,"https://static.www.nfl.com/image/private/f_auto,q_auto/league/bgk204bwximpryjf2zzi"
Robert Burns,"https://static.www.nfl.com/image/upload/f_auto,q_auto/league/eexqqznxl8cfpurzaieg"
Robert Chancey,"https://static.www.nfl.com/image/private/f_auto,q_auto/league/vqwvnbizgbdyfqnonync"
Robert Claiborne,"https://static.www.nfl.com/image/private/f_auto,q_auto/league/y40tdpuvqhobpystgjbj"
Robert Clark,"https://static.www.nfl.com/image/private/f_auto,q_auto/league/r8cvdqhftxva9qyiuvyw"
Robert Delpino,"https://static.www.nfl.com/image/private/f_auto,q_auto/league/q7r4u4fzpjugkpuba9tf"
Robert DiRico,"https://static.www.nfl.com/image/private/f_auto,q_auto/league/iunovbzfbk6znv8pml2g"
Robert Drummond,"https://static.www.nfl.com/image/private/f_auto,q_auto/league/fq2pmp9xylj6duluogt2"
Robert Edwards,"https://static.www.nfl.com/image/private/f_auto,q_auto/league/idmnfrtnzdmpp3plskwr"
Robert Ferguson,"https://static.www.nfl.com/image/private/f_auto,q_auto/league/wlfcyn3yaavqmisdzthr"
Robert Foster,"https://static.www.nfl.com/image/private/f_auto,q_auto/league/fmcyiy4oxx9soub8zbui"
Robert Green,"https://static.www.nfl.com/image/private/f_auto,q_auto/league/zw3esao0rt6tdweibw6l"
Robert Herron,"https://static.www.nfl.com/image/private/f_auto,q_auto/league/w8qouhz9gc1czyr570yj"
Robert Hicks,"https://static.www.nfl.com/image/private/f_auto,q_auto/league/zuf3piln9dmf1u6blugw"
Robert Holcombe,"https://static.www.nfl.com/image/private/f_auto,q_auto/league/qne0eezz0qtf0unm5p5p"
Robert Holmes,"https://static.www.nfl.com/image/private/f_auto,q_auto/league/zkd42nuztxy6ihxcv9xv"
Robert Holt,"https://static.www.nfl.com/image/private/f_auto,q_auto/league/qwzvjmdprz9cfug3ehp8"
Robert Hughes,"https://static.www.nfl.com/image/private/f_auto,q_auto/league/xfbqkynhdjzwzxw2publ"
Robert Johnson,"https://static.www.nfl.com/image/private/f_auto,q_auto/league/tttvqqtcfvnc62zeipjr"
Robert Kelley,
Robert Lavette,"https://static.www.nfl.com/image/private/f_auto,q_auto/league/ym9qosfc0s3wjpnip2lk"
Robert Meachem,"https://static.www.nfl.com/image/private/f_auto,q_auto/league/vhfsbifqavyhhedwsss5"
Robert Miller,"https://static.www.nfl.com/image/private/f_auto,q_auto/league/hcxmkd8myevjzpiu4vky"
Robert Newhouse,"https://static.www.nfl.com/image/private/f_auto,q_auto/league/reutjtvbbukopwxf8tg6"
Robert Parker,"https://static.www.nfl.com/image/private/f_auto,q_auto/league/uaylyczbhqr39mlxkbp4"
Robert Pratt,
Robert Reed,"https://static.www.nfl.com/image/private/f_auto,q_auto/league/undqcxeuqf290tdknqo5"
Robert Royal,"https://static.www.nfl.com/image/private/f_auto,q_auto/league/hadzjhgmgg68x03u1ljr"
Robert Smith,"https://static.www.nfl.com/image/private/f_auto,q_auto/league/vafotzomk3qpdy5o4ri8"
Robert Steele,"https://static.www.nfl.com/image/private/f_auto,q_auto/league/hrp1jcvwjgzsrdhowtyc"
Robert Tate,"https://static.www.nfl.com/image/private/f_auto,q_auto/league/ujukkzm8hr35yd1zbjhv"
Robert Thomas,"https://static.www.nfl.com/image/private/f_auto,q_auto/league/rlzqsaobwzpqp0kdqibm"
Robert Tonyan,"https://static.www.nfl.com/image/upload/f_auto,q_auto/league/m8h8rzmxq4sjywitqnyb"
Robert Turbin,"https://static.www.nfl.com/image/private/f_auto,q_auto/league/vkqpomzfvo7kei1729jm"
Robert Tyler,"https://static.www.nfl.com/image/private/f_auto,q_auto/league/rexah7bi6f5sifbofp1e"
Robert Weathers,"https://static.www.nfl.com/image/private/f_auto,q_auto/league/szvxibcyh2q7nspvezpd"
Robert West,
Robert Wilson,"https://static.www.nfl.com/image/private/f_auto,q_auto/league/exkyxskjdqfjclcn1xua"
Robert Woods,"https://static.www.nfl.com/image/upload/f_auto,q_auto/league/ydjg5fylwkf5aaxiul6v"
Roberto Wallace,"https://static.www.nfl.com/image/private/f_auto,q_auto/league/l1qr22s4vht1zx8nh6fi"
Robin Earl,"https://static.www.nfl.com/image/private/f_auto,q_auto/league/c08xijdpivzk6anevuc2"
Roc Thomas,"https://static.www.nfl.com/image/private/f_auto,q_auto/league/tlhpjc9tui7j6zfxoyfm"
Rock Cartwright,"https://static.www.nfl.com/image/private/f_auto,q_auto/league/is3md8vs4sgljxfp62c7"
Rocket Ismail,
Rocky Belk,"https://static.www.nfl.com/image/private/f_auto,q_auto/league/lqyhxbru7cclrz448lhf"
Rocky Bleier,"https://static.www.nfl.com/image/private/f_auto,q_auto/league/nztesquveymkzmptix8m"
Rocky Freitas,"https://static.www.nfl.com/image/private/f_auto,q_auto/league/biolx2nzrh8odyomzz4d"
Rocky Klever,"https://static.www.nfl.com/image/private/f_auto,q_auto/league/q5f3ghqdrrgokbownl2z"
Rocky Thompson,
Rod Barksdale,"https://static.www.nfl.com/image/private/f_auto,q_auto/league/n63j2lpyjlc31oiqfobu"
Rod Bernstine,"https://static.www.nfl.com/image/private/f_auto,q_auto/league/pjsybp3v70cvn6kp2shu"
Rod Gardner,"https://static.www.nfl.com/image/private/f_auto,q_auto/league/kldt6mfpv0yfextmmyjc"
Rod Harris,"https://static.www.nfl.com/image/private/f_auto,q_auto/league/m2f9scwqy71ml17vsrsw"
Rod Jones,"https://static.www.nfl.com/image/private/f_auto,q_auto/league/se2kyoc9zax8ty4ulpkf"
Rod McNeill,"https://static.www.nfl.com/image/private/f_auto,q_auto/league/hu47husgw9z5lacqbben"
Rod Phillips,"https://static.www.nfl.com/image/private/f_auto,q_auto/league/qu8ba53ofybvv3dvztqt"
Rod Rutledge,"https://static.www.nfl.com/image/private/f_auto,q_auto/league/wwyaztudjjxtktzeczoc"
Rod Sherman,
Rod Smart,"https://static.www.nfl.com/image/private/f_auto,q_auto/league/e6lzmdu4r34d9ujw0vtc"
Rod Smith,"https://static.www.nfl.com/image/private/f_auto,q_auto/league/zmhmhduytwid1kjim5rp"
Rod Streater,"https://static.www.nfl.com/image/private/f_auto,q_auto/league/szf4hqnrz6egphxvcwnf"
Rod Trafford,"https://static.www.nfl.com/image/private/f_auto,q_auto/league/vdtspcdacqbztu8vgc8o"
Roddy White,"https://static.www.nfl.com/image/private/f_auto,q_auto/league/f7dgklg6z49fbdltwuki"
Roderick Lewis,"https://static.www.nfl.com/image/private/f_auto,q_auto/league/dqcbmmvkzli4zx7ivsil"
Rodney Carter,"https://static.www.nfl.com/image/private/f_auto,q_auto/league/ybdmyvmusjf1iq6rrzfj"
Rodney Culver,"https://static.www.nfl.com/image/private/f_auto,q_auto/league/kauktpfaiis7dflsgiuy"
Rodney Hampton,"https://static.www.nfl.com/image/private/f_auto,q_auto/league/lczkiiwmpkrrpeszhxgq"
Rodney Holman,"https://static.www.nfl.com/image/private/f_auto,q_auto/league/mf3znenttcbuaujz0kye"
Rodney McLeod,
Rodney Parker,
Rodney Smith,"https://static.www.nfl.com/image/private/f_auto,q_auto/league/xd2tfhcsbxeokt2bisun"
Rodney Tate,"https://static.www.nfl.com/image/private/f_auto,q_auto/league/turbqk9vbqgyiybfdojg"
Rodney Thomas,"https://static.www.nfl.com/image/private/f_auto,q_auto/league/anhijmc0vm0tph76fjjy"
Rodrick Monroe,
Roell Preston,"https://static.www.nfl.com/image/private/f_auto,q_auto/league/elpcfcnp7t5xsxqavdmu"
Roger Carr,"https://static.www.nfl.com/image/private/f_auto,q_auto/league/hqmqcxmzrcolwumodd6u"
Roger Craig,"https://static.www.nfl.com/image/private/f_auto,q_auto/league/ewrcp7dcq0xaoaecjsqk"
Roger Gill,
Roger Lawson,
Roger Lewis,"https://static.www.nfl.com/image/private/f_auto,q_auto/league/zcs1ajefa2ioxvjxygvf"
Roger Staubach,"https://static.www.nfl.com/image/private/f_auto,q_auto/league/vlo98smgqsmva1c82tjl"
Roger Vick,"https://static.www.nfl.com/image/private/f_auto,q_auto/league/wihgd5whbzmqrddrphnn"
Roland Harper,"https://static.www.nfl.com/image/private/f_auto,q_auto/league/tjuuumtp3dr3vtae92q8"
Roland Hooks,"https://static.www.nfl.com/image/private/f_auto,q_auto/league/jckv0onqyudyldu2igxp"
Roland Moss,
Roland Williams,"https://static.www.nfl.com/image/private/f_auto,q_auto/league/kzmnkgkgmjuahm6ssy0a"
Roman Fortin,"https://static.www.nfl.com/image/private/f_auto,q_auto/league/qspnhlx0y2mj7v0tqnri"
Roman Gabriel,"https://static.www.nfl.com/image/private/f_auto,q_auto/league/covm0ylw2noyhqzejuwe"
Roman Wilson,"https://static.www.nfl.com/image/upload/f_auto,q_auto/league/xuhjoscmhmmsutbvfmrs"
Rome Odunze,"https://static.www.nfl.com/image/upload/f_auto,q_auto/league/niewdl2p2325kpohbw9v"
Romeo Doubs,"https://static.www.nfl.com/image/upload/f_auto,q_auto/league/yxvzijmgwyyigljxfmyb"
Ron Battle,"https://static.www.nfl.com/image/private/f_auto,q_auto/league/hhgccaidq90h7x5tejc8"
Ron Brown,"https://static.www.nfl.com/image/private/f_auto,q_auto/league/tfk7vbcmipbbcv9gvg4f"
Ron Cassidy,"https://static.www.nfl.com/image/private/f_auto,q_auto/league/jk28z29ru7k9cwzuhibc"
Ron Daugherty,"https://static.www.nfl.com/image/private/f_auto,q_auto/league/oqel2vsrs3aytnpheoks"
Ron Davenport,"https://static.www.nfl.com/image/private/f_auto,q_auto/league/nrse7coondwzj17okbkd"
Ron Dayne,"https://static.www.nfl.com/image/private/f_auto,q_auto/league/hwgpcjohxnanzwzqjujz"
Ron Dickerson,"https://static.www.nfl.com/image/private/f_auto,q_auto/league/ziaus8gu6ia2g8qsxiec"
Ron Dixon,"https://static.www.nfl.com/image/private/f_auto,q_auto/league/ydz6zplm3fk81wjt5t2h"
Ron Dugans,"https://static.www.nfl.com/image/private/f_auto,q_auto/league/cd38ls8pdgexjsladbrh"
Ron Egloff,"https://static.www.nfl.com/image/private/f_auto,q_auto/league/gfj5rnenbtms8ujdsu9r"
Ron Essink,"https://static.www.nfl.com/image/private/f_auto,q_auto/league/x9sxqludqdhovemnhipd"
Ron Goodwin,
Ron Hall,"https://static.www.nfl.com/image/private/f_auto,q_auto/league/jl81dx1qqoascxuuwogv"
Ron Heller,"https://static.www.nfl.com/image/private/f_auto,q_auto/league/y46uszkgusldb4isfgz7"
Ron Holliday,
Ron Howard,"https://static.www.nfl.com/image/private/f_auto,q_auto/league/a8gw8nngkxjite9lasr6"
Ron Jessie,"https://static.www.nfl.com/image/private/f_auto,q_auto/league/zjkid3asp1lfqzw0jtys"
Ron Johnson,"https://static.www.nfl.com/image/private/f_auto,q_auto/league/uejlcrnhkrz2q3vzmf4n"
Ron Kramer,
Ron Lamb,
Ron Lee,"https://static.www.nfl.com/image/private/f_auto,q_auto/league/qv5rxqmnivv3prm2kw3w"
Ron Lewis,"https://static.www.nfl.com/image/private/f_auto,q_auto/league/yspsy7snroupkxnsx4if"
Ron Middleton,"https://static.www.nfl.com/image/private/f_auto,q_auto/league/bq85urwxvzlnaitqexrz"
Ron Morris,"https://static.www.nfl.com/image/private/f_auto,q_auto/league/ovatp0wqxkep0ihqodhf"
Ron Rector,
Ron Rivers,"https://static.www.nfl.com/image/private/f_auto,q_auto/league/zbdow1edykjuuixtri6d"
Ron Sellers,
Ron Shanklin,"https://static.www.nfl.com/image/private/f_auto,q_auto/league/kkmzxt6tjw2vw9uyg3u9"
Ron Smith,"https://static.www.nfl.com/image/private/f_auto,q_auto/league/gpphkhbsxycylzidyfs5"
Ron Springs,"https://static.www.nfl.com/image/private/f_auto,q_auto/league/vr3hkcgggerkqi56uz6s"
Ron Wheeler,"https://static.www.nfl.com/image/private/f_auto,q_auto/league/hcwilv5smvhbux5vzrpb"
Ron Wolfley,"https://static.www.nfl.com/image/private/f_auto,q_auto/league/sr3r7nwaw5u5r6prqkr0"
Ron Yary,"https://static.www.nfl.com/image/private/f_auto,q_auto/league/s0odvm4q18kqn4hmg4by"
Ronald Bellamy,"https://static.www.nfl.com/image/private/f_auto,q_auto/league/otd2xdpmjmlbcdwxxlv0"
Ronald Curry,"https://static.www.nfl.com/image/private/f_auto,q_auto/league/mz8oknklwv2dfrqokuco"
Ronald Humphrey,"https://static.www.nfl.com/image/private/f_auto,q_auto/league/kzomyjdnfldsnjazmnkj"
Ronald Jones,"https://static.www.nfl.com/image/private/f_auto,q_auto/league/juku3wy4sv0xwobxw7xp"
Ronald Jones II,
Ronald Moore,"https://static.www.nfl.com/image/private/f_auto,q_auto/league/waqedylf2x7jr4yyplq5"
Ronald Scott,"https://static.www.nfl.com/image/private/f_auto,q_auto/league/bvztirbnru1sxppmylqm"
Rondale Moore,"https://static.www.nfl.com/image/upload/f_auto,q_auto/league/v9s3rloekxbv6seesizb"
Rondell Mealey,"https://static.www.nfl.com/image/private/f_auto,q_auto/league/lbpyzt47ra4zgk1dpz1d"
Ronney Jenkins,"https://static.www.nfl.com/image/private/f_auto,q_auto/league/ar1mebc3ifjchgiap5uc"
Ronnie Anderson,"https://static.www.nfl.com/image/private/f_auto,q_auto/league/xnzaocnutnotkndxaxor"
Ronnie Bell,"https://static.www.nfl.com/image/upload/f_auto,q_auto/league/oc0bqykntgi6uiczr7zc"
Ronnie Blye,
Ronnie Brown,"https://static.www.nfl.com/image/private/f_auto,q_auto/league/hymv5mzqoztkacjoyitr"
Ronnie Bull,
Ronnie Coleman,"https://static.www.nfl.com/image/private/f_auto,q_auto/league/b503rw5rmpquu0oducjc"
Ronnie Cruz,"https://static.www.nfl.com/image/private/f_auto,q_auto/league/xivqblen076vyomshdmw"
Ronnie Harmon,"https://static.www.nfl.com/image/private/f_auto,q_auto/league/g8atj0voydgllzuzdch0"
Ronnie Harris,"https://static.www.nfl.com/image/private/f_auto,q_auto/league/rnc4tiwo7lxbpg5pjhdy"
Ronnie Hillman,"https://static.www.nfl.com/image/private/f_auto,q_auto/league/quqwvjr2zciit0emquzg"
Ronnie Lee,"https://static.www.nfl.com/image/private/f_auto,q_auto/league/tgxku51zpyeweb0avx5q"
Ronnie Powell,"https://static.www.nfl.com/image/private/f_auto,q_auto/league/auuuluxitd5hlsw76gtt"
Ronnie Rivers,"https://static.www.nfl.com/image/upload/f_auto,q_auto/league/t9l7jhs1jw1joy8jpxee"
Ronnie Williams,"https://static.www.nfl.com/image/private/f_auto,q_auto/league/nkyaqpttx5ruxabog6l6"
Ronnie Wingo,"https://static.www.nfl.com/image/private/f_auto,q_auto/league/k7lkczbmubgy3fbs7ewa"
Roosevelt Leaks,"https://static.www.nfl.com/image/private/f_auto,q_auto/league/brhnwc7y48c0ztjvvf7t"
Roosevelt Nix,"https://static.www.nfl.com/image/private/f_auto,q_auto/league/nbgza3wv2fhteuttybxv"
Roosevelt Potts,"https://static.www.nfl.com/image/private/f_auto,q_auto/league/wunw3ddgmi8mfjlqoh3a"
Roschon Johnson,"https://static.www.nfl.com/image/upload/f_auto,q_auto/league/xbham6uvckkshpntb8oj"
Roscoe Parrish,"https://static.www.nfl.com/image/private/f_auto,q_auto/league/jxtnct2flkztk99nkeno"
Ross Dwelley,"https://static.www.nfl.com/image/upload/f_auto,q_auto/league/wf9ynmqonmnaosslkwdl"
Ross Montgomery,
Ross Travis,"https://static.www.nfl.com/image/private/f_auto,q_auto/league/pqolizpud8fnjlh1s44h"
Roy Curry,
Roy Green,"https://static.www.nfl.com/image/private/f_auto,q_auto/league/wbzkqqfjj5t8l9yyrquc"
Roy Hall,"https://static.www.nfl.com/image/private/f_auto,q_auto/league/s4cibfoqoidbamltcimr"
Roy Helu,"https://static.www.nfl.com/image/private/f_auto,q_auto/league/ahtlpumbpwlc7xm9ci9h"
Roy Hopkins,
Roy Jefferson,"https://static.www.nfl.com/image/private/f_auto,q_auto/league/wruwmgqsmbvfiixrn7gn"
Roy Shivers,
Roy Williams,"https://static.www.nfl.com/image/private/f_auto,q_auto/league/dgin3k0ecicww9uphfww"
Royce Freeman,"https://static.www.nfl.com/image/upload/f_auto,q_auto/league/qs4e1hiqj9xymlqk6yas"
Roydell Williams,"https://static.www.nfl.com/image/private/f_auto,q_auto/league/yvdm4zjxlsu5enx0w5a2"
Ruben Brown,"https://static.www.nfl.com/image/private/f_auto,q_auto/league/tufwgbocyimybirmyyzf"
Rudi Johnson,"https://static.www.nfl.com/image/private/f_auto,q_auto/league/pfwo9gloprqlabfkflft"
Rudy Harris,"https://static.www.nfl.com/image/private/f_auto,q_auto/league/hzneggpujian6baucbci"
Rudy Johnson,
Rueben Mayes,"https://static.www.nfl.com/image/private/f_auto,q_auto/league/yjucannq4cl62mc8iucj"
Rueben Randle,"https://static.www.nfl.com/image/private/f_auto,q_auto/league/qsjafvitrrheqq3uku9g"
Rufus Crawford,"https://static.www.nfl.com/image/private/f_auto,q_auto/league/sqzqoihazf25e198p3o5"
Rupert Grant,"https://static.www.nfl.com/image/private/f_auto,q_auto/league/yakzpqhpkbu0vziblsua"
Russ Bolinger,"https://static.www.nfl.com/image/private/f_auto,q_auto/league/v5vnmbkqvcfyyruztg93"
Russ Francis,"https://static.www.nfl.com/image/private/f_auto,q_auto/league/mery59a5g4kfrlcm9rax"
Russ Mikeska,"https://static.www.nfl.com/image/private/f_auto,q_auto/league/bsrxacslevki6jtjkewi"
Russ Smith,
Russell Copeland,"https://static.www.nfl.com/image/private/f_auto,q_auto/league/bytr0efppnz96rhskovu"
Russell Davis,"https://static.www.nfl.com/image/private/f_auto,q_auto/league/oejhzu91ahmb1j6bpcil"
Russell Gage,"https://static.www.nfl.com/image/upload/f_auto,q_auto/league/oigboeq0amnbgw7lnda0"
Russell Hairston,"https://static.www.nfl.com/image/private/f_auto,q_auto/league/u2gud754skwbov3eucpc"
Russell Payne,"https://static.www.nfl.com/image/private/f_auto,q_auto/league/a2g1c0jx2dpdju5bkycp"
Russell Shepard,"https://static.www.nfl.com/image/private/f_auto,q_auto/league/gk2saq7m1jxl90g9slks"
Russell Wilson,"https://static.www.nfl.com/image/upload/f_auto,q_auto/league/vkstxj0evgkjiycu4glc"
Ruvell Martin,"https://static.www.nfl.com/image/private/f_auto,q_auto/league/thvzfciwga4lexqs9man"
Ryan Benjamin,"https://static.www.nfl.com/image/private/f_auto,q_auto/league/ijbcryi3mjkerasogbue"
Ryan Broyles,"https://static.www.nfl.com/image/private/f_auto,q_auto/league/dksqk2pgpymduz5qnwqn"
Ryan Christopherson,"https://static.www.nfl.com/image/private/f_auto,q_auto/league/wo7he8y2cbgyf931p8jp"
Ryan Collins,"https://static.www.nfl.com/image/private/f_auto,q_auto/league/xdwv4hv004flv0fq1azd"
Ryan D'Imperio,"https://static.www.nfl.com/image/private/f_auto,q_auto/league/ddxpkwnoowt6nsbl5oax"
Ryan Denney,"https://static.www.nfl.com/image/private/f_auto,q_auto/league/hcdia8wnrbpoubm9qb9p"
Ryan Fitzpatrick,"https://static.www.nfl.com/image/private/f_auto,q_auto/league/pkhhxwplsawnhln9rsun"
Ryan Flournoy,"https://static.www.nfl.com/image/upload/f_auto,q_auto/league/tqwq3cgpqu7j9hzoyicx"
Ryan Grant,"https://static.www.nfl.com/image/private/f_auto,q_auto/league/im7fnk7uti759btkrdok"
Ryan Griffin,"https://static.www.nfl.com/image/private/f_auto,q_auto/league/izjfxtmk2dhzhrlwpt9g"
Ryan Hannam,"https://static.www.nfl.com/image/private/f_auto,q_auto/league/y4ad34m95kljdpoxzojy"
Ryan Hewitt,"https://static.www.nfl.com/image/private/f_auto,q_auto/league/egbpiaml7idnpcxa1x8q"
Ryan Izzo,"https://static.www.nfl.com/image/private/f_auto,q_auto/league/mrgkhzunyljetpkfadkt"
Ryan Kelly,"https://static.www.nfl.com/image/upload/f_auto,q_auto/league/owzvmhrfz5lfh2rcalxd"
Ryan Krause,"https://static.www.nfl.com/image/private/f_auto,q_auto/league/agqsddjzbzgckqgm9it2"
Ryan Mahaffey,"https://static.www.nfl.com/image/private/f_auto,q_auto/league/nizrx0xfmyksr91zacgh"
Ryan Malleck,"https://static.www.nfl.com/image/private/f_auto,q_auto/league/xnuuvtz6tqm6epo7j26n"
Ryan Mathews,"https://static.www.nfl.com/image/private/f_auto,q_auto/league/mai5izn84cdrvxlkwagb"
Ryan Miller,"https://static.www.nfl.com/image/upload/f_auto,q_auto/league/cyn2sjaozsadlvgarg6p"
Ryan Moats,"https://static.www.nfl.com/image/private/f_auto,q_auto/league/affmtf1dhfy1ptszq6o1"
Ryan Mundy,"https://static.www.nfl.com/image/private/f_auto,q_auto/league/urlf3kfmyffuwnw5y17a"
Ryan Nall,"https://static.www.nfl.com/image/private/f_auto,q_auto/league/qh4cznlh73ud2b9loalu"
Ryan Neufeld,"https://static.www.nfl.com/image/private/f_auto,q_auto/league/yawa4natiz2ufqvxpydh"
Ryan Purvis,"https://static.www.nfl.com/image/private/f_auto,q_auto/league/qibqdgq90dzstnw2tf0v"
Ryan Switzer,"https://static.www.nfl.com/image/private/f_auto,q_auto/league/s7w7b3uxhppii72mttcu"
Ryan Tannehill,"https://static.www.nfl.com/image/private/f_auto,q_auto/league/yvwju12dl6haf3r8uzrm"
Ryan Taylor,"https://static.www.nfl.com/image/private/f_auto,q_auto/league/kpecali8igsdprg56tsd"
Ryan Terry,"https://static.www.nfl.com/image/private/f_auto,q_auto/league/attedjgs47qjbu6pqdre"
Ryan Thelwell,"https://static.www.nfl.com/image/private/f_auto,q_auto/league/pbhipuzqo4ccmj2trdzt"
Ryan Torain,"https://static.www.nfl.com/image/private/f_auto,q_auto/league/ewon2fz4wq8zdb6rhbh5"
Ryan Tucker,"https://static.www.nfl.com/image/private/f_auto,q_auto/league/vjjnmzgyval6aoqcqau8"
Ryan Wetnight,"https://static.www.nfl.com/image/private/f_auto,q_auto/league/jsrsnno7agpxs7eu3ofr"
Ryan Whalen,"https://static.www.nfl.com/image/private/f_auto,q_auto/league/peqdt4eegmxndorksfte"
Ryan Williams,"https://static.www.nfl.com/image/private/f_auto,q_auto/league/v25p2d6hh2oufnwcsza9"
Ryan Yarborough,"https://static.www.nfl.com/image/private/f_auto,q_auto/league/bxz9asxkqjaikinlqtqd"
Ryne Robinson,"https://static.www.nfl.com/image/private/f_auto,q_auto/league/aod9k5aeuqlbzgf7ck7c"
Ryquell Armstead,"https://static.www.nfl.com/image/private/f_auto,q_auto/league/jgcl3vn95zrklzlulgut"
Sal Cannella,
Salvon Ahmed,"https://static.www.nfl.com/image/upload/f_auto,q_auto/league/nbqkon8x1bkphihywnkw"
Sam Aiken,"https://static.www.nfl.com/image/private/f_auto,q_auto/league/jxuvmephedq3oex2b2ol"
Sam Baker,"https://static.www.nfl.com/image/private/f_auto,q_auto/league/cfecxm8u7vbcnsnxmtr7"
Sam Bowers,"https://static.www.nfl.com/image/private/f_auto,q_auto/league/ik1odzrbjutbsamu6hfw"
Sam Bradford,"https://static.www.nfl.com/image/private/f_auto,q_auto/league/fizwrxzfdaw7v2vzzpn6"
Sam Cunningham,"https://static.www.nfl.com/image/private/f_auto,q_auto/league/mfqskhlgnnc1oqq25ruf"
Sam Gash,"https://static.www.nfl.com/image/private/f_auto,q_auto/league/pguoym85xaq8uwimu14m"
Sam Graddy,"https://static.www.nfl.com/image/private/f_auto,q_auto/league/qujqkwqvmenc1purudsb"
Sam Harrell,"https://static.www.nfl.com/image/private/f_auto,q_auto/league/os6dsslokzqghnu1wu19"
Sam Havrilak,"https://static.www.nfl.com/image/private/f_auto,q_auto/league/tkupzdqf0xmw0dpgk5cz"
Sam Horner,
Sam Howell,"https://static.www.nfl.com/image/upload/f_auto,q_auto/league/sx77bippywnl0dx6m8q9"
Sam Hubbard,"https://static.www.nfl.com/image/upload/f_auto,q_auto/league/eoodwerhenaqvcaqm29t"
Sam Hurd,"https://static.www.nfl.com/image/private/f_auto,q_auto/league/zhoytw3cbuljvubjwvtq"
Sam LaPorta,"https://static.www.nfl.com/image/upload/f_auto,q_auto/league/wxlk7ysg2nfq6h6ntdcu"
Sam McCullum,"https://static.www.nfl.com/image/private/f_auto,q_auto/league/miufyoow7dczjh24gh6e"
Sam Scarber,"https://static.www.nfl.com/image/private/f_auto,q_auto/league/dsdrujeww485qukx1nc8"
Sam Shields,"https://static.www.nfl.com/image/private/f_auto,q_auto/league/kxj01aeqfoi8cuexcnr0"
Sam Williams,"https://static.www.nfl.com/image/upload/f_auto,q_auto/league/dffnhnfk8qloazleesuj"
Samaje Perine,"https://static.www.nfl.com/image/upload/f_auto,q_auto/league/fllwhcdovol5i7xxahf6"
Samie Parker,"https://static.www.nfl.com/image/private/f_auto,q_auto/league/pa5qjbe4xxtck20ahrvr"
Samkon Gado,"https://static.www.nfl.com/image/private/f_auto,q_auto/league/jkb0g7uoehzec5xv7pvd"
Sammie Coates,"https://static.www.nfl.com/image/private/f_auto,q_auto/league/qtqofzkmblah8ycd4687"
Sammie Smith,"https://static.www.nfl.com/image/private/f_auto,q_auto/league/lhpkbolhmjmauwzgrcqk"
Sammie Stroughter,"https://static.www.nfl.com/image/private/f_auto,q_auto/league/nnzuqml94yxdpnmwly17"
Sammy Johnson,"https://static.www.nfl.com/image/private/f_auto,q_auto/league/nqrulg7rfyb4qru8yoqa"
Sammy Martin,"https://static.www.nfl.com/image/private/f_auto,q_auto/league/n51wie8vj2mrocopxekl"
Sammy Morris,"https://static.www.nfl.com/image/private/f_auto,q_auto/league/entos6dkhenrrxkqh240"
Sammy Watkins,"https://static.www.nfl.com/image/private/f_auto,q_auto/league/nkqk4ac4uncxocqlgp2k"
Sammy White,"https://static.www.nfl.com/image/private/f_auto,q_auto/league/olwfmk5wtkltdlzduuav"
Sammy Winder,"https://static.www.nfl.com/image/private/f_auto,q_auto/league/v39r535soc9s4rskfhf7"
Samori Toure,"https://static.www.nfl.com/image/upload/f_auto,q_auto/league/tkjitxda1ufeev3tzpuk"
Samson Satele,"https://static.www.nfl.com/image/private/f_auto,q_auto/league/z2jkfkszkcpmojaziork"
Sanjay Beach,"https://static.www.nfl.com/image/private/f_auto,q_auto/league/zc7vrv8kj6keko8y9eab"
Santana Moss,"https://static.www.nfl.com/image/private/f_auto,q_auto/league/tbjwt4mvnoev73qqfxcz"
Santonio Holmes,"https://static.www.nfl.com/image/private/f_auto,q_auto/league/dxmxzb9pcyedlf99zejh"
Saquon Barkley,"https://static.www.nfl.com/image/upload/f_auto,q_auto/league/qcayrzjpura2zydszonh"
Savion Williams,"https://static.www.nfl.com/image/upload/f_auto,q_auto/league/snmedlu4ra62snufe1qg"
Scoop Gillespie,
Scott Bolton,"https://static.www.nfl.com/image/private/f_auto,q_auto/league/vhbbfuzz6o3thqtuqov9"
Scott Caldwell,"https://static.www.nfl.com/image/private/f_auto,q_auto/league/luwd8f7laxqqzaybjybj"
Scott Chandler,"https://static.www.nfl.com/image/private/f_auto,q_auto/league/zktr2miqzub2buwa19x7"
Scott Conover,"https://static.www.nfl.com/image/private/f_auto,q_auto/league/cttaqvplrxlfz6bxqump"
Scott Dierking,"https://static.www.nfl.com/image/private/f_auto,q_auto/league/nm43imvhhgqxcj79i6qj"
Scott Dragos,"https://static.www.nfl.com/image/private/f_auto,q_auto/league/mhplxq5gsbvi8ahnhvl3"
Scott Eaton,
Scott Fitzkee,"https://static.www.nfl.com/image/private/f_auto,q_auto/league/rogvkakyedpu3tfdor2j"
Scott Galbraith,"https://static.www.nfl.com/image/private/f_auto,q_auto/league/xsouytbemfb1sdbo86jk"
Scott Greene,"https://static.www.nfl.com/image/private/f_auto,q_auto/league/zyjgdlck1hekjohx68y0"
Scott Holman,"https://static.www.nfl.com/image/private/f_auto,q_auto/league/tsbaecbgzlxvcgph3gfk"
Scott Laidlaw,"https://static.www.nfl.com/image/private/f_auto,q_auto/league/fnmlblzkkxhk9mgzbel2"
Scott Matlock,"https://static.www.nfl.com/image/upload/f_auto,q_auto/league/biif35k2hwpqmhlxn0sa"
Scott McGarrahan,"https://static.www.nfl.com/image/private/f_auto,q_auto/league/kzwh8ryntrxmchsuqlza"
Scott Miller,"https://static.www.nfl.com/image/upload/f_auto,q_auto/league/mlx2xhjvzt6pqwgoloqa"
Scott Schwedes,"https://static.www.nfl.com/image/private/f_auto,q_auto/league/supuujg8kul6vnvdrie1"
Scott Simonson,"https://static.www.nfl.com/image/private/f_auto,q_auto/league/cocieog4hemdjlipo1qh"
Scott Slutzker,"https://static.www.nfl.com/image/private/f_auto,q_auto/league/rztzmz2lxddhy24e2zrb"
Scott Stauch,"https://static.www.nfl.com/image/private/f_auto,q_auto/league/dvfnn0tfui57skaylevy"
Scott Williams,"https://static.www.nfl.com/image/private/f_auto,q_auto/league/ptsjsqigmumdivrcoly0"
Scottie Graham,"https://static.www.nfl.com/image/private/f_auto,q_auto/league/p2m4if0zg08ylho1jrqp"
Scottie Montgomery,"https://static.www.nfl.com/image/private/f_auto,q_auto/league/ugqvgflpnzvqn6ng6tvl"
Scottie Phillips,"https://static.www.nfl.com/image/private/f_auto,q_auto/league/wa1jecqwos8s5mslgvqk"
Scottie Vines,
Scotty Anderson,"https://static.www.nfl.com/image/private/f_auto,q_auto/league/txiwmau4hvd2ihdyxubr"
Sean Bennett,"https://static.www.nfl.com/image/private/f_auto,q_auto/league/xefv2sqbthdgmtf5nl13"
Sean Berton,"https://static.www.nfl.com/image/private/f_auto,q_auto/league/rgepfphme78h8rcsdma1"
Sean Culkin,"https://static.www.nfl.com/image/private/f_auto,q_auto/league/innwotsz5sqpe91lef2g"
Sean Dawkins,"https://static.www.nfl.com/image/private/f_auto,q_auto/league/sgsfwpwyxftgqkaxg8rs"
Sean Farrell,"https://static.www.nfl.com/image/private/f_auto,q_auto/league/utap8rmm8nrhhvl1tpik"
Sean LaChapelle,"https://static.www.nfl.com/image/private/f_auto,q_auto/league/kekz3n5ow07r6l6zpvwn"
Sean Manuel,"https://static.www.nfl.com/image/private/f_auto,q_auto/league/rasutapzv2srahkycyrd"
Sean McGrath,"https://static.www.nfl.com/image/private/f_auto,q_auto/league/cuxa874rsldhqt5rver9"
Sean McHugh,"https://static.www.nfl.com/image/private/f_auto,q_auto/league/s1wivn6syxal2s150uzc"
Sean McKeon,"https://static.www.nfl.com/image/upload/f_auto,q_auto/league/s8btr444jepywrmchvfx"
Sean Morey,"https://static.www.nfl.com/image/private/f_auto,q_auto/league/na2q8gzhkuwxhmfnuovd"
Sean Ryan,"https://static.www.nfl.com/image/upload/f_auto,q_auto/league/lnptgbmwypkhiyu9rg4a"
Sean Tucker,"https://static.www.nfl.com/image/upload/f_auto,q_auto/league/wiarwjvy8p6bojlratp4"
Sebron Spivey,"https://static.www.nfl.com/image/private/f_auto,q_auto/league/vsnivsb3cxgwammhuibz"
Secdrick McIntyre,"https://static.www.nfl.com/image/private/f_auto,q_auto/league/byo5gpzluilsb0xzeghq"
Sedrick Irvin,"https://static.www.nfl.com/image/private/f_auto,q_auto/league/vcymupb12wzaefa8axe4"
Sedrick Shaw,"https://static.www.nfl.com/image/private/f_auto,q_auto/league/ukg0sektmsyqhrohyafm"
Selvin Young,"https://static.www.nfl.com/image/private/f_auto,q_auto/league/nx2zj5toomsappmxzosi"
Seneca Wallace,"https://static.www.nfl.com/image/private/f_auto,q_auto/league/ytykneqxk0xwqhcrbq9a"
Senio Kelemete,"https://static.www.nfl.com/image/private/f_auto,q_auto/league/t9irjxooncg3zlidmyuk"
Senorise Perry,"https://static.www.nfl.com/image/private/f_auto,q_auto/league/tzgedpivxkxwvp7yha3e"
Seth Devalve,
Seth Roberts,"https://static.www.nfl.com/image/private/f_auto,q_auto/league/prjzalxpmdpcfjequfe4"
Seth Williams,"https://static.www.nfl.com/image/private/f_auto,q_auto/league/uych6wdpoifihjl55wkf"
Seyi Ajirotutu,"https://static.www.nfl.com/image/private/f_auto,q_auto/league/tmbglbojtv1psbkhejsg"
Shad Meier,"https://static.www.nfl.com/image/private/f_auto,q_auto/league/iedfsufb1nzi0zipmqjk"
Shane Garrett,"https://static.www.nfl.com/image/private/f_auto,q_auto/league/qbjnjr43hfkac5iy529p"
Shane Matthews,"https://static.www.nfl.com/image/private/f_auto,q_auto/league/pmehfk5wltjokhhzedvn"
Shane Swanson,"https://static.www.nfl.com/image/private/f_auto,q_auto/league/ckjnjw2gsihypy0qalqw"
Shane Vereen,"https://static.www.nfl.com/image/private/f_auto,q_auto/league/grirsvo53nqb22jzb1zk"
Shane Wynn,"https://static.www.nfl.com/image/private/f_auto,q_auto/league/mtrj08jeeyphqhdt1jek"
Shane Zylstra,"https://static.www.nfl.com/image/upload/f_auto,q_auto/league/jxq0fpgw6dzavqabgl1j"
Shannon Baker,"https://static.www.nfl.com/image/private/f_auto,q_auto/league/zhuevzkdvymzjty4tgte"
Shannon Mitchell,"https://static.www.nfl.com/image/private/f_auto,q_auto/league/prhl1rfl7lravoglvbvj"
Shannon Sharpe,"https://static.www.nfl.com/image/private/f_auto,q_auto/league/pl9dwxqbdarzuirkjeri"
Shaud Williams,"https://static.www.nfl.com/image/private/f_auto,q_auto/league/wdnk6rxxqyggic7wxkd2"
Shaun Alexander,"https://static.www.nfl.com/image/private/f_auto,q_auto/league/q6aogsngaiaq2yr1sgyv"
Shaun Bodiford,"https://static.www.nfl.com/image/private/f_auto,q_auto/league/gzpmcs7iuyl07lttupfb"
Shaun Chapas,"https://static.www.nfl.com/image/private/f_auto,q_auto/league/evng7xcj942nfr5xtng7"
Shaun Draughn,"https://static.www.nfl.com/image/private/f_auto,q_auto/league/bxkirs3zrup0djv8x2ns"
Shaun Hill,"https://static.www.nfl.com/image/private/f_auto,q_auto/league/dn42ccbwrshm7uksyphy"
Shaun McDonald,"https://static.www.nfl.com/image/private/f_auto,q_auto/league/sd1rdixhcutyp2epoc95"
Shaun O'Hara,"https://static.www.nfl.com/image/private/f_auto,q_auto/league/ffkqd3nchmw4wrjtpzgx"
Shaun Wilson,"https://static.www.nfl.com/image/private/f_auto,q_auto/league/i623ykztphsbp6cnw5b3"
Shawn Bryson,"https://static.www.nfl.com/image/private/f_auto,q_auto/league/tjkagzj6tmsuaorj47lz"
Shawn Collins,"https://static.www.nfl.com/image/private/f_auto,q_auto/league/z1kfxwaxdr5ohhbrkwrw"
Shawn Jefferson,"https://static.www.nfl.com/image/private/f_auto,q_auto/league/jctxmibkhfjtrcms8qjc"
Shawn Nelson,"https://static.www.nfl.com/image/private/f_auto,q_auto/league/gswqpnnm1oi1kbotpfwy"
Sheddrick Wilson,"https://static.www.nfl.com/image/private/f_auto,q_auto/league/cx9oufxriahv7gwhmkzf"
Shedrick Jackson,"https://static.www.nfl.com/image/upload/f_auto,q_auto/league/pimh65yyziduaq7vbmi5"
Sheldon Gaines,"https://static.www.nfl.com/image/private/f_auto,q_auto/league/qcrrqtzto4kodmbtmq7z"
Sheldon Jackson,"https://static.www.nfl.com/image/private/f_auto,q_auto/league/lawakulloducnhdhwvza"
Shelton Gibson,"https://static.www.nfl.com/image/private/f_auto,q_auto/league/ooeitkt377s485zhchsi"
Sherman Smith,"https://static.www.nfl.com/image/private/f_auto,q_auto/league/rctklo6qrh0hzr19lrya"
Sherman Williams,"https://static.www.nfl.com/image/private/f_auto,q_auto/league/qbuytaqlditlumsxwxen"
Shi Smith,"https://static.www.nfl.com/image/private/f_auto,q_auto/league/e08lbk8pl2oxbwxi86ib"
Shockmain Davis,"https://static.www.nfl.com/image/private/f_auto,q_auto/league/lpio43ej0txwvofseh5t"
Shonn Greene,"https://static.www.nfl.com/image/private/f_auto,q_auto/league/rpwawct4hdhjnccaury3"
Sid Blanks,
Sid Smith,"https://static.www.nfl.com/image/private/f_auto,q_auto/league/mbevmwolgohteazqcydw"
Sidney Rice,"https://static.www.nfl.com/image/private/f_auto,q_auto/league/gvm2tebxbsm7eajiwaad"
Sidney Thornton,"https://static.www.nfl.com/image/private/f_auto,q_auto/league/clfnxmhwxvasma9qgzgr"
Silas Redd,"https://static.www.nfl.com/image/private/f_auto,q_auto/league/mjnmleomnzjzfoufxswf"
Simi Fehoko,"https://static.www.nfl.com/image/upload/f_auto,q_auto/league/eep30drknwucjdj6tivh"
Sincere McCormick,"https://static.www.nfl.com/image/upload/f_auto,q_auto/league/t2e5ffjyc1iimyxufxjs"
Sinorice Moss,"https://static.www.nfl.com/image/private/f_auto,q_auto/league/llbb9b4gvn2nsez0il51"
Sione Vaki,"https://static.www.nfl.com/image/upload/f_auto,q_auto/league/abqcluf2gbejhiyjjtoz"
Siran Neal,"https://static.www.nfl.com/image/upload/f_auto,q_auto/league/bwesbjwrbjpycetidb2q"
Skip Hicks,"https://static.www.nfl.com/image/private/f_auto,q_auto/league/dnf6zpshevuct3qs0tou"
Skye Dawson,"https://static.www.nfl.com/image/private/f_auto,q_auto/league/eslj56mjtncscmsytu3h"
Skyler Green,"https://static.www.nfl.com/image/private/f_auto,q_auto/league/ntbp18knwzkwmqaprete"
Skyy Moore,"https://static.www.nfl.com/image/upload/f_auto,q_auto/league/id9k0aylvgyq8lulabe3"
Smith Reed,
Snoop Minnis,"https://static.www.nfl.com/image/private/f_auto,q_auto/league/z9hysx8wsby8rwl0ffpa"
Solomon Miller,"https://static.www.nfl.com/image/private/f_auto,q_auto/league/iqndtbk4mc6h1ayjmpyf"
Sonny Campbell,
Sonny Collins,"https://static.www.nfl.com/image/private/f_auto,q_auto/league/r54mdvunhcblmmgysfmr"
Sonny Davis,
Sonny Jurgensen,"https://static.www.nfl.com/image/private/f_auto,q_auto/league/lchsfr6kvo3q1dpnyjes"
Sonny Randle,
Sony Michel,"https://static.www.nfl.com/image/private/f_auto,q_auto/league/eydtwcqcaegkuwivq0ln"
Speedy Neal,"https://static.www.nfl.com/image/private/f_auto,q_auto/league/sihclidxh8jp3jaap6ja"
Speedy Thomas,"https://static.www.nfl.com/image/private/f_auto,q_auto/league/gpmmdql6h6r2zf4dgqsc"
Spencer Anderson,"https://static.www.nfl.com/image/upload/f_auto,q_auto/league/gtpey4tnh0dkqjlux3gz"
Spencer Brown,"https://static.www.nfl.com/image/private/f_auto,q_auto/league/mmqzyzoau79or5w0izzq"
Spencer Havner,"https://static.www.nfl.com/image/private/f_auto,q_auto/league/malyoxb1ir70gbstbid6"
Spencer Larsen,"https://static.www.nfl.com/image/private/f_auto,q_auto/league/tmiwm3nlutsv6zkrbsdd"
Spencer Nead,"https://static.www.nfl.com/image/private/f_auto,q_auto/league/lndtnzkxvnlu1ojlm2dv"
Spencer Pulley,"https://static.www.nfl.com/image/private/f_auto,q_auto/league/hvyebzfdomw94gdyce0g"
Spencer Rattler,"https://static.www.nfl.com/image/upload/f_auto,q_auto/league/gcgmcf4kex3jsl4rlrng"
Spencer Tillman,"https://static.www.nfl.com/image/private/f_auto,q_auto/league/jwvctrhyhhhaooepkyyd"
Spencer Ware,"https://static.www.nfl.com/image/private/f_auto,q_auto/league/qr04afpcu3fqpgxnws6t"
Stacey Bailey,"https://static.www.nfl.com/image/private/f_auto,q_auto/league/aqwut79wcte6eb3xpiwr"
Stacey Dawsey,"https://static.www.nfl.com/image/private/f_auto,q_auto/league/ks6jvppql8b3psii4hue"
Stacey Mack,"https://static.www.nfl.com/image/private/f_auto,q_auto/league/yyuwqskm7g1a0ige62em"
Stacey Mobley,"https://static.www.nfl.com/image/private/f_auto,q_auto/league/al1psi6pdrntewfiwme1"
Stacey Simmons,"https://static.www.nfl.com/image/private/f_auto,q_auto/league/o8hyuhntn1zle8oltuh9"
Stacy Robinson,"https://static.www.nfl.com/image/private/f_auto,q_auto/league/oy02wmrcvdsk87cxrnkr"
Stan Davis,
Stan Edwards,"https://static.www.nfl.com/image/private/f_auto,q_auto/league/z92vjnq8hpvsjdaczf12"
Stan Fritts,"https://static.www.nfl.com/image/private/f_auto,q_auto/league/mvsc85ymiqjc7r5xxzu5"
Stan Humphries,"https://static.www.nfl.com/image/private/f_auto,q_auto/league/nbxa7akeappqggeabpbj"
Stan Hunter,"https://static.www.nfl.com/image/private/f_auto,q_auto/league/bvbjacxiinmcwz8hsiuk"
Stan Mitchell,
Stan Rome,"https://static.www.nfl.com/image/private/f_auto,q_auto/league/narkoyf2xp8veehvhy6l"
Stan Winfrey,"https://static.www.nfl.com/image/private/f_auto,q_auto/league/bzcycvgmdnksjhzogkqt"
Stanford Jennings,"https://static.www.nfl.com/image/private/f_auto,q_auto/league/di6kd7qwajq8pkk6siys"
Stanley Havili,"https://static.www.nfl.com/image/private/f_auto,q_auto/league/il1h3ozkugeb4mq1p3qr"
Stanley Morgan,"https://static.www.nfl.com/image/upload/f_auto,q_auto/league/wxgibmduh5kodwlvbgct"
Stanley Morgan Jr.,
Stanley Pritchett,"https://static.www.nfl.com/image/private/f_auto,q_auto/league/odr6ypymucqz2ybtfimc"
Stanley Wilson,"https://static.www.nfl.com/image/private/f_auto,q_auto/league/bczhxbjdwmafyyclnui3"
Stedman Bailey,"https://static.www.nfl.com/image/private/f_auto,q_auto/league/ms0eoj89otvarobbw14r"
Stefan Logan,"https://static.www.nfl.com/image/private/f_auto,q_auto/league/nsjznm0rgyybv8rixbkm"
Stefon Diggs,"https://static.www.nfl.com/image/upload/f_auto,q_auto/league/cemcexmscsarpvwhafln"
Stein Koss,"https://static.www.nfl.com/image/private/f_auto,q_auto/league/yhcp2b61setbq1fozxad"
Stepfan Taylor,"https://static.www.nfl.com/image/private/f_auto,q_auto/league/lmm9nz05jrntbpuaveqc"
Stepfret Williams,"https://static.www.nfl.com/image/private/f_auto,q_auto/league/m5qgeug56poyqdcg1k38"
Stephen Alexander,"https://static.www.nfl.com/image/private/f_auto,q_auto/league/wrje2v8zbq12dnsmygu6"
Stephen Anderson,"https://static.www.nfl.com/image/private/f_auto,q_auto/league/inufsxftnotmpeot1lh2"
Stephen Baker,"https://static.www.nfl.com/image/private/f_auto,q_auto/league/xal9o7pab50cv9kjowuh"
Stephen Burton,"https://static.www.nfl.com/image/private/f_auto,q_auto/league/dqtroedmfgz72um28n78"
Stephen Carlson,"https://static.www.nfl.com/image/upload/f_auto,q_auto/league/i54p7n9yfpyytifzv7rz"
Stephen Davis,"https://static.www.nfl.com/image/private/f_auto,q_auto/league/mzhrluspnc3bpp2e9ruy"
Stephen Hill,"https://static.www.nfl.com/image/private/f_auto,q_auto/league/poaexpcsyeh0b98zwinx"
Stephen Hobbs,"https://static.www.nfl.com/image/private/f_auto,q_auto/league/ru0imsx8svroz58jxuhz"
Stephen Spach,"https://static.www.nfl.com/image/private/f_auto,q_auto/league/czjy710hzuvlnvzuomak"
Stephen Starring,"https://static.www.nfl.com/image/private/f_auto,q_auto/league/g46ytqxteq70xgxq465y"
Stephen Sullivan,"https://static.www.nfl.com/image/upload/f_auto,q_auto/league/miipmedtauhxf4tmilcs"
Stephen Trejo,"https://static.www.nfl.com/image/private/f_auto,q_auto/league/xyor2glnknylu5ngbn9m"
Stephen Williams,"https://static.www.nfl.com/image/private/f_auto,q_auto/league/u5sk71jbi1itlbtodvlf"
Stephone Paige,"https://static.www.nfl.com/image/private/f_auto,q_auto/league/usrm2skbgazookufetfd"
Sterling Sharpe,"https://static.www.nfl.com/image/private/f_auto,q_auto/league/bslcx5nft2cxkr4cjx9k"
Sterling Shepard,"https://static.www.nfl.com/image/upload/f_auto,q_auto/league/l47czwi8aaznnit0se5h"
Stevan Ridley,"https://static.www.nfl.com/image/private/f_auto,q_auto/league/futdstbe48qaqcvtolzj"
Steve Atkins,"https://static.www.nfl.com/image/private/f_auto,q_auto/league/bz84rcgkdxkiavsesnm5"
Steve August,"https://static.www.nfl.com/image/private/f_auto,q_auto/league/htvbsnnjvacisaaz5zqe"
Steve Avery,"https://static.www.nfl.com/image/private/f_auto,q_auto/league/kcc11fqhsbnionv5hleb"
Steve Bartalo,"https://static.www.nfl.com/image/private/f_auto,q_auto/league/fgfltjuius2tmzr9kt60"
Steve Beuerlein,"https://static.www.nfl.com/image/private/f_auto,q_auto/league/biuxbpl5hymra8j9wg7i"
Steve Bono,"https://static.www.nfl.com/image/private/f_auto,q_auto/league/krkjgs7ldvznzpqytyc6"
Steve Breaston,"https://static.www.nfl.com/image/private/f_auto,q_auto/league/cozv5t87e6m17icz7dqk"
Steve Broussard,"https://static.www.nfl.com/image/private/f_auto,q_auto/league/aieafpxmobynobzdxvak"
Steve Bryant,"https://static.www.nfl.com/image/private/f_auto,q_auto/league/ve2ljcn4ljls3jnbynxx"
Steve Burks,"https://static.www.nfl.com/image/private/f_auto,q_auto/league/oxovmc6zjoejfptsahor"
Steve Bush,"https://static.www.nfl.com/image/private/f_auto,q_auto/league/rqynpo970skjbegedyof"
Steve Carter,"https://static.www.nfl.com/image/private/f_auto,q_auto/league/ui7itscruhkljt53yx9w"
Steve Craig,"https://static.www.nfl.com/image/private/f_auto,q_auto/league/o9cm7ubx0uahkzitvnpg"
Steve Crosby,"https://static.www.nfl.com/image/private/f_auto,q_auto/league/jmd0lrbgguzxoxxbwosx"
Steve Davis,"https://static.www.nfl.com/image/private/f_auto,q_auto/league/a5nuxtsywetyyveja9qk"
Steve Finch,"https://static.www.nfl.com/image/private/f_auto,q_auto/league/j4pm9b0kqbwcf8t1kp8v"
Steve Folsom,"https://static.www.nfl.com/image/private/f_auto,q_auto/league/jnevg6ujijw7hbpbzxak"
Steve Gaunty,"https://static.www.nfl.com/image/private/f_auto,q_auto/league/dcqa51likklvooelakga"
Steve Grogan,"https://static.www.nfl.com/image/private/f_auto,q_auto/league/lgtwr9h2e8bey2lyqkco"
Steve Harkey,
Steve Harris,"https://static.www.nfl.com/image/private/f_auto,q_auto/league/tshtrpwvpynmi4sljjvo"
Steve Hawkins,"https://static.www.nfl.com/image/private/f_auto,q_auto/league/pqa5eijtbpmiay4lcxzl"
Steve Heckard,
Steve Heiden,"https://static.www.nfl.com/image/private/f_auto,q_auto/league/gbtrxatwcauhazpjejcr"
Steve Hendrickson,"https://static.www.nfl.com/image/private/f_auto,q_auto/league/dj2ijy5fevaiqzcsfkbe"
Steve Holden,"https://static.www.nfl.com/image/private/f_auto,q_auto/league/j37lpvtgrb5dn14qvgf1"
Steve Holloway,"https://static.www.nfl.com/image/private/f_auto,q_auto/league/jptosr3ssvi3m1kcghmn"
Steve Howell,"https://static.www.nfl.com/image/private/f_auto,q_auto/league/yhwvvgyqabptws9iquic"
Steve Johnson,"https://static.www.nfl.com/image/private/f_auto,q_auto/league/vlyzq1v53slatimy6v5q"
Steve Jones,"https://static.www.nfl.com/image/private/f_auto,q_auto/league/a5s611idqgqrmhsvvux8"
Steve Jordan,"https://static.www.nfl.com/image/private/f_auto,q_auto/league/jo7cgflsgjgssdclwycm"
Steve Junker,
Steve Kiner,"https://static.www.nfl.com/image/private/f_auto,q_auto/league/qkdwcfaqhtdwjtirmepw"
Steve Kreider,"https://static.www.nfl.com/image/private/f_auto,q_auto/league/jfkzfz4plvdpczvmj85n"
Steve Largent,"https://static.www.nfl.com/image/private/f_auto,q_auto/league/uwi8mvpiavmova7skp7q"
Steve Maneri,"https://static.www.nfl.com/image/private/f_auto,q_auto/league/yc8xf1ugcibchgjqdfhc"
Steve McKinney,"https://static.www.nfl.com/image/private/f_auto,q_auto/league/iigzwbfzcxpr1smqezmm"
Steve McNair,"https://static.www.nfl.com/image/private/f_auto,q_auto/league/ywdddxsuykv3cuslv0xo"
Steve Meilinger,
Steve Odom,"https://static.www.nfl.com/image/private/f_auto,q_auto/league/b4bivfivf5zgxhlhjagm"
Steve Owens,"https://static.www.nfl.com/image/private/f_auto,q_auto/league/jbnmrtbqwubcquwxgugx"
Steve Pierce,"https://static.www.nfl.com/image/private/f_auto,q_auto/league/wwpqw6lmde7ikprvfboi"
Steve Raible,"https://static.www.nfl.com/image/private/f_auto,q_auto/league/ofo3abpoe7ohitsdnwjo"
Steve Rhem,"https://static.www.nfl.com/image/private/f_auto,q_auto/league/fdxz23gaevtl9atlc1qx"
Steve Rivera,"https://static.www.nfl.com/image/private/f_auto,q_auto/league/l29p5futkdxt8k5wo16b"
Steve Rogers,"https://static.www.nfl.com/image/private/f_auto,q_auto/league/dwta4flsfi98tgfnlcru"
Steve Sanders,"https://static.www.nfl.com/image/private/f_auto,q_auto/league/yvtljywy4gshlgr97ewo"
Steve Schubert,"https://static.www.nfl.com/image/private/f_auto,q_auto/league/ytyvsaqajjbdyzzquamb"
Steve Sewell,"https://static.www.nfl.com/image/private/f_auto,q_auto/league/qxmxmdal8oxjvcbahplc"
Steve Slaton,"https://static.www.nfl.com/image/private/f_auto,q_auto/league/o7d06in3cz3cm51iivg0"
Steve Smith,"https://static.www.nfl.com/image/private/f_auto,q_auto/league/k23e0b8cto93he9rt0zc"
Steve Stenstrom,"https://static.www.nfl.com/image/private/f_auto,q_auto/league/ocrooh6d8sdpmrgwsiiu"
Steve Stonebreaker,
Steve Strachan,"https://static.www.nfl.com/image/private/f_auto,q_auto/league/zdzgnkadoto80vpq4kgo"
Steve Sweeney,
Steve Tasker,"https://static.www.nfl.com/image/private/f_auto,q_auto/league/eommdtyypsuowoksvxuz"
Steve Thurlow,
Steve Watson,"https://static.www.nfl.com/image/private/f_auto,q_auto/league/dvxzjkjazsztwuvsmg8z"
Steve Wilson,"https://static.www.nfl.com/image/private/f_auto,q_auto/league/momdj8pea8j9bksiorxu"
Steve Young,"https://static.www.nfl.com/image/private/f_auto,q_auto/league/kfrm5wzrogcovwymoez8"
Steve Zabel,"https://static.www.nfl.com/image/private/f_auto,q_auto/league/hleczpjekxysvayfbssr"
Steven Jackson,"https://static.www.nfl.com/image/private/f_auto,q_auto/league/abl5wejuf448xw3jtphm"
Steven Mitchell,"https://static.www.nfl.com/image/private/f_auto,q_auto/league/lavpxb848zx0stc1imzb"
Steven Sims,"https://static.www.nfl.com/image/upload/f_auto,q_auto/league/j4wvyoqtwt34h8qamgun"
Stevie Anderson,"https://static.www.nfl.com/image/private/f_auto,q_auto/league/t5a6wlhprt5l4l2qotge"
Stone Smartt,"https://static.www.nfl.com/image/upload/f_auto,q_auto/league/g8mtiyojkmj8vwzmg0ez"
Storm Johnson,"https://static.www.nfl.com/image/private/f_auto,q_auto/league/puhhpztc3ljne2hbds2w"
Stu Voigt,"https://static.www.nfl.com/image/private/f_auto,q_auto/league/ancbcwmqurgd8gwxd3on"
Stump Mitchell,"https://static.www.nfl.com/image/private/f_auto,q_auto/league/cxnaemm0sfhqixlmhemy"
Sultan McCullough,"https://static.www.nfl.com/image/private/f_auto,q_auto/league/ghohahpobqafaikbraas"
Syd Kitson,"https://static.www.nfl.com/image/private/f_auto,q_auto/league/t3dhcbf6mnbcvjwh5q4q"
Sylvester Byrd,"https://static.www.nfl.com/image/private/f_auto,q_auto/league/q1r9e3gbud33t4iah7gr"
Sylvester Morris,"https://static.www.nfl.com/image/private/f_auto,q_auto/league/ch6sxorty4sizfjbpcdl"
Sylvester Stamps,"https://static.www.nfl.com/image/private/f_auto,q_auto/league/rq4vimgmh0kseo5rse25"
Syndric Steptoe,"https://static.www.nfl.com/image/private/f_auto,q_auto/league/to45y9halhwclkir1xff"
T.J. Duckett,"https://static.www.nfl.com/image/private/f_auto,q_auto/league/tjxtrdxwvqekvrdqbrc6"
T.J. Graham,
T.J. Hockenson,"https://static.www.nfl.com/image/upload/f_auto,q_auto/league/rs8o65x0u0n9xzde0fd6"
T.J. Houshmandzadeh,"https://static.www.nfl.com/image/private/f_auto,q_auto/league/xzweze3xpqyunduqboal"
T.J. Jones,"https://static.www.nfl.com/image/private/f_auto,q_auto/league/fqv9h42uxtxjl7jjs2dt"
T.J. Logan,"https://static.www.nfl.com/image/private/f_auto,q_auto/league/g2yxukzp3upwdeeeth2h"
T.J. Yeldon,"https://static.www.nfl.com/image/private/f_auto,q_auto/league/m9tcaffb3fom3fejtxon"
T.Y. Hilton,"https://static.www.nfl.com/image/private/f_auto,q_auto/league/b8kor0sgeynyd8u8cush"
Tab Perry,"https://static.www.nfl.com/image/private/f_auto,q_auto/league/bcltsiyseey5zgi6y6hx"
Tag Rome,"https://static.www.nfl.com/image/private/f_auto,q_auto/league/xpge8t4odom2u1iehkly"
Tahj Brooks,"https://static.www.nfl.com/image/upload/f_auto,q_auto/league/s89clgkij0ytcmrkdydt"
Tahj Washington,"https://static.www.nfl.com/image/upload/f_auto,q_auto/league/voyr5ajdxwydmp6cc1bw"
Tai Felton,"https://static.www.nfl.com/image/upload/f_auto,q_auto/league/pyritorbaz2enqayclln"
Tai Streets,"https://static.www.nfl.com/image/private/f_auto,q_auto/league/wl1n6y1iiunrfxiuxyub"
Taiwan Jones,"https://static.www.nfl.com/image/private/f_auto,q_auto/league/va09vgfr7bdc2wb6ikq4"
Tajae Sharpe,"https://static.www.nfl.com/image/private/f_auto,q_auto/league/c8fgfxrl2gmdv8thgw1p"
Talman Gardner,"https://static.www.nfl.com/image/private/f_auto,q_auto/league/id6jsaf0q6dut6ram6ki"
Tamarick Vanover,"https://static.www.nfl.com/image/private/f_auto,q_auto/league/zknbzvauipnsb0g4kqs9"
Tandon Doss,"https://static.www.nfl.com/image/private/f_auto,q_auto/league/uf39ulsdzwr189f4rest"
Tank Bigsby,"https://static.www.nfl.com/image/upload/f_auto,q_auto/league/vfkdjfpiyrcuzahrmfvn"
Tank Dell,"https://static.www.nfl.com/image/upload/f_auto,q_auto/league/dzjep37g7fqdweqtncso"
Tanner Conner,"https://static.www.nfl.com/image/upload/f_auto,q_auto/league/hya7vfgtuyx5k4tnhmic"
Tanner Gentry,"https://static.www.nfl.com/image/private/f_auto,q_auto/league/ykdkdfncfuiirn9qsrk9"
Tanner Hudson,"https://static.www.nfl.com/image/upload/f_auto,q_auto/league/pyl2bpjw0vy4idcseama"
Tanner McEvoy,"https://static.www.nfl.com/image/private/f_auto,q_auto/league/sllikin2krzlnyo7cdvt"
Taquan Mizzell,"https://static.www.nfl.com/image/private/f_auto,q_auto/league/if56xaykcuiun5vcj95p"
Tarek Saleh,"https://static.www.nfl.com/image/private/f_auto,q_auto/league/zebp8wigtczyubai3kml"
Tarik Black,"https://static.www.nfl.com/image/upload/f_auto,q_auto/league/nwu8axcyqw8yk3i300ob"
Tarik Cohen,"https://static.www.nfl.com/image/private/f_auto,q_auto/league/pm0uewrl0ugotlc5wbpc"
Tarik Glenn,"https://static.www.nfl.com/image/private/f_auto,q_auto/league/qmvkyn0paxamyr1za6xv"
Tashard Choice,"https://static.www.nfl.com/image/private/f_auto,q_auto/league/whsgqioeqck34ygueg2b"
Tatum Bell,"https://static.www.nfl.com/image/private/f_auto,q_auto/league/yklpmsbrfxi6ewqjdzzb"
Tavarres King,"https://static.www.nfl.com/image/private/f_auto,q_auto/league/yfkwzczsoeihruafz1kg"
Tavian Banks,"https://static.www.nfl.com/image/private/f_auto,q_auto/league/gi2tpvnhrnj3q6tgukpf"
Tavon Austin,"https://static.www.nfl.com/image/private/f_auto,q_auto/league/ulagxqgjnrft4wub0gus"
Tay Martin,"https://static.www.nfl.com/image/upload/f_auto,q_auto/league/ttdp5v9tl0zqmb0dmmuv"
Taye Biddle,"https://static.www.nfl.com/image/private/f_auto,q_auto/league/s2wknkgscbwzyzjgkjgs"
Taylor Decker,"https://static.www.nfl.com/image/upload/f_auto,q_auto/league/j0gbwayifwek9ggoraqm"
Taylor Gabriel,"https://static.www.nfl.com/image/private/f_auto,q_auto/league/nc4aoax8j5mnnrjewu7p"
Taylor Heinicke,"https://static.www.nfl.com/image/upload/f_auto,q_auto/league/fz9e0aufjyyo5raclwji"
Taylor Jacobs,"https://static.www.nfl.com/image/private/f_auto,q_auto/league/yojfjngmmngl5bwweprx"
Taylor Lewan,"https://static.www.nfl.com/image/private/f_auto,q_auto/league/hvplm59omxfb2qp6zz7a"
Taylor Price,"https://static.www.nfl.com/image/private/f_auto,q_auto/league/kc4osocq2ezln8q39xhk"
Taylor Thompson,"https://static.www.nfl.com/image/private/f_auto,q_auto/league/vce88zdnxkdxppas59jk"
Taysom Hill,"https://static.www.nfl.com/image/upload/f_auto,q_auto/league/q8itjlocg5do60qat4l3"
Taywan Taylor,"https://static.www.nfl.com/image/private/f_auto,q_auto/league/n0kolr3zjappzojczo5w"
Taz Anderson,
Teagan Quitoriano,"https://static.www.nfl.com/image/upload/f_auto,q_auto/league/adwepaexueevxdcqjhyf"
Ted Brown,"https://static.www.nfl.com/image/private/f_auto,q_auto/league/dcw07qpdqg9ddiqdsdfd"
Ted Dean,
Ted Ginn Jr.,
Ted Koy,"https://static.www.nfl.com/image/private/f_auto,q_auto/league/f6okwdaskrh230uyaxgb"
Ted Kwalick,"https://static.www.nfl.com/image/private/f_auto,q_auto/league/qabn4xhd9nbt7gpgetk0"
Ted McKnight,"https://static.www.nfl.com/image/private/f_auto,q_auto/league/ow1kcgk8t42tf5xzy9js"
Ted Popson,"https://static.www.nfl.com/image/private/f_auto,q_auto/league/g0cuhp5g7lkq3gzzoc0y"
Ted Wilson,"https://static.www.nfl.com/image/private/f_auto,q_auto/league/yxm77ahjiumgniky5qkf"
Teddy Williams,"https://static.www.nfl.com/image/private/f_auto,q_auto/league/py6u7bpxdawx1a8eozbu"
Tee Higgins,"https://static.www.nfl.com/image/upload/f_auto,q_auto/league/gpwtyv3viwy9q4ewderl"
Temarrick Hemingway,"https://static.www.nfl.com/image/private/f_auto,q_auto/league/ikzbygp007w9gn1rofoo"
Terance Mathis,"https://static.www.nfl.com/image/private/f_auto,q_auto/league/l85b7pux5chdlvk1tqc4"
Terdell Middleton,"https://static.www.nfl.com/image/private/f_auto,q_auto/league/fz2icjbtfc1lsrnl3aa6"
Terence Steele,"https://static.www.nfl.com/image/upload/f_auto,q_auto/league/ezmoh6joqsserp3ogcqc"
Terrace Marshall Jr.,"https://static.www.nfl.com/image/upload/f_auto,q_auto/league/lbndz0pvhcolsfoqycuv"
Terrance Copper,"https://static.www.nfl.com/image/private/f_auto,q_auto/league/favudbaummnv3ra1rbhy"
Terrance Ferguson,"https://static.www.nfl.com/image/upload/f_auto,q_auto/league/w5o0s5yf6j5dsmiwdtfg"
Terrance West,"https://static.www.nfl.com/image/private/f_auto,q_auto/league/vzmf3p3k4ywfa5vjn9za"
Terrance Williams,"https://static.www.nfl.com/image/private/f_auto,q_auto/league/emdrh1uwgitgnw1wytiv"
Terrell Davis,"https://static.www.nfl.com/image/private/f_auto,q_auto/league/smkzf1k9eeymmon7dzco"
Terrell Fletcher,"https://static.www.nfl.com/image/private/f_auto,q_auto/league/wjujd10uh6t0jbybbaek"
Terrell Jennings,"https://static.www.nfl.com/image/upload/f_auto,q_auto/league/apyriqt5707yo5qgbni5"
Terrell Owens,"https://static.www.nfl.com/image/private/f_auto,q_auto/league/c41avnwoegxy9nnwmgbo"
Terrell Watson,"https://static.www.nfl.com/image/private/f_auto,q_auto/league/efo2nvsa4z0nlm5dquiu"
Terrelle Pryor,"https://static.www.nfl.com/image/private/f_auto,q_auto/league/ac6blk5o4ztsr7hvtil9"
Terrelle Smith,"https://static.www.nfl.com/image/private/f_auto,q_auto/league/dnahwwhrnee4dfwx2lwd"
Terrence Austin,"https://static.www.nfl.com/image/private/f_auto,q_auto/league/psocnuhmobeqfbwv848o"
Terrence Edwards,"https://static.www.nfl.com/image/private/f_auto,q_auto/league/yyse8di2kucxatwebx1x"
Terrence Flagler,"https://static.www.nfl.com/image/private/f_auto,q_auto/league/nvnpqgar5vcbmt8x52ta"
Terrence Magee,"https://static.www.nfl.com/image/private/f_auto,q_auto/league/cpwxutcnudoozh6jr2zo"
Terrence Murphy,"https://static.www.nfl.com/image/private/f_auto,q_auto/league/pdmkyvhou9brut4sag9v"
Terrence Wilkins,"https://static.www.nfl.com/image/private/f_auto,q_auto/league/pak7fhp34hbccl4wtgc7"
Terron Ward,"https://static.www.nfl.com/image/private/f_auto,q_auto/league/wcq3c0qgpkzoegi0yn6w"
Terry Allen,"https://static.www.nfl.com/image/private/f_auto,q_auto/league/w0seugiirpz4gikftv38"
Terry Anthony,"https://static.www.nfl.com/image/private/f_auto,q_auto/league/j7eacxvmcrozklflkben"
Terry Baker,
Terry Barr,
Terry Beasley,"https://static.www.nfl.com/image/private/f_auto,q_auto/league/lu0iedgnfpuenxlnaezw"
Terry Brown,"https://static.www.nfl.com/image/private/f_auto,q_auto/league/dvzfaeki2mvmbduv7bby"
Terry Cole,
Terry Glenn,"https://static.www.nfl.com/image/private/f_auto,q_auto/league/uaafdatd9hccayjfwh1e"
Terry Godwin,"https://static.www.nfl.com/image/private/f_auto,q_auto/league/gjydumzkxelrd5rziupn"
Terry Greer,"https://static.www.nfl.com/image/private/f_auto,q_auto/league/bmvjrgurwwzzb0lpvoob"
Terry Guess,"https://static.www.nfl.com/image/private/f_auto,q_auto/league/clxpv7kd11natfwiqqvh"
Terry Hardy,"https://static.www.nfl.com/image/private/f_auto,q_auto/league/c25ibt0shr5rgabxswqy"
Terry Jackson,"https://static.www.nfl.com/image/private/f_auto,q_auto/league/qmtsrlywespfgjh2nv0j"
Terry Jones,"https://static.www.nfl.com/image/private/f_auto,q_auto/league/xpkmqum1pyvmin6pkdh4"
Terry Kirby,"https://static.www.nfl.com/image/private/f_auto,q_auto/league/bhvxmn3s2kesdtgg0qkm"
Terry LeCount,"https://static.www.nfl.com/image/private/f_auto,q_auto/league/xyinrizbcndagdteczrd"
Terry Luck,"https://static.www.nfl.com/image/private/f_auto,q_auto/league/rtlhr99enmtj9iuahiyw"
Terry McLaurin,"https://static.www.nfl.com/image/upload/f_auto,q_auto/league/tmfl2zruajmkrtcg4zxp"
Terry Metcalf,"https://static.www.nfl.com/image/private/f_auto,q_auto/league/qeqfewr3sikilhhuxgn0"
Terry Mickens,"https://static.www.nfl.com/image/private/f_auto,q_auto/league/dgao7i7iss2qf4we4tpl"
Terry Miller,"https://static.www.nfl.com/image/private/f_auto,q_auto/league/rumr9wyhpb8xi9747mra"
Terry Nelson,"https://static.www.nfl.com/image/private/f_auto,q_auto/league/fpvy0omrgajvpnfunaqx"
Terry O'Shea,"https://static.www.nfl.com/image/private/f_auto,q_auto/league/tugjuwbezbsmarjot8us"
Terry Obee,"https://static.www.nfl.com/image/private/f_auto,q_auto/league/nuhefzlw1ji5bgihqtgt"
Terry Orr,"https://static.www.nfl.com/image/private/f_auto,q_auto/league/goucnv3bivkpbntwewrn"
Terry Robiskie,"https://static.www.nfl.com/image/private/f_auto,q_auto/league/hbvueqglck3ppoowgwes"
Terry Samuels,"https://static.www.nfl.com/image/private/f_auto,q_auto/league/qj4kf8wvheymfhyzwh6w"
Terry Stoepel,
Terry Wells,"https://static.www.nfl.com/image/private/f_auto,q_auto/league/mhwlgg25ugqcf5nsgg1i"
Terry Witherspoon,"https://static.www.nfl.com/image/private/f_auto,q_auto/league/pe9g9prmnwasgbvch2t0"
Tetairoa McMillan,"https://static.www.nfl.com/image/upload/f_auto,q_auto/league/gilgvjemumd6kpc9eiku"
Tevin Coleman,"https://static.www.nfl.com/image/private/f_auto,q_auto/league/wiu4r7bvhcafs9vamqc"
Tevin Jones,"https://static.www.nfl.com/image/private/f_auto,q_auto/league/vhci7mootbt5fp0vsm0e"
Teyo Johnson,"https://static.www.nfl.com/image/private/f_auto,q_auto/league/vkjwtjxcaxdeemn4qwcj"
Tez Johnson,"https://static.www.nfl.com/image/upload/f_auto,q_auto/league/ajbnpagviw0glrhf5a2e"
Thabiti Davis,"https://static.www.nfl.com/image/private/f_auto,q_auto/league/rdyx2wmrbooxyjuw2uut"
Thad McFadden,"https://static.www.nfl.com/image/private/f_auto,q_auto/league/o5qlbetkrvvvwqwrqbke"
Theo Bell,"https://static.www.nfl.com/image/private/f_auto,q_auto/league/tx2pk2nufpwqwlli4nmu"
Theo Johnson,"https://static.www.nfl.com/image/upload/f_auto,q_auto/league/fv2jbzlocr1o3ahkru43"
Theo Riddick,"https://static.www.nfl.com/image/private/f_auto,q_auto/league/ecbes59ifblsloiqtxq5"
Theo Wease Jr.,"https://static.www.nfl.com/image/upload/f_auto,q_auto/league/iykujtgwn2x1ymy7jdxw"
Theo Young,"https://static.www.nfl.com/image/private/f_auto,q_auto/league/pek7gstklxfh2ttgcdx8"
Theotis Brown,"https://static.www.nfl.com/image/private/f_auto,q_auto/league/l99b5wbir2u4odtinlhs"
Theron Sapp,
Thomas Clayton,"https://static.www.nfl.com/image/private/f_auto,q_auto/league/kfqdvd42cqid590t5plj"
Thomas Jones,"https://static.www.nfl.com/image/private/f_auto,q_auto/league/bmbhldch291mziip7hm4"
Thomas Lewis,"https://static.www.nfl.com/image/private/f_auto,q_auto/league/huhokiptwmrvhgj6ccjo"
Thomas Lott,"https://static.www.nfl.com/image/private/f_auto,q_auto/league/qq5hmxkcabusz6zwcg2k"
Thomas McLemore,"https://static.www.nfl.com/image/private/f_auto,q_auto/league/alxkduqjahkg8qaqjuuo"
Thomas Rawls,"https://static.www.nfl.com/image/private/f_auto,q_auto/league/uxyelm5j4nm67gmnbih9"
Thomas Sanders,"https://static.www.nfl.com/image/private/f_auto,q_auto/league/nddta0dpqlvnyqottng9"
Thomas Tapeh,"https://static.www.nfl.com/image/private/f_auto,q_auto/league/le4dcb55qz2e6ipskhvd"
Thornton Chandler,"https://static.www.nfl.com/image/private/f_auto,q_auto/league/x03nno0hvbxr9e1vow3t"
Thurman Thomas,"https://static.www.nfl.com/image/private/f_auto,q_auto/league/oy5j1auukzykwe8mhhhf"
Tiki Barber,"https://static.www.nfl.com/image/private/f_auto,q_auto/league/envscajcftvy5low6aod"
Tim Barnett,"https://static.www.nfl.com/image/private/f_auto,q_auto/league/olonmaxv68ykqodjurxz"
Tim Biakabutuka,"https://static.www.nfl.com/image/private/f_auto,q_auto/league/zddb5ifihjn4und73g8q"
Tim Brown,"https://static.www.nfl.com/image/private/f_auto,q_auto/league/qhdz2r0h4zlxxmzsgemc"
Tim Carter,"https://static.www.nfl.com/image/private/f_auto,q_auto/league/ggrxzm6mfgj339gghnqv"
Tim Castille,"https://static.www.nfl.com/image/private/f_auto,q_auto/league/pox4lqfkx5cpwnpy8ijr"
Tim Couch,"https://static.www.nfl.com/image/private/f_auto,q_auto/league/uwvfr0sckhgi2r583qyg"
Tim Dwight,"https://static.www.nfl.com/image/private/f_auto,q_auto/league/vbytsq96swkztalryyul"
Tim Euhus,"https://static.www.nfl.com/image/private/f_auto,q_auto/league/poub3wkgfrt1b2cprosh"
Tim George,"https://static.www.nfl.com/image/private/f_auto,q_auto/league/nbwy2izbng4kgt8485va"
Tim Hall,"https://static.www.nfl.com/image/private/f_auto,q_auto/league/y3jxrhtr9fcdmxl730kl"
Tim Hightower,"https://static.www.nfl.com/image/private/f_auto,q_auto/league/azokebvu5bctrltqy38r"
Tim Jessie,"https://static.www.nfl.com/image/private/f_auto,q_auto/league/xcep7g680uu6lroe9dvs"
Tim Jones,"https://static.www.nfl.com/image/upload/f_auto,q_auto/league/rgthh35tnl9dbi7jshxv"
Tim Jorden,"https://static.www.nfl.com/image/private/f_auto,q_auto/league/nd4j31zsqydis6ebtnsq"
Tim Kearse,"https://static.www.nfl.com/image/private/f_auto,q_auto/league/mm9mrfgc8nss2hymveaz"
Tim Lester,"https://static.www.nfl.com/image/private/f_auto,q_auto/league/gsohnbuqy7ihoxg7yoby"
Tim Manoa,"https://static.www.nfl.com/image/private/f_auto,q_auto/league/eed6t5jod8zsvszrkdng"
Tim McGee,"https://static.www.nfl.com/image/private/f_auto,q_auto/league/c8y1wp9cdnrewinh80ha"
Tim Moffett,"https://static.www.nfl.com/image/private/f_auto,q_auto/league/sm6sgeme6tlqjsnatfgu"
Tim Patrick,"https://static.www.nfl.com/image/upload/f_auto,q_auto/league/hw06t7n00cfpt7euljza"
Tim Sherwin,"https://static.www.nfl.com/image/private/f_auto,q_auto/league/bvlq1hohxmehwgral0qe"
Tim Smith,"https://static.www.nfl.com/image/private/f_auto,q_auto/league/tylng4tkmttp7zmo4oi9"
Tim Spencer,"https://static.www.nfl.com/image/private/f_auto,q_auto/league/qfqn1xpxa3oafwxpxish"
Tim Stracka,"https://static.www.nfl.com/image/private/f_auto,q_auto/league/pr94ynpfdx7kwxj0gzeb"
Tim Tindale,"https://static.www.nfl.com/image/private/f_auto,q_auto/league/v9mdybz5kdy3goe3enpm"
Tim Tyrrell,"https://static.www.nfl.com/image/private/f_auto,q_auto/league/mhnd7aaaro5n4l4byzyw"
Tim White,"https://static.www.nfl.com/image/private/f_auto,q_auto/league/caxmcdcvqnix2vkutbq4"
Tim Wilson,"https://static.www.nfl.com/image/private/f_auto,q_auto/league/v3qtcmrtmwzb2cmiaqy4"
Tim Worley,"https://static.www.nfl.com/image/private/f_auto,q_auto/league/o0mpzxxl3kfvwtvmlm9z"
Tim Wright,
Tim Wrightman,"https://static.www.nfl.com/image/private/f_auto,q_auto/league/ypqpj71kmwfklilempj0"
Timmie Ware,"https://static.www.nfl.com/image/private/f_auto,q_auto/league/udbgrhv08a44omggafjl"
Timmy Brown,
Timmy Newsome,"https://static.www.nfl.com/image/private/f_auto,q_auto/league/u2dussdwpbg0qzzefiae"
Timmy Smith,"https://static.www.nfl.com/image/private/f_auto,q_auto/league/otmuakfdrvmz0p3eccpm"
Tinker Owens,"https://static.www.nfl.com/image/private/f_auto,q_auto/league/nmkz70b2rgwfcexz8tqx"
Tion Green,"https://static.www.nfl.com/image/private/f_auto,q_auto/league/i7qsig5m3dmdkubkl97k"
Tip Reiman,"https://static.www.nfl.com/image/upload/f_auto,q_auto/league/yfi3fqch6kzqrcvuptal"
Tiquan Underwood,"https://static.www.nfl.com/image/private/f_auto,q_auto/league/mlpwbwejhkpise4zhbms"
Titus Young,"https://static.www.nfl.com/image/private/f_auto,q_auto/league/jxc9mikbei0roji42nq1"
Toby Gerhart,"https://static.www.nfl.com/image/private/f_auto,q_auto/league/pne2o7x8dw3cngbahihv"
Todd Christensen,"https://static.www.nfl.com/image/private/f_auto,q_auto/league/ab7yhfyi0nbqfby476hm"
Todd Devoe,"https://static.www.nfl.com/image/private/f_auto,q_auto/league/py54yb0rosgujoyfs4tq"
Todd Fowler,"https://static.www.nfl.com/image/private/f_auto,q_auto/league/pvnsyt8szond6hsxc4t5"
Todd Frain,"https://static.www.nfl.com/image/private/f_auto,q_auto/league/fytry8unwlpcgetfyagx"
Todd Gurley,"https://static.www.nfl.com/image/private/f_auto,q_auto/league/jkqn4zynfdfvu359ygtr"
Todd Heap,"https://static.www.nfl.com/image/private/f_auto,q_auto/league/lfwhp1fevjrx1puoon94"
Todd Herremans,"https://static.www.nfl.com/image/private/f_auto,q_auto/league/cfpuccfslanowlsv1ljy"
Todd Kinchen,"https://static.www.nfl.com/image/private/f_auto,q_auto/league/ofzpgobbgutvslhy5rm9"
Todd McNair,"https://static.www.nfl.com/image/private/f_auto,q_auto/league/ybf7igjsvo9jxgsggr2n"
Todd Pinkston,"https://static.www.nfl.com/image/private/f_auto,q_auto/league/wlg06mai85zpbbtqeidv"
Todd Snyder,
Todd Spencer,"https://static.www.nfl.com/image/private/f_auto,q_auto/league/iplssdvqeyiqnam0q5ze"
Todd Watkins,"https://static.www.nfl.com/image/private/f_auto,q_auto/league/q8f7oy0ni2z7k4n5k7jw"
Todd Weiner,"https://static.www.nfl.com/image/private/f_auto,q_auto/league/c9iduyjxfqkctxmwhjml"
Todd Yoder,"https://static.www.nfl.com/image/private/f_auto,q_auto/league/xlmm7x38ijojfnpyplm8"
Toi Cook,"https://static.www.nfl.com/image/private/f_auto,q_auto/league/rm55hkkcx12zpnysxwfq"
Tom Adams,
Tom Ashworth,"https://static.www.nfl.com/image/private/f_auto,q_auto/league/mvpwyp8o0tmnl2pfyzpa"
Tom Bailey,"https://static.www.nfl.com/image/private/f_auto,q_auto/league/z21lcilchovtraojzlok"
Tom Barrington,
Tom Beer,"https://static.www.nfl.com/image/private/f_auto,q_auto/league/djcxmsx9aq4zjbou4z7o"
Tom Brady,"https://static.www.nfl.com/image/private/f_auto,q_auto/league/q7dpdlxyu5rs05rgh1le"
Tom Brown,"https://static.www.nfl.com/image/private/f_auto,q_auto/league/fa0rkbdtiqcldmbzcad1"
Tom Coombs,"https://static.www.nfl.com/image/private/f_auto,q_auto/league/jtcuskvrnrshe1cnrwlg"
Tom Crabtree,"https://static.www.nfl.com/image/private/f_auto,q_auto/league/kokygzoqcr53vac4x01c"
Tom Geredine,"https://static.www.nfl.com/image/private/f_auto,q_auto/league/hybg71pbasbnu8cwkspw"
Tom Hall,
Tom Hodson,"https://static.www.nfl.com/image/private/f_auto,q_auto/league/q374mokioypf8wbtmoyf"
Tom Hutchinson,
Tom Kennedy,"https://static.www.nfl.com/image/upload/f_auto,q_auto/league/cbpuzvde5zqalmkjo0dv"
Tom Matte,
Tom Michel,
Tom Mitchell,"https://static.www.nfl.com/image/private/f_auto,q_auto/league/qq0n82srqowon8eqmdaa"
Tom Moore,
Tom Mullady,"https://static.www.nfl.com/image/private/f_auto,q_auto/league/ipysxjvpelerongfpa2j"
Tom Nalen,"https://static.www.nfl.com/image/private/f_auto,q_auto/league/wyhctr99favissuzammg"
Tom Newton,"https://static.www.nfl.com/image/private/f_auto,q_auto/league/vrzud9a7fnj4gthvti1s"
Tom Nowatzke,
Tom Osborne,
Tom Rafferty,"https://static.www.nfl.com/image/private/f_auto,q_auto/league/gmkinpapyyazbrqcq0jc"
Tom Rathman,"https://static.www.nfl.com/image/private/f_auto,q_auto/league/x8me6wyueazg2asoz2us"
Tom Reynolds,"https://static.www.nfl.com/image/private/f_auto,q_auto/league/b9b4rec2gm6riyippj4n"
Tom Santi,"https://static.www.nfl.com/image/private/f_auto,q_auto/league/nqg5apjhmgfelxrzot0d"
Tom Sullivan,"https://static.www.nfl.com/image/private/f_auto,q_auto/league/dhplhobqihzsa2aynasi"
Tom Tracy,
Tom Waddle,"https://static.www.nfl.com/image/private/f_auto,q_auto/league/wc10tbyftvinpebptm5h"
Tom Watkins,
Tom Wittum,"https://static.www.nfl.com/image/private/f_auto,q_auto/league/fbjohytynx2ei4wpgmbg"
Tom Woodeshick,
Tommie Agee,"https://static.www.nfl.com/image/private/f_auto,q_auto/league/la6jp0ftakejeacqrdxw"
Tommie Boyd,"https://static.www.nfl.com/image/private/f_auto,q_auto/league/uv42ujwuiq4e7w8ioesh"
Tommie Stowers,"https://static.www.nfl.com/image/private/f_auto,q_auto/league/vclppgmh0rkttahmhuko"
Tommy Bohanon,"https://static.www.nfl.com/image/private/f_auto,q_auto/league/lmoesdqqzu6v8rmnyqlk"
Tommy Gallarda,"https://static.www.nfl.com/image/private/f_auto,q_auto/league/w3qlwpyi9gi35qghxsmp"
Tommy Hudson,"https://static.www.nfl.com/image/private/f_auto,q_auto/league/qjv7a2gvgt7w8voytjeb"
Tommy Kane,"https://static.www.nfl.com/image/private/f_auto,q_auto/league/qi6qktrao2otwfrqodj0"
Tommy Kramer,"https://static.www.nfl.com/image/private/f_auto,q_auto/league/a6ritwqkenxrqsrtuvfj"
Tommy Lyons,"https://static.www.nfl.com/image/private/f_auto,q_auto/league/ndgloc0yspdkbzsipk3z"
Tommy Mason,
Tommy McDonald,
Tommy Reamon,"https://static.www.nfl.com/image/private/f_auto,q_auto/league/ugbm2afiqncwq0he5fhe"
Tommy Sweeney,"https://static.www.nfl.com/image/upload/f_auto,q_auto/league/ixhp102leeriycsx1pkl"
Tommy Tremble,"https://static.www.nfl.com/image/upload/f_auto,q_auto/league/t7wjikfv09d3o1q7wjdx"
Tommy Vardell,"https://static.www.nfl.com/image/private/f_auto,q_auto/league/ceda4n4hkaigsung1g7x"
Tommy Vigorito,"https://static.www.nfl.com/image/private/f_auto,q_auto/league/ipufgt28fffwlntvk19z"
Tommy Wilson,
Tommylee Lewis,"https://static.www.nfl.com/image/private/f_auto,q_auto/league/qvf3ud6rgqusejdd4f5u"
Toney Clemons,"https://static.www.nfl.com/image/private/f_auto,q_auto/league/y7lllmhd92na6ftrk4hc"
Tony Adams,"https://static.www.nfl.com/image/upload/f_auto,q_auto/league/bhgovss7uhkszgbrfxd6"
Tony Baker,"https://static.www.nfl.com/image/private/f_auto,q_auto/league/dghj1ci7pm57ign1pilv"
Tony Benjamin,"https://static.www.nfl.com/image/private/f_auto,q_auto/league/vd2afxiqawn3e7tfjxmu"
Tony Boddie,"https://static.www.nfl.com/image/private/f_auto,q_auto/league/owjiu03jul6sf4xlnlc7"
Tony Bouie,"https://static.www.nfl.com/image/private/f_auto,q_auto/league/whtboag6yqybthxjmdhs"
Tony Carter,"https://static.www.nfl.com/image/private/f_auto,q_auto/league/sda9g8npaf7fm1t59rws"
Tony Cline,"https://static.www.nfl.com/image/private/f_auto,q_auto/league/xy9g4y3jeopsikq8rjsl"
Tony Collins,"https://static.www.nfl.com/image/private/f_auto,q_auto/league/hx74hjqlfrm4qnbcufys"
Tony Curtis,"https://static.www.nfl.com/image/private/f_auto,q_auto/league/dpg0q9yx5tgtaf3ffdbw"
Tony Davis,"https://static.www.nfl.com/image/private/f_auto,q_auto/league/d9bcsq0jotszod0qrtgi"
Tony Dollinger,"https://static.www.nfl.com/image/private/f_auto,q_auto/league/ufzzzyfgxmpwyxbvkr1y"
Tony Dorsett,"https://static.www.nfl.com/image/private/f_auto,q_auto/league/b6vvjgq2tpxrzhvwjt1y"
Tony Fiammetta,"https://static.www.nfl.com/image/private/f_auto,q_auto/league/easpuywnpdvxm2mk6ftk"
Tony Fisher,"https://static.www.nfl.com/image/private/f_auto,q_auto/league/qkkiiatu4riyomiprxzo"
Tony Galbreath,"https://static.www.nfl.com/image/private/f_auto,q_auto/league/gujudr4qtmjewh62evwq"
Tony Gladney,"https://static.www.nfl.com/image/private/f_auto,q_auto/league/udxvwi0jp2jl901u10ga"
Tony Gonzalez,"https://static.www.nfl.com/image/private/f_auto,q_auto/league/enbspvy0ahsyznomitre"
Tony Green,"https://static.www.nfl.com/image/private/f_auto,q_auto/league/duwvauaoinnvj4yvmivw"
Tony Hargain,"https://static.www.nfl.com/image/private/f_auto,q_auto/league/o1ro8efgnrkrngrx8ynz"
Tony Hill,"https://static.www.nfl.com/image/private/f_auto,q_auto/league/td7brllgcoorejhmltnj"
Tony Hollings,"https://static.www.nfl.com/image/private/f_auto,q_auto/league/arsbvo1nvdvl7pxfb7i2"
Tony Horne,"https://static.www.nfl.com/image/private/f_auto,q_auto/league/uomnpykzzuqtzzxeu3x0"
Tony Hunt,"https://static.www.nfl.com/image/private/f_auto,q_auto/league/mvrdy2fe7hxfovinzfh2"
Tony Hunter,"https://static.www.nfl.com/image/private/f_auto,q_auto/league/nsads5bngsfbomj8jlzo"
Tony Jeter,
Tony Johnson,"https://static.www.nfl.com/image/private/f_auto,q_auto/league/x5jodidltkl7ycfnwheo"
Tony Jones,"https://static.www.nfl.com/image/private/f_auto,q_auto/league/cgvll8lokulmws98olfa"
Tony Jordan,"https://static.www.nfl.com/image/private/f_auto,q_auto/league/u5wqbphdxhga4l8wxcz4"
Tony Kimbrough,"https://static.www.nfl.com/image/private/f_auto,q_auto/league/tozyj7nqqntcwtowma8x"
Tony Lorick,
Tony Martin,"https://static.www.nfl.com/image/private/f_auto,q_auto/league/l9korpxwgeiywt6nivla"
Tony McGee,"https://static.www.nfl.com/image/private/f_auto,q_auto/league/j9hshc2q2643xubvkpgf"
Tony Moeaki,"https://static.www.nfl.com/image/private/f_auto,q_auto/league/xaljrbv8thyikf9ygeyt"
Tony Nathan,"https://static.www.nfl.com/image/private/f_auto,q_auto/league/zxs41bvgv51zokfcucrc"
Tony Paige,"https://static.www.nfl.com/image/private/f_auto,q_auto/league/ffe7gawlhgdztxidgkfk"
Tony Pollard,"https://static.www.nfl.com/image/upload/f_auto,q_auto/league/mb2xdrqiys6ktlcuah2n"
Tony Reed,"https://static.www.nfl.com/image/private/f_auto,q_auto/league/hdzov7ptwpapgucfentb"
Tony Richardson,"https://static.www.nfl.com/image/private/f_auto,q_auto/league/zi4cb4stok9qe9mwadmn"
Tony Romo,"https://static.www.nfl.com/image/private/f_auto,q_auto/league/rdgaxf7djip2ovlkeqjk"
Tony Samuels,"https://static.www.nfl.com/image/private/f_auto,q_auto/league/or0ity2zsgc2h0ghnjyb"
Tony Scheffler,"https://static.www.nfl.com/image/private/f_auto,q_auto/league/bvrobiivrbwh25wjlhff"
Tony Simmons,"https://static.www.nfl.com/image/private/f_auto,q_auto/league/chaklro2qei00a0vg4y1"
Tony Smith,"https://static.www.nfl.com/image/private/f_auto,q_auto/league/dqgan8jgcbn4aissvplr"
Tony Stewart,"https://static.www.nfl.com/image/private/f_auto,q_auto/league/fmhxtotsvsm9sbwaohsp"
Tony Sweet,"https://static.www.nfl.com/image/private/f_auto,q_auto/league/uvea2tka8kmkolvqmj8s"
Tony Washington,"https://static.www.nfl.com/image/private/f_auto,q_auto/league/v7m1hggbznecn6xkqoac"
Tony Woodruff,"https://static.www.nfl.com/image/private/f_auto,q_auto/league/rujpceniquiyazujes4i"
Topper Clemons,"https://static.www.nfl.com/image/private/f_auto,q_auto/league/zcu5qp6crfhgfqovyq0k"
Tori Gurley,"https://static.www.nfl.com/image/private/f_auto,q_auto/league/tnhvvabbrffhwgaaefbk"
Torrance Small,"https://static.www.nfl.com/image/private/f_auto,q_auto/league/qxbzc6vtbzgblualfdhg"
Torrey Smith,"https://static.www.nfl.com/image/private/f_auto,q_auto/league/sqvbn4ybxagyfwva3i51"
Torry Holt,"https://static.www.nfl.com/image/private/f_auto,q_auto/league/y7nfvf7fw2xznh3e1rbt"
Tory Horton,"https://static.www.nfl.com/image/upload/f_auto,q_auto/league/lmsun4qzmk1rkgt4kw76"
Tory Humphrey,"https://static.www.nfl.com/image/private/f_auto,q_auto/league/qlbftksy3qd8mecakjpd"
Tory Woodbury,"https://static.www.nfl.com/image/private/f_auto,q_auto/league/titxqkw2ixrlodjcqivm"
Toussaint Tyler,"https://static.www.nfl.com/image/private/f_auto,q_auto/league/ogogeb1cnn2btswwk5de"
Tracy Greene,"https://static.www.nfl.com/image/private/f_auto,q_auto/league/rzakwstei5hc8gdohtsz"
Tracy Johnson,"https://static.www.nfl.com/image/private/f_auto,q_auto/league/iztemgiw80p2d0i7f4h9"
Tracy Porter,"https://static.www.nfl.com/image/private/f_auto,q_auto/league/fdedsx2kzndlrdohtdsi"
Travaris Cadet,"https://static.www.nfl.com/image/private/f_auto,q_auto/league/gj0pjzj0zzefpabtuki1"
Travis Beckum,"https://static.www.nfl.com/image/private/f_auto,q_auto/league/cuczipjmjbl2vuziaw2c"
Travis Benjamin,"https://static.www.nfl.com/image/private/f_auto,q_auto/league/io9silocxbywvisvcvpx"
Travis Etienne,"https://static.www.nfl.com/image/upload/f_auto,q_auto/league/pwko5dybmjie8qqo4qz2"
Travis Fulgham,"https://static.www.nfl.com/image/private/f_auto,q_auto/league/xe4kdnx9a9p9735nhwh5"
Travis Hannah,"https://static.www.nfl.com/image/private/f_auto,q_auto/league/bbeh9qm9woxw8fpaens6"
Travis Henry,"https://static.www.nfl.com/image/private/f_auto,q_auto/league/izgeshdazx2tv7o4g9nb"
Travis Homer,"https://static.www.nfl.com/image/upload/f_auto,q_auto/league/dyyclvfaagspov2ydf3i"
Travis Hunter,"https://static.www.nfl.com/image/upload/f_auto,q_auto/league/absw1gfqoiztajjagmf6"
Travis Jervey,"https://static.www.nfl.com/image/private/f_auto,q_auto/league/k3skuauokzyykhxxyyxe"
Travis Kelce,"https://static.www.nfl.com/image/upload/f_auto,q_auto/league/dpxovcfku6ud2aohgf6a"
Travis McGriff,"https://static.www.nfl.com/image/private/f_auto,q_auto/league/lnpuuffwaobhsejwmd2a"
Travis McNeal,"https://static.www.nfl.com/image/private/f_auto,q_auto/league/owztvhlvgf1ylnnw5bzn"
Travis Minor,"https://static.www.nfl.com/image/private/f_auto,q_auto/league/k8vrb6ttr62ebieqpqxl"
Travis Prentice,"https://static.www.nfl.com/image/private/f_auto,q_auto/league/rmndls9vaioucbm1jxun"
Travis Rudolph,"https://static.www.nfl.com/image/private/f_auto,q_auto/league/o0iahve7ehmall8yuskh"
Travis Stephens,"https://static.www.nfl.com/image/private/f_auto,q_auto/league/qhvo0h6lgz1xsa760x5j"
Travis Taylor,"https://static.www.nfl.com/image/private/f_auto,q_auto/league/yoveh1q3dd3i3uqhsjlr"
Travis Tucker,"https://static.www.nfl.com/image/private/f_auto,q_auto/league/xxmsn8audvhwztiygfvn"
Travis Williams,"https://static.www.nfl.com/image/private/f_auto,q_auto/league/ombwfgnnwvgsb8sxj1bq"
Travis Wilson,"https://static.www.nfl.com/image/private/f_auto,q_auto/league/nlzfpcukzhqcpccrqadw"
Trayveon Williams,"https://static.www.nfl.com/image/upload/f_auto,q_auto/league/zwei0idpruplnhlmpfkr"
Tre Harris,"https://static.www.nfl.com/image/upload/f_auto,q_auto/league/v5ofh8jggzo8rygtpwl7"
Tre Madden,"https://static.www.nfl.com/image/private/f_auto,q_auto/league/gxkbbtamw8l5tpecbssm"
Tre Mason,"https://static.www.nfl.com/image/private/f_auto,q_auto/league/cw8firtuyeicpwskyqfz"
Tre McBride,"https://static.www.nfl.com/image/private/f_auto,q_auto/league/gxiebdueieuygbu3b14z"
Tre Tucker,"https://static.www.nfl.com/image/upload/f_auto,q_auto/league/hazzk3hrcequzosdgzgv"
Tre' McKitty,"https://static.www.nfl.com/image/upload/f_auto,q_auto/league/hcsuglnch88wtxp9emcv"
Tre'Quan Smith,"https://static.www.nfl.com/image/upload/f_auto,q_auto/league/tlpyarxwfw6jue0m0e0o"
TreVeyon Henderson,"https://static.www.nfl.com/image/upload/f_auto,q_auto/league/ebcjvwytgu2y4kqm8ihv"
Tremayne Allen,"https://static.www.nfl.com/image/private/f_auto,q_auto/league/xv0rkpaz7lt41bdc135l"
Tremayne Stephens,"https://static.www.nfl.com/image/private/f_auto,q_auto/league/mltue6thksyznijhn6wy"
Trent Dilfer,"https://static.www.nfl.com/image/private/f_auto,q_auto/league/ssbi0ektdltubjtxsbvv"
Trent Green,"https://static.www.nfl.com/image/private/f_auto,q_auto/league/pwsxlc2rah1aqy1tnbsb"
Trent Richardson,"https://static.www.nfl.com/image/private/f_auto,q_auto/league/e8vkwxe73kj1p4v1ij5e"
Trent Scott,"https://static.www.nfl.com/image/upload/f_auto,q_auto/league/lezvaysssxuvaprswxyk"
Trent Sherfield,"https://static.www.nfl.com/image/upload/f_auto,q_auto/league/iiig88xbj5zeau59ifvv"
Trent Smith,"https://static.www.nfl.com/image/private/f_auto,q_auto/league/uenu2ksng4zfinnpp1sr"
Trent Taylor,"https://static.www.nfl.com/image/upload/f_auto,q_auto/league/ei3usgh5l8gikdvksulr"
Trenton Cannon,"https://static.www.nfl.com/image/private/f_auto,q_auto/league/hkpxcipgs7jtgdwpkjel"
Trenton Irwin,"https://static.www.nfl.com/image/upload/f_auto,q_auto/league/xqipuwaysjsl9xhtqblt"
Trestan Ebner,"https://static.www.nfl.com/image/private/f_auto,q_auto/league/c7caisxuupzlxa0vxlln"
Trevon Wesco,"https://static.www.nfl.com/image/private/f_auto,q_auto/league/ptq3iidy6uyg3f31gjl5"
Trevor Davis,"https://static.www.nfl.com/image/private/f_auto,q_auto/league/hinncjtjusiowdpefuj6"
Trevor Etienne,"https://static.www.nfl.com/image/upload/f_auto,q_auto/league/pcuzq84x7ia5yvmikltb"
Trevor Gaylor,"https://static.www.nfl.com/image/private/f_auto,q_auto/league/c13hyt5mxyxfkqj9gore"
Trevor Insley,"https://static.www.nfl.com/image/private/f_auto,q_auto/league/woncgbaohlsfmxzlx7ek"
Trevor Matich,"https://static.www.nfl.com/image/private/f_auto,q_auto/league/ehdlxdl1nochu52joglr"
Trey Benson,"https://static.www.nfl.com/image/upload/f_auto,q_auto/league/liruc5jotnsi4ue9p9yx"
Trey Burton,"https://static.www.nfl.com/image/private/f_auto,q_auto/league/e6bbycxlctitztfk7jjl"
Trey Edmunds,"https://static.www.nfl.com/image/private/f_auto,q_auto/league/xuzfvi2xmfnlkmlbqun3"
Trey Junkin,"https://static.www.nfl.com/image/private/f_auto,q_auto/league/coo5knlaa6axzkrzq2rs"
Trey McBride,"https://static.www.nfl.com/image/upload/f_auto,q_auto/league/psasp10nn5pcvkli9kil"
Trey Palmer,"https://static.www.nfl.com/image/upload/f_auto,q_auto/league/cdtzofb5u510xjh08qr4"
Trey Quinn,"https://static.www.nfl.com/image/private/f_auto,q_auto/league/ln6e9abuw9gjvaqjwltw"
Trey Ragas,"https://static.www.nfl.com/image/private/f_auto,q_auto/league/dxx9omigqswqm8irxgzh"
Trey Sermon,"https://static.www.nfl.com/image/upload/f_auto,q_auto/league/eqhl3xiczodsyqlmsxvr"
Trey Watts,"https://static.www.nfl.com/image/private/f_auto,q_auto/league/dme8ddvrfgpnq53ywdzg"
Treylon Burks,"https://static.www.nfl.com/image/upload/f_auto,q_auto/league/bmozbzdxgnnwdniuvgnn"
Triandos Luke,"https://static.www.nfl.com/image/private/f_auto,q_auto/league/eluftlovx2zdwsdxia7f"
Trinity Benson,"https://static.www.nfl.com/image/private/f_auto,q_auto/league/ieftt22eccs8cjnodaxb"
Trishton Jackson,"https://static.www.nfl.com/image/upload/f_auto,q_auto/league/i0cz4kudel7ofcsgafn8"
Tristan Wirfs,"https://static.www.nfl.com/image/upload/f_auto,q_auto/league/j1gwbrodzkkdaqlpyqml"
Troy Aikman,"https://static.www.nfl.com/image/private/f_auto,q_auto/league/skagdrvhtf6ywlxwlrou"
Troy Bienemann,"https://static.www.nfl.com/image/private/f_auto,q_auto/league/wjwn0apitmeuyp1t4itr"
Troy Brown,"https://static.www.nfl.com/image/private/f_auto,q_auto/league/tejmydwbvuqydw2w3dd2"
Troy Davis,"https://static.www.nfl.com/image/private/f_auto,q_auto/league/smqe3fz4fnjcbn8w5jeu"
Troy Drayton,"https://static.www.nfl.com/image/private/f_auto,q_auto/league/jfnf25aqe7nvghvvj3hq"
Troy Edwards,"https://static.www.nfl.com/image/private/f_auto,q_auto/league/zmoyydlwwxbfwhyidp0o"
Troy Fleming,"https://static.www.nfl.com/image/private/f_auto,q_auto/league/q1pxhqv502knkwwnvkhx"
Troy Franklin,"https://static.www.nfl.com/image/upload/f_auto,q_auto/league/wgfbgxjntyqzojpizgaj"
Troy Fumagalli,"https://static.www.nfl.com/image/private/f_auto,q_auto/league/ec3s3n119ph0se5reacd"
Troy Hairston,"https://static.www.nfl.com/image/upload/f_auto,q_auto/league/niy18wy5q5gpnara4xyn"
Troy Hambrick,"https://static.www.nfl.com/image/private/f_auto,q_auto/league/bo2zhv6axwvce6mb0g5l"
Troy Johnson,"https://static.www.nfl.com/image/private/f_auto,q_auto/league/rfubwezgdpwzarv8ejyd"
Troy Kyles,"https://static.www.nfl.com/image/private/f_auto,q_auto/league/sbvu2qx90byxs2duplay"
Troy Niklas,"https://static.www.nfl.com/image/private/f_auto,q_auto/league/cfkufqkxuqf9htsyqfxj"
Troy Sadowski,"https://static.www.nfl.com/image/private/f_auto,q_auto/league/bemwuijz63aq6vfnjxwz"
Troy Smith,"https://static.www.nfl.com/image/private/f_auto,q_auto/league/pb3uoxbwhvmoazgjn9xu"
Troy Stradford,"https://static.www.nfl.com/image/private/f_auto,q_auto/league/mb82fgilnwwzuehmkxgo"
Troy Walters,"https://static.www.nfl.com/image/private/f_auto,q_auto/league/twi6fbjhr0jtryxc082x"
Troy Williamson,"https://static.www.nfl.com/image/private/f_auto,q_auto/league/ws7mfewaatqhoa8qemqv"
Troymaine Pope,"https://static.www.nfl.com/image/private/f_auto,q_auto/league/fujudm8wbskhxjn50mv3"
Trumaine Johnson,"https://static.www.nfl.com/image/private/f_auto,q_auto/league/o2twkcsxehbplwaq6d0y"
Trung Canidate,"https://static.www.nfl.com/image/private/f_auto,q_auto/league/jp8jcdprbs7mkjoizud3"
Tucker Fisk,"https://static.www.nfl.com/image/upload/f_auto,q_auto/league/yqaco04wjatmxlmxpq1y"
Tucker Frederickson,
Tucker Kraft,"https://static.www.nfl.com/image/upload/f_auto,q_auto/league/n6vu44jbq31rydoaadaq"
Tutu Atwell,"https://static.www.nfl.com/image/upload/f_auto,q_auto/league/tl2aa9ucbtcwhr1yk3tf"
Ty Chandler,"https://static.www.nfl.com/image/upload/f_auto,q_auto/league/dmprsfd75phecgmbkf4l"
Ty Hallock,"https://static.www.nfl.com/image/private/f_auto,q_auto/league/zl6mlfofayl7kbpmljir"
Ty Johnson,"https://static.www.nfl.com/image/upload/f_auto,q_auto/league/zruhihypizhtgpvsaj3c"
Ty Montgomery,"https://static.www.nfl.com/image/private/f_auto,q_auto/league/eagn4fvhnc9cp3wxeqoz"
Ty Sambrailo,"https://static.www.nfl.com/image/private/f_auto,q_auto/league/rzx2kzsxlbhmzevaekzp"
Ty'Son Williams,"https://static.www.nfl.com/image/private/f_auto,q_auto/league/ucxy1zbyppgm62iyvrdr"
Tydus Winans,"https://static.www.nfl.com/image/private/f_auto,q_auto/league/gjw4ha1kd0ue1wq4w4mz"
Tyjae Spears,"https://static.www.nfl.com/image/upload/f_auto,q_auto/league/pkly3nkohty1tuijtwty"
Tyji Armstrong,"https://static.www.nfl.com/image/private/f_auto,q_auto/league/vaxhwyijo5sppzpzrmp3"
Tylan Wallace,"https://static.www.nfl.com/image/upload/f_auto,q_auto/league/rifnnpeub6okv41offnd"
Tyler Allgeier,"https://static.www.nfl.com/image/upload/f_auto,q_auto/league/sp9lhhmpv4qy3xy2msxd"
Tyler Badie,"https://static.www.nfl.com/image/upload/f_auto,q_auto/league/ghhul5piv9vzeih6atsj"
Tyler Boyd,"https://static.www.nfl.com/image/upload/f_auto,q_auto/league/ttifog0hjxprlhkagugu"
Tyler Clutts,"https://static.www.nfl.com/image/private/f_auto,q_auto/league/a1knpd9e7x4pxech8xhg"
Tyler Conklin,"https://static.www.nfl.com/image/upload/f_auto,q_auto/league/knjuzxnzsfjxwcjxp5en"
Tyler Davis,"https://static.www.nfl.com/image/upload/f_auto,q_auto/league/awihnovccbawpaof5pva"
Tyler Eifert,"https://static.www.nfl.com/image/private/f_auto,q_auto/league/nibaefmxxjry7zca415v"
Tyler Ervin,"https://static.www.nfl.com/image/private/f_auto,q_auto/league/sntwf66d9yogl1mdxprt"
Tyler Goodson,"https://static.www.nfl.com/image/upload/f_auto,q_auto/league/zqmesi6fwv82lhfzlht6"
Tyler Grisham,"https://static.www.nfl.com/image/private/f_auto,q_auto/league/yjdlm7pqe38nxvitzq8e"
Tyler Higbee,"https://static.www.nfl.com/image/upload/f_auto,q_auto/league/x1d4osiefibd04df6gow"
Tyler Johnson,"https://static.www.nfl.com/image/upload/f_auto,q_auto/league/wvdkhxotikdvohhaypee"
Tyler Kroft,"https://static.www.nfl.com/image/private/f_auto,q_auto/league/ztko1uhl01ebiutefibj"
Tyler Lockett,"https://static.www.nfl.com/image/upload/f_auto,q_auto/league/gyhvviyep9iigeaobxmi"
Tyler Mabry,"https://static.www.nfl.com/image/upload/f_auto,q_auto/league/gg1gcamqt7wf2dppmmcq"
Tyler Murphy,"https://static.www.nfl.com/image/private/f_auto,q_auto/league/vibrpfk10d0t8zlpsc8j"
Tyler Scott,"https://static.www.nfl.com/image/upload/f_auto,q_auto/league/lmtqp0nnsglmo6ypp1ec"
Tyler Smith,"https://static.www.nfl.com/image/upload/f_auto,q_auto/league/gdosyozck6qewvzmpag2"
Tyler Thigpen,"https://static.www.nfl.com/image/private/f_auto,q_auto/league/t5hyo9kscmesf9ymrsnd"
Tyler Varga,"https://static.www.nfl.com/image/private/f_auto,q_auto/league/p0iora9terrvucx0qpax"
Tyler Warren,"https://static.www.nfl.com/image/upload/f_auto,q_auto/league/f1mfwwrr3qvnxuiackgq"
Tyquan Thornton,"https://static.www.nfl.com/image/upload/f_auto,q_auto/league/bjqzuempyiwxe0hl7e5a"
Tyree Davis,"https://static.www.nfl.com/image/private/f_auto,q_auto/league/a1h2cnedne1uwtoghjdi"
Tyree Jackson,"https://static.www.nfl.com/image/upload/f_auto,q_auto/league/wqy8qk8uznsw4mn206rv"
Tyreek Hill,"https://static.www.nfl.com/image/upload/f_auto,q_auto/league/gg73gnfivrn80oyqwazl"
Tyrell Shavers,"https://static.www.nfl.com/image/upload/f_auto,q_auto/league/r9nabownt8mbqlj730su"
Tyrell Sutton,"https://static.www.nfl.com/image/private/f_auto,q_auto/league/dal8nxez80fnrbcnan5f"
Tyrell Williams,"https://static.www.nfl.com/image/private/f_auto,q_auto/league/qixhze7yidydtc1vyeih"
Tyrie Cleveland,"https://static.www.nfl.com/image/upload/f_auto,q_auto/league/dwoxtowzkymitmazn07e"
Tyrod Taylor,"https://static.www.nfl.com/image/upload/f_auto,q_auto/league/whpztm9akd7yefplp37r"
Tyron Johnson,"https://static.www.nfl.com/image/private/f_auto,q_auto/league/vrm7fxgx1p0cdabbo7ce"
Tyrone Anthony,
Tyrone Brown,"https://static.www.nfl.com/image/private/f_auto,q_auto/league/cydokgaqdieybgtntgod"
Tyrone Calico,"https://static.www.nfl.com/image/private/f_auto,q_auto/league/rk4paepzucsibttl2brf"
Tyrone Davis,"https://static.www.nfl.com/image/private/f_auto,q_auto/league/kjuq3p6bj8jbwcc52j2e"
Tyrone Hughes,"https://static.www.nfl.com/image/private/f_auto,q_auto/league/lslr715dvw2ayivfix4n"
Tyrone Montgomery,"https://static.www.nfl.com/image/private/f_auto,q_auto/league/pnmo1ieo7z54ptaihwod"
Tyrone Swoopes,"https://static.www.nfl.com/image/private/f_auto,q_auto/league/pv7lvlflrpakshx1hff2"
Tyrone Tracy Jr.,"https://static.www.nfl.com/image/upload/f_auto,q_auto/league/b9nje50lohbprf06xoom"
Tyrone Wheatley,"https://static.www.nfl.com/image/private/f_auto,q_auto/league/smwuwye6q5fxpskqc5kk"
Tyrone Williams,"https://static.www.nfl.com/image/private/f_auto,q_auto/league/srrye8xwjyo4tsxidlog"
Tyrone Young,"https://static.www.nfl.com/image/private/f_auto,q_auto/league/cbqo2w2bljp0uljb1lmc"
Tyson Alualu,"https://static.www.nfl.com/image/private/f_auto,q_auto/league/wz7lyukjawvr7xfdszmb"
Tyson Thompson,"https://static.www.nfl.com/image/private/f_auto,q_auto/league/ssakrcg2pwr60dq4dgge"
Tywan Mitchell,"https://static.www.nfl.com/image/private/f_auto,q_auto/league/frl3wdlpj0rsm6y5daoq"
Ulysses Norris,"https://static.www.nfl.com/image/private/f_auto,q_auto/league/jyn0agpdtkuewzs79wfd"
Vagas Ferguson,"https://static.www.nfl.com/image/private/f_auto,q_auto/league/h58dbxudwugtbakla6sh"
Vai Sikahema,"https://static.www.nfl.com/image/private/f_auto,q_auto/league/y7lwo59fjqtax5bamfzs"
Van Green,"https://static.www.nfl.com/image/private/f_auto,q_auto/league/xcgpjb3jjv9gngixqnwz"
Van Jefferson,"https://static.www.nfl.com/image/upload/f_auto,q_auto/league/inwxk1xlvzculj8m3pah"
Van Waiters,"https://static.www.nfl.com/image/private/f_auto,q_auto/league/inv9jc50c1ve19t44nca"
Van Williams,"https://static.www.nfl.com/image/private/f_auto,q_auto/league/lx1fy9j0ueojmmwq8pqn"
Vance Johnson,"https://static.www.nfl.com/image/private/f_auto,q_auto/league/iry5euay1egcjgascqxi"
Vance McDonald,"https://static.www.nfl.com/image/private/f_auto,q_auto/league/apafzol1dcqu56cqotv9"
Vance Mueller,"https://static.www.nfl.com/image/private/f_auto,q_auto/league/ha3epaupphmnyckixcef"
Vaughn Dunbar,"https://static.www.nfl.com/image/private/f_auto,q_auto/league/ygvs99oprnmizyggjwtv"
Vaughn Hebron,"https://static.www.nfl.com/image/private/f_auto,q_auto/league/hvbx49pkdkklvtvmrxz5"
Vederian Lowe,"https://static.www.nfl.com/image/upload/f_auto,q_auto/league/ihqeka8g0xhjacqhkj0i"
Velus Jones Jr.,"https://static.www.nfl.com/image/upload/f_auto,q_auto/league/d4y5fxivhcxk34q7stpb"
Veno Belk,"https://static.www.nfl.com/image/private/f_auto,q_auto/league/fdm2vsxbknbgwr8owery"
Ventell Bryant,"https://static.www.nfl.com/image/private/f_auto,q_auto/league/ive2ltoktzpfso5mk0k0"
Vern Burke,
Vern Den Herder,"https://static.www.nfl.com/image/private/f_auto,q_auto/league/alkii0kewaao1pjh1bff"
Vernand Morency,"https://static.www.nfl.com/image/private/f_auto,q_auto/league/b10fmvvqsjncmmzc5r6g"
Vernon Davis,"https://static.www.nfl.com/image/private/f_auto,q_auto/league/so5ywayfeeu4zeijln5m"
Vernon Joines,"https://static.www.nfl.com/image/private/f_auto,q_auto/league/ij2djtycxjmhw9qpjjmm"
Vernon Turner,"https://static.www.nfl.com/image/private/f_auto,q_auto/league/hs3lfwhbzxzqqczcfbkq"
Verran Tucker,"https://static.www.nfl.com/image/private/f_auto,q_auto/league/ij6npgcie0ml3t9uhuqd"
Verron Haynes,"https://static.www.nfl.com/image/private/f_auto,q_auto/league/fqosaco2or1em2lxslqk"
Vic Nyvall,
Vic Washington,"https://static.www.nfl.com/image/private/f_auto,q_auto/league/q69ypyoigbk6ahcintyw"
Vick Ballard,"https://static.www.nfl.com/image/private/f_auto,q_auto/league/uggql1lgrwzanbof6mfd"
Vick King,"https://static.www.nfl.com/image/private/f_auto,q_auto/league/bizv66zpquahisbw2pld"
Vickey Ray Anderson,"https://static.www.nfl.com/image/private/f_auto,q_auto/league/my6vyq9jue5fvgino5bl"
Victor Bailey,"https://static.www.nfl.com/image/private/f_auto,q_auto/league/ljcvleziwqtngosuyveo"
Victor Cruz,"https://static.www.nfl.com/image/private/f_auto,q_auto/league/q15bky6cm2stbiy0zafu"
Victor Floyd,"https://static.www.nfl.com/image/private/f_auto,q_auto/league/s8z2lxr9beualvalzt2x"
Victor Hicks,"https://static.www.nfl.com/image/private/f_auto,q_auto/league/iydl1ibjd8mh5uupvfr3"
Victor Jones,"https://static.www.nfl.com/image/private/f_auto,q_auto/league/gxxp6oxf7gnzq0hlysrm"
Victor Oatis,"https://static.www.nfl.com/image/private/f_auto,q_auto/league/woxk0jbfpqrjymyozkjp"
Vince Clements,
Vince Costello,
Vince Heflin,"https://static.www.nfl.com/image/private/f_auto,q_auto/league/x2mtwrz0clw4irwm9vd5"
Vince Kendrick,"https://static.www.nfl.com/image/private/f_auto,q_auto/league/imc0nrawfivpgceqm3mb"
Vince Kinney,"https://static.www.nfl.com/image/private/f_auto,q_auto/league/mu85ojfamssoh95ojky2"
Vince Manuwai,"https://static.www.nfl.com/image/private/f_auto,q_auto/league/eizpqttpspt3owemmurg"
Vince Marrow,"https://static.www.nfl.com/image/private/f_auto,q_auto/league/i4w3rsvd46gf4ewhebkm"
Vince Papale,"https://static.www.nfl.com/image/private/f_auto,q_auto/league/oy3rrs1hr2v7gsfcbbgd"
Vince Thompson,"https://static.www.nfl.com/image/private/f_auto,q_auto/league/leeahazs4s1zwrcmqevd"
Vince Williams,"https://static.www.nfl.com/image/private/f_auto,q_auto/league/ujgpyszjjmo6awfxhfrl"
Vince Workman,"https://static.www.nfl.com/image/private/f_auto,q_auto/league/n3iheijxycquka3ojxmj"
Vincent Alexander,"https://static.www.nfl.com/image/private/f_auto,q_auto/league/e1osndjwn5gn5mdgr1wf"
Vincent Brisby,"https://static.www.nfl.com/image/private/f_auto,q_auto/league/xiwrg1cbpripmsaasofi"
Vincent Brown,"https://static.www.nfl.com/image/private/f_auto,q_auto/league/oh5svrazghe5xnwz5jpw"
Vincent Jackson,"https://static.www.nfl.com/image/private/f_auto,q_auto/league/kdquag2thcfulvrs0cbz"
Vinny Sutherland,"https://static.www.nfl.com/image/private/f_auto,q_auto/league/riehcvk9mu3foyxv67fx"
Vinny Testaverde,"https://static.www.nfl.com/image/private/f_auto,q_auto/league/yebpzovaiscoksnjnq6x"
Virgil Green,"https://static.www.nfl.com/image/private/f_auto,q_auto/league/ic5ifab8fb39m4e9el3n"
Virgil Robinson,
Virgil Seay,"https://static.www.nfl.com/image/private/f_auto,q_auto/league/lgj3wnhzdcysxupr62yb"
Visanthe Shiancoe,"https://static.www.nfl.com/image/private/f_auto,q_auto/league/bjsxsxconihfsvqn4osy"
Vita Vea,"https://static.www.nfl.com/image/upload/f_auto,q_auto/league/dbumwcqqltdqv9pxkno0"
Vonta Leach,"https://static.www.nfl.com/image/private/f_auto,q_auto/league/n9zjncpra3ifhujp6fum"
Vyncint Smith,"https://static.www.nfl.com/image/private/f_auto,q_auto/league/jjwvixdxj0lapvuqwbz9"
Vyto Kab,"https://static.www.nfl.com/image/private/f_auto,q_auto/league/n9eafxj0tdlcvkcpsiwf"
Waddell Smith,"https://static.www.nfl.com/image/private/f_auto,q_auto/league/mgef4ntoip8x4barp5ne"
Wade Manning,"https://static.www.nfl.com/image/private/f_auto,q_auto/league/pwuxhod48rfnsm8v96wg"
Wade Russell,"https://static.www.nfl.com/image/private/f_auto,q_auto/league/wzjfbaq1fu90cwc4sb0b"
Wali Lundy,"https://static.www.nfl.com/image/private/f_auto,q_auto/league/w3b36wn9bzkfld9cxqmk"
Walker Gillette,"https://static.www.nfl.com/image/private/f_auto,q_auto/league/jaqrdaofotswttfgkckk"
Wallace Francis,
Wallace Wright,"https://static.www.nfl.com/image/private/f_auto,q_auto/league/mwxiq2gjxb7rtm5vsseu"
Wally Henry,"https://static.www.nfl.com/image/private/f_auto,q_auto/league/xdgryklppqgepg71lpvk"
Walt Arnold,"https://static.www.nfl.com/image/private/f_auto,q_auto/league/igfwjyq3r76sivzxhozz"
Walt Easley,"https://static.www.nfl.com/image/private/f_auto,q_auto/league/gwllajqeviivruhduxgs"
Walt Garrison,"https://static.www.nfl.com/image/private/f_auto,q_auto/league/z8ortpvkywnrdhzowh37"
Walt Kowalczyk,
Walt Powell,"https://static.www.nfl.com/image/private/f_auto,q_auto/league/va4atmsx7cdryh9lchty"
Walter Abercrombie,"https://static.www.nfl.com/image/private/f_auto,q_auto/league/pydzhyktsi8fx5mxiybr"
Walter Broughton,"https://static.www.nfl.com/image/private/f_auto,q_auto/league/r6hasvsbcp2wl7xraflr"
Walter Landers,
Walter Murray,"https://static.www.nfl.com/image/private/f_auto,q_auto/league/weioojbgt9swkwdetn7n"
Walter Payton,"https://static.www.nfl.com/image/private/f_auto,q_auto/league/yjatyzmf5yhgs0v9qcze"
Walter Rasby,"https://static.www.nfl.com/image/private/f_auto,q_auto/league/zveh1bcbq3x9d72pc2ba"
Walter Reeves,"https://static.www.nfl.com/image/private/f_auto,q_auto/league/rct8e2y47enj2vxuzr3a"
Walter Roberts,
Walter Stanley,"https://static.www.nfl.com/image/private/f_auto,q_auto/league/rjv604y1l7b0vtrs5clv"
Walter Tullis,"https://static.www.nfl.com/image/private/f_auto,q_auto/league/re5gqam3cj7lzmixnxz0"
Walter White,"https://static.www.nfl.com/image/private/f_auto,q_auto/league/yaw6cgnjdekgpnaefh0t"
Walter Williams,"https://static.www.nfl.com/image/private/f_auto,q_auto/league/zdn0byex56tlbw5rtbjo"
Walter Wilson,"https://static.www.nfl.com/image/private/f_auto,q_auto/league/wdvqrayciw1m3ri6j8ri"
Walter Young,"https://static.www.nfl.com/image/private/f_auto,q_auto/league/bmrlyj6p4eit9mnmkwwr"
Wan'Dale Robinson,"https://static.www.nfl.com/image/upload/f_auto,q_auto/league/yzcvyhmilvxedfjfjglc"
Wane McGarity,"https://static.www.nfl.com/image/private/f_auto,q_auto/league/bbsmmtduroju7wttkx5f"
Wanya Morris,"https://static.www.nfl.com/image/upload/f_auto,q_auto/league/y2bvxkfybapdxszjuhju"
Ward Walsh,
Warren Bankston,"https://static.www.nfl.com/image/private/f_auto,q_auto/league/hckwl9drmvpbpfmtg5gc"
Warren McVea,
Warren Sapp,"https://static.www.nfl.com/image/private/f_auto,q_auto/league/vy7oxarkyorx4f2d9w0o"
Warren Wells,
Warren Williams,"https://static.www.nfl.com/image/private/f_auto,q_auto/league/zuufsuwmctsvrjkb5jrr"
Warrick Dunn,"https://static.www.nfl.com/image/private/f_auto,q_auto/league/g5mn0hydlozzo7cuasg8"
Wayne Capers,"https://static.www.nfl.com/image/private/f_auto,q_auto/league/ucnitles8qhycu1thxvr"
Wayne Chrebet,"https://static.www.nfl.com/image/private/f_auto,q_auto/league/lcdhmtmk5j8jbvesqyn0"
Wayne Coffey,"https://static.www.nfl.com/image/private/f_auto,q_auto/league/sm3t86r22ftbb8r8ghpa"
Wayne Gallman,"https://static.www.nfl.com/image/private/f_auto,q_auto/league/zrc9lbsy94hxanrf5voo"
Wayne Morris,"https://static.www.nfl.com/image/private/f_auto,q_auto/league/umwehsy0v9ysvgqydbic"
Wayne Patrick,
Wayne Stewart,"https://static.www.nfl.com/image/private/f_auto,q_auto/league/stdibmmiv5v7z5owz2vl"
Wayne Walker,"https://static.www.nfl.com/image/private/f_auto,q_auto/league/dknu5oygmwphgsfc5vwz"
Wayne Wheeler,"https://static.www.nfl.com/image/private/f_auto,q_auto/league/w2xjmkkjhhraalobpizh"
Wayne Wilson,"https://static.www.nfl.com/image/private/f_auto,q_auto/league/qwc0jsq0iawmb7r4zh15"
Webster Slaughter,"https://static.www.nfl.com/image/private/f_auto,q_auto/league/pvtykqojznih7slz5cag"
Weegie Thompson,"https://static.www.nfl.com/image/private/f_auto,q_auto/league/qhnqqxlv0xjnlraz0azn"
Wendall Gaines,"https://static.www.nfl.com/image/private/f_auto,q_auto/league/ee3jpvza0twqsyiig7wd"
Wendall Williams,"https://static.www.nfl.com/image/private/f_auto,q_auto/league/jdjcwiz5tcwcnxy7j41k"
Wendell Davis,"https://static.www.nfl.com/image/private/f_auto,q_auto/league/pqnize5xe4iiopxscwch"
Wendell Hayes,"https://static.www.nfl.com/image/private/f_auto,q_auto/league/zagc9ynhbfddt0v2nupa"
Wendell Smallwood,"https://static.www.nfl.com/image/private/f_auto,q_auto/league/r20rhl0c17ql8dtnl5kz"
Wendell Tucker,
Wendell Tyler,"https://static.www.nfl.com/image/private/f_auto,q_auto/league/wbmygxckjzlmkjjpxt1h"
Wes Bender,"https://static.www.nfl.com/image/private/f_auto,q_auto/league/xfqqnin8babhln3fvwe0"
Wes Chandler,"https://static.www.nfl.com/image/private/f_auto,q_auto/league/iyfdyzhifflqyiuywv25"
Wes Chesson,"https://static.www.nfl.com/image/private/f_auto,q_auto/league/iub1k49xokupzal8fifc"
Wes Hills,"https://static.www.nfl.com/image/private/f_auto,q_auto/league/sct06wrma2grtvisjp2e"
Wes Ours,"https://static.www.nfl.com/image/private/f_auto,q_auto/league/ycodlwsoqc6lxb2nfcvi"
Wes Welker,"https://static.www.nfl.com/image/private/f_auto,q_auto/league/rgjwexzif36vncjfdwap"
Wesley Carroll,"https://static.www.nfl.com/image/private/f_auto,q_auto/league/ugtmohwukzdyvdfhhb7r"
Wesley Duke,"https://static.www.nfl.com/image/private/f_auto,q_auto/league/bnyyrp7uz0ndkqxtptbr"
Wesley Johnson,"https://static.www.nfl.com/image/private/f_auto,q_auto/league/fruwv3uyu8y9qsmyd6pc"
Wesley Walker,"https://static.www.nfl.com/image/private/f_auto,q_auto/league/kk7qtibzfcvylhllcrjs"
Wesley Walls,"https://static.www.nfl.com/image/private/f_auto,q_auto/league/vl5gpjoslpkcomu9ulvw"
Weslye Saunders,"https://static.www.nfl.com/image/private/f_auto,q_auto/league/pppifsurahgumepesalk"
Wilbert Montgomery,"https://static.www.nfl.com/image/private/f_auto,q_auto/league/hmxwi0xct7i22w1xdk14"
Wilbur Jackson,"https://static.www.nfl.com/image/private/f_auto,q_auto/league/daprque5aw2p70snhvqa"
Will Blackwell,"https://static.www.nfl.com/image/private/f_auto,q_auto/league/msmj9gpms23qbwynel04"
Will Buchanon,"https://static.www.nfl.com/image/private/f_auto,q_auto/league/sxkxkiqa3yyvuallco8k"
Will Dissly,"https://static.www.nfl.com/image/upload/f_auto,q_auto/league/b2s1wwxsgkenwlxmncu3"
Will Franklin,"https://static.www.nfl.com/image/private/f_auto,q_auto/league/u5tpuojaff05up15ptnr"
Will Fuller,"https://static.www.nfl.com/image/private/f_auto,q_auto/league/dgemxvhu8ffqmvmqczks"
Will Heller,"https://static.www.nfl.com/image/private/f_auto,q_auto/league/izl9obgruaxjx6nj0hpw"
Will Johnson,"https://static.www.nfl.com/image/private/f_auto,q_auto/league/zon7oejkgzgqyzcdhach"
Will Mallory,"https://static.www.nfl.com/image/upload/f_auto,q_auto/league/sl1pkiox1hucg9sxttfi"
Will Moore,"https://static.www.nfl.com/image/private/f_auto,q_auto/league/dc8vn4jyhp32b66pu6zd"
Will Sherman,"https://static.www.nfl.com/image/upload/f_auto,q_auto/league/jyrcmwhuedomgnd34qff"
Will Shields,"https://static.www.nfl.com/image/private/f_auto,q_auto/league/og9gtuexb3qijoqw0abg"
Will Shipley,"https://static.www.nfl.com/image/upload/f_auto,q_auto/league/pvpaepncsdfgzdubkuhg"
Will Ta'ufo'ou,"https://static.www.nfl.com/image/private/f_auto,q_auto/league/y2jgsx96leqe494v57ix"
Will Tukuafu,"https://static.www.nfl.com/image/private/f_auto,q_auto/league/szb9kincx0nhxnwxxmcj"
Will Tye,"https://static.www.nfl.com/image/private/f_auto,q_auto/league/dv5nojtrswp6cprkwn2y"
Willard Dewveall,
Willard Harrell,"https://static.www.nfl.com/image/private/f_auto,q_auto/league/x6nmeypknvgyjhraxnts"
William Andrews,"https://static.www.nfl.com/image/private/f_auto,q_auto/league/giqzoqdifmvfrgskpcck"
William Bell,"https://static.www.nfl.com/image/private/f_auto,q_auto/league/redeptahiefdu9wclqrq"
William Curran,
William Floyd,"https://static.www.nfl.com/image/private/f_auto,q_auto/league/fihsrgr2kjmrjt8qgyef"
William Green,"https://static.www.nfl.com/image/private/f_auto,q_auto/league/zhp99htenadrrh0sjofr"
William Harris,"https://static.www.nfl.com/image/private/f_auto,q_auto/league/ipld9tylunpjtj7wrafe"
William Henderson,"https://static.www.nfl.com/image/private/f_auto,q_auto/league/wqhcfs2jdjk21qai00rh"
William Howard,"https://static.www.nfl.com/image/private/f_auto,q_auto/league/ydtf8yrr5tymrmlnw4mq"
William Perry,"https://static.www.nfl.com/image/private/f_auto,q_auto/league/aeeanzxuwwmquk1kfhgt"
William Powell,"https://static.www.nfl.com/image/private/f_auto,q_auto/league/oddj8m8ttkd4njvmbugl"
William Schultz,
Willie Asbury,
Willie Belton,"https://static.www.nfl.com/image/private/f_auto,q_auto/league/ewzreg7ng8rcysyrlmfx"
Willie Bouyer,"https://static.www.nfl.com/image/private/f_auto,q_auto/league/z3np2twqjds7jqotbqwc"
Willie Brister,"https://static.www.nfl.com/image/private/f_auto,q_auto/league/hpunv0ow6ypsgapucekh"
Willie Brown,"https://static.www.nfl.com/image/private/f_auto,q_auto/league/wj0n82c2oeuw4qflc76q"
Willie Davis,"https://static.www.nfl.com/image/private/f_auto,q_auto/league/jg5pfp4lbm567houvlx2"
Willie Drewrey,"https://static.www.nfl.com/image/private/f_auto,q_auto/league/h5ywwatti4devmgnsfiv"
Willie Ellison,"https://static.www.nfl.com/image/private/f_auto,q_auto/league/xyvymaliwd9luuidlwct"
Willie Frazier,"https://static.www.nfl.com/image/private/f_auto,q_auto/league/tanxmsfmpcylain48tie"
Willie Galimore,
Willie Gault,"https://static.www.nfl.com/image/private/f_auto,q_auto/league/dpvqbhippy603k1skdtv"
Willie Gillespie,"https://static.www.nfl.com/image/private/f_auto,q_auto/league/adl6hff8m69t7oske6vr"
Willie Grate,
Willie Green,"https://static.www.nfl.com/image/private/f_auto,q_auto/league/b0445ohjd3n1cqdqgpcz"
Willie Jackson,"https://static.www.nfl.com/image/private/f_auto,q_auto/league/jiidop8vptrkipivr7ba"
Willie McClendon,"https://static.www.nfl.com/image/private/f_auto,q_auto/league/yc2kf045ox02um9h8wwu"
Willie McGee,"https://static.www.nfl.com/image/private/f_auto,q_auto/league/q9io34olwshl9ge9g8di"
Willie Miller,"https://static.www.nfl.com/image/private/f_auto,q_auto/league/htokrpmb9tuhenpgkyy4"
Willie Parker,"https://static.www.nfl.com/image/private/f_auto,q_auto/league/wpwxljvys9ghfmteidkc"
Willie Ponder,"https://static.www.nfl.com/image/private/f_auto,q_auto/league/tsof7i4ujaqurxuer08l"
Willie Reid,"https://static.www.nfl.com/image/private/f_auto,q_auto/league/g3yqmsljcdkrrbruoj4v"
Willie Richardson,
Willie Rodgers,"https://static.www.nfl.com/image/private/f_auto,q_auto/league/evbzbwayfgztayxrv6ei"
Willie Scott,"https://static.www.nfl.com/image/private/f_auto,q_auto/league/dhhrvco2a358mvbarmzz"
Willie Shelby,"https://static.www.nfl.com/image/private/f_auto,q_auto/league/iy78sswobbj3twslkruz"
Willie Smith,"https://static.www.nfl.com/image/private/f_auto,q_auto/league/ohgdrtmqd5nh6b1huwrq"
Willie Snead,"https://static.www.nfl.com/image/private/f_auto,q_auto/league/fr5xckiwhguuaishnbju"
Willie Spencer,"https://static.www.nfl.com/image/private/f_auto,q_auto/league/bhgdh1sep4cmtgalp5g9"
Willie Walker,
Willie Williams,"https://static.www.nfl.com/image/private/f_auto,q_auto/league/qdyqgjz9hnigxnfnz8u0"
Willie Young,"https://static.www.nfl.com/image/private/f_auto,q_auto/league/lqnt5tua9ci2icpli8kg"
Willis Adams,"https://static.www.nfl.com/image/private/f_auto,q_auto/league/zlpqp40wpnonzhvscqxf"
Willis Crenshaw,
Willis McGahee,"https://static.www.nfl.com/image/private/f_auto,q_auto/league/nlr34yjuurydinlwlt0z"
Wilmont Perry,"https://static.www.nfl.com/image/private/f_auto,q_auto/league/htfi6psvxm2b5jijr5xu"
Windrell Hayes,"https://static.www.nfl.com/image/private/f_auto,q_auto/league/pa9pezqsqix6gefbtfyx"
Winslow Oliver,"https://static.www.nfl.com/image/private/f_auto,q_auto/league/rzalwbydtjjoked9wfgy"
Woodie Pippens,"https://static.www.nfl.com/image/private/f_auto,q_auto/league/odomp0zzprwccyluydlx"
Woodley Lewis,
Woody Bennett,"https://static.www.nfl.com/image/private/f_auto,q_auto/league/hdj9zjuwj3lvnkyxkmjn"
Woody Campbell,
Woody Green,"https://static.www.nfl.com/image/private/f_auto,q_auto/league/zea4aztf64jhgzzqdbso"
Woody Marks,"https://static.www.nfl.com/image/upload/f_auto,q_auto/league/y5ntpcenhhhv98uz2fys"
Woody Thompson,"https://static.www.nfl.com/image/private/f_auto,q_auto/league/ks4ialf2cln6rzuimb1n"
Wyatt Teller,"https://static.www.nfl.com/image/upload/f_auto,q_auto/league/g8mhl0gz8akc6k5hb06i"
Xavier Gipson,"https://static.www.nfl.com/image/upload/f_auto,q_auto/league/o81mvslx374ouca313mw"
Xavier Grimble,"https://static.www.nfl.com/image/private/f_auto,q_auto/league/xkcmvxlyiei2kaj5x9yp"
Xavier Hutchinson,"https://static.www.nfl.com/image/upload/f_auto,q_auto/league/n5baiu6sg9wh3xhhewkd"
Xavier Legette,"https://static.www.nfl.com/image/upload/f_auto,q_auto/league/yoyxkitrdqbkhyqncy5p"
Xavier Restrepo,"https://static.www.nfl.com/image/upload/f_auto,q_auto/league/w4onu90fxjmlkmkchcg1"
Xavier Smith,"https://static.www.nfl.com/image/upload/f_auto,q_auto/league/hqvwpitewijx8bjrcofe"
Xavier Weaver,"https://static.www.nfl.com/image/upload/f_auto,q_auto/league/kubeuin8fuw75xuxnhli"
Xavier Worthy,"https://static.www.nfl.com/image/upload/f_auto,q_auto/league/u6fmnffwteccoxn3uguq"
Yamon Figurs,"https://static.www.nfl.com/image/private/f_auto,q_auto/league/tudwv8wsrihfiyuc6d8j"
Yancey Thigpen,"https://static.www.nfl.com/image/private/f_auto,q_auto/league/lb29lzjhag8zdttskkh7"
Yatil Green,"https://static.www.nfl.com/image/private/f_auto,q_auto/league/yoi88e77guflemfjj11f"
Yo Murphy,"https://static.www.nfl.com/image/private/f_auto,q_auto/league/jzcxwhxle9xtievn8zm2"
Yonel Jourdain,"https://static.www.nfl.com/image/private/f_auto,q_auto/league/jdxgrmbponfj2hqbamrj"
Zac Stacy,"https://static.www.nfl.com/image/private/f_auto,q_auto/league/oo0cmp2wjrwqz3arii0f"
Zach Charbonnet,"https://static.www.nfl.com/image/upload/f_auto,q_auto/league/cuuyog0lpxfaj0y0huvp"
Zach Davidson,"https://static.www.nfl.com/image/upload/f_auto,q_auto/league/rvcrltwqycijarysk9dn"
Zach Ertz,"https://static.www.nfl.com/image/upload/f_auto,q_auto/league/xktmmeumuoglbuam75iz"
Zach Gentry,"https://static.www.nfl.com/image/upload/f_auto,q_auto/league/a8vddwqiybkx41wwtjy4"
Zach Line,"https://static.www.nfl.com/image/private/f_auto,q_auto/league/dddfiilg9qy54xtorb6r"
Zach Miller,"https://static.www.nfl.com/image/private/f_auto,q_auto/league/ghvzkuugli86zstauzvr"
Zach Pascal,"https://static.www.nfl.com/image/upload/f_auto,q_auto/league/pfhgz8ofqgoubhnuqtme"
Zach Potter,"https://static.www.nfl.com/image/private/f_auto,q_auto/league/jmydxnmxa6dtib5gboa4"
Zach Sudfeld,"https://static.www.nfl.com/image/private/f_auto,q_auto/league/s5dwbb4ezqqijvcvnawt"
Zach Thomas,"https://static.www.nfl.com/image/private/f_auto,q_auto/league/oa296takgvwn4gojajtp"
Zach Wiegert,"https://static.www.nfl.com/image/private/f_auto,q_auto/league/ulkadge9lsv83ycrfvh7"
Zach Wilson,"https://static.www.nfl.com/image/upload/f_auto,q_auto/league/i17xpbsar7evcypbhtel"
Zach Zenner,"https://static.www.nfl.com/image/private/f_auto,q_auto/league/deiznogchpv1vbrmyuax"
Zachary Dixon,"https://static.www.nfl.com/image/private/f_auto,q_auto/league/mbxaeeef5pv47nyavoiu"
Zachary Hilton,
Zack Crockett,"https://static.www.nfl.com/image/private/f_auto,q_auto/league/sf1zvlx6pabbv5gtqece"
Zack Moss,"https://static.www.nfl.com/image/upload/f_auto,q_auto/league/oxrltdgoquiabhihhgnk"
Zack Pianalto,"https://static.www.nfl.com/image/private/f_auto,q_auto/league/jrg9imzo6idzk90brzxw"
Zaire Mitchell-Paden,"https://static.www.nfl.com/image/upload/f_auto,q_auto/league/kx728asxtg6ykmh1yblc"
Zak Keasey,"https://static.www.nfl.com/image/private/f_auto,q_auto/league/jryyt8zxqeohwhmns13q"
Zamir White,"https://static.www.nfl.com/image/upload/f_auto,q_auto/league/jzthyqk2ld52f31ka1ir"
Zander Horvath,"https://static.www.nfl.com/image/upload/f_auto,q_auto/league/ukufchhtmgcrw3fwc23l"
Zavier Scott,"https://static.www.nfl.com/image/upload/f_auto,q_auto/league/z8sqpgdoyuv5rask15vn"
Zay Flowers,"https://static.www.nfl.com/image/upload/f_auto,q_auto/league/xzhto2dejy2pflkfx40c"
Zay Jones,"https://static.www.nfl.com/image/upload/f_auto,q_auto/league/qihjjzfk0vwzoyrzztkq"
Zeke Mowatt,"https://static.www.nfl.com/image/private/f_auto,q_auto/league/pzp8bdjpisphve4iju2z"
Zeke Turner,
Zeron Flemister,"https://static.www.nfl.com/image/private/f_auto,q_auto/league/uiv8l0i9637dpqefysnl"
Zola Davis,"https://static.www.nfl.com/image/private/f_auto,q_auto/league/dd6wedhxfffuu2i5zxlu"
Zuriel Smith,"https://static.www.nfl.com/image/private/f_auto,q_auto/league/z1jxmi6ksreahwutfscu"
Zurlon Tipton,"https://static.www.nfl.com/image/private/f_auto,q_auto/league/d2zoqlarp9qvyvlmcxih"
