Player,Player Image
A.J. Brown,"https://static.www.nfl.com/image/upload/f_auto,q_auto/league/qfhvjyssf0lwsh0kienp"
A.J. Feeley,"https://static.www.nfl.com/image/private/f_auto,q_auto/league/bszdpaemb7klxpgf2vkx"
A.J. McCarron,
AJ Cole,"https://static.www.nfl.com/image/upload/f_auto,q_auto/league/t6ah2u0wptbb8n22tehr"
AJ McCarron,"https://static.www.nfl.com/image/private/f_auto,q_auto/league/fvakqnmsg35llkcme11h"
Aaron Brooks,"https://static.www.nfl.com/image/private/f_auto,q_auto/league/hmlvskmkxcrzwzxker5b"
Aaron Craver,"https://static.www.nfl.com/image/private/f_auto,q_auto/league/m3n9nxiskacawfqsnwon"
Aaron Rodgers,"https://static.www.nfl.com/image/upload/f_auto,q_auto/league/dypvakakxhccxs67tb0y"
Ace Sanders,"https://static.www.nfl.com/image/private/f_auto,q_auto/league/bjka2xjipo0b3aabtqdm"
Adam Podlesh,"https://static.www.nfl.com/image/private/f_auto,q_auto/league/x0e297yhvswis55exynx"
Adam Vinatieri,"https://static.www.nfl.com/image/private/f_auto,q_auto/league/imfj1hl4kob4jof8hcwa"
Adimchinobe Echemandu,"https://static.www.nfl.com/image/private/f_auto,q_auto/league/anam3gbuiaqtspyexcxo"
Adonai Mitchell,"https://static.www.nfl.com/image/upload/f_auto,q_auto/league/hwwacoa3pqapd7pgahfx"
Adrian Breen,"https://static.www.nfl.com/image/private/f_auto,q_auto/league/rakh0e0fzyloymjeylwq"
Adrian Peterson,"https://static.www.nfl.com/image/private/f_auto,q_auto/league/ug2ua3skqc9f6vkbowxc"
Ahman Green,"https://static.www.nfl.com/image/private/f_auto,q_auto/league/jywr5x0yw6oryiiaikbp"
Aidan O'Connell,"https://static.www.nfl.com/image/upload/f_auto,q_auto/league/bcejxo7ofgk5pszhup12"
Akili Smith,"https://static.www.nfl.com/image/private/f_auto,q_auto/league/okkcnzpp0d6ztxc5lnsb"
Al Dodd,"https://static.www.nfl.com/image/private/f_auto,q_auto/league/guku97diqwqpstpjlbgt"
Al Toon,"https://static.www.nfl.com/image/private/f_auto,q_auto/league/lwxs1mder7ymofdetjra"
Al Woodall,"https://static.www.nfl.com/image/private/f_auto,q_auto/league/qojjko097aspqbawd1ib"
Alan Pastrana,
Alan Risher,"https://static.www.nfl.com/image/private/f_auto,q_auto/league/dchmat8o2ynub95kkpga"
Albert Bentley,"https://static.www.nfl.com/image/private/f_auto,q_auto/league/k0plny2kjljydum221md"
Albert Wilson,"https://static.www.nfl.com/image/private/f_auto,q_auto/league/slythouwdcrug0poiios"
Alex Erickson,"https://static.www.nfl.com/image/private/f_auto,q_auto/league/tnd77vbkyo8srrrkaisu"
Alex Espinoza,"https://static.www.nfl.com/image/private/f_auto,q_auto/league/vo7vjmqhrbu8get3gg0c"
Alex Hawkins,
Alex Smith,"https://static.www.nfl.com/image/private/f_auto,q_auto/league/hinmlhyjffsmq6bwq6tk"
Alex Tanney,"https://static.www.nfl.com/image/private/f_auto,q_auto/league/tqipcy0hxt88hpkpbhoz"
Alex Van Pelt,"https://static.www.nfl.com/image/private/f_auto,q_auto/league/y2ft15ayxhlqlzhuc1w9"
Alfred Anderson,"https://static.www.nfl.com/image/private/f_auto,q_auto/league/hcvdjbauj5b86kyzcvgc"
Alfred Jenkins,"https://static.www.nfl.com/image/private/f_auto,q_auto/league/pt8gfvqimtobjlvhet0n"
Allen Lazard,"https://static.www.nfl.com/image/upload/f_auto,q_auto/league/b05f33npu1zjtpozfgdk"
Allen Rice,"https://static.www.nfl.com/image/private/f_auto,q_auto/league/orunbqyzq19qttbuur3l"
Alvin Harper,"https://static.www.nfl.com/image/private/f_auto,q_auto/league/oybjuhxua9jsnw8cdohe"
Alvin Kamara,"https://static.www.nfl.com/image/upload/f_auto,q_auto/league/yxebpuskandivlh2iil4"
Alvin Moore,"https://static.www.nfl.com/image/private/f_auto,q_auto/league/ajpl7vgdfbom1ytxejmu"
Amani Toomer,"https://static.www.nfl.com/image/private/f_auto,q_auto/league/qsfr7nbtbq4ugcfb357w"
Amari Cooper,"https://static.www.nfl.com/image/upload/f_auto,q_auto/league/zmtzqznqui37unmo5xv9"
Amon-Ra St. Brown,"https://static.www.nfl.com/image/upload/f_auto,q_auto/league/fd8nwhm6pvxfyzphzl6i"
Amos Bullocks,
Amos Marsh,
Andre Reed,"https://static.www.nfl.com/image/private/f_auto,q_auto/league/dvoxixlob0avjbmgmazk"
Andre Ware,"https://static.www.nfl.com/image/private/f_auto,q_auto/league/dpubmulllxfyspxvs9zu"
Andrew Beck,"https://static.www.nfl.com/image/upload/f_auto,q_auto/league/zv8xb3nfxamq7sqa1xqt"
Andrew Luck,"https://static.www.nfl.com/image/private/f_auto,q_auto/league/ojix2ha2u58zqozaw756"
Andrew Walter,"https://static.www.nfl.com/image/private/f_auto,q_auto/league/vehhkkfmq2hmqimcudii"
Andy Dalton,"https://static.www.nfl.com/image/upload/f_auto,q_auto/league/sfsneh0bn46e2kwve7sr"
Andy Johnson,"https://static.www.nfl.com/image/private/f_auto,q_auto/league/xfxy71vopesyqclmjvua"
Andy Lee,"https://static.www.nfl.com/image/private/f_auto,q_auto/league/bfozbs2h9jueavslvw3z"
Andy Livingston,
Anquan Boldin,"https://static.www.nfl.com/image/private/f_auto,q_auto/league/ajabgwxbliupgkwjbnut"
Anthony Brown,"https://static.www.nfl.com/image/private/f_auto,q_auto/league/wsbie1tqhz6uwtf49tmj"
Anthony Carter,"https://static.www.nfl.com/image/private/f_auto,q_auto/league/i29qbx0wpfyv6szk04nv"
Anthony Dilweg,"https://static.www.nfl.com/image/private/f_auto,q_auto/league/t2aosznuw3rvokoognxr"
Anthony Johnson,"https://static.www.nfl.com/image/upload/f_auto,q_auto/league/mdbn1xi6s7eaw7wiy5oj"
Anthony Miller,"https://static.www.nfl.com/image/upload/f_auto,q_auto/league/wyblvutn6o4g6cunyhc2"
Anthony Richardson,"https://static.www.nfl.com/image/upload/f_auto,q_auto/league/wrddeyklfcgk9qybgofq"
Anthony Thompson,"https://static.www.nfl.com/image/private/f_auto,q_auto/league/t9dfx0jrooztcemu8y8n"
Anthony Toney,"https://static.www.nfl.com/image/private/f_auto,q_auto/league/fvmquf3j9kabputxnu6i"
Anthony Wright,"https://static.www.nfl.com/image/private/f_auto,q_auto/league/tot1rumaduxp1ixjqmlp"
Antonio Andrews,"https://static.www.nfl.com/image/private/f_auto,q_auto/league/wwy4g14dflaelkretfzv"
Antonio Brown,"https://static.www.nfl.com/image/private/f_auto,q_auto/league/ecxsx9t7bfg42bgfwj3v"
Antonio Morrison,"https://static.www.nfl.com/image/private/f_auto,q_auto/league/d424jomnnjoya26p8neh"
Antwaan Randle El,"https://static.www.nfl.com/image/private/f_auto,q_auto/league/oipoorlgo1xgdzzphzvo"
Archie Griffin,"https://static.www.nfl.com/image/private/f_auto,q_auto/league/gtztnvyntjvjrmbmfisv"
Archie Manning,"https://static.www.nfl.com/image/private/f_auto,q_auto/league/g9vyzturkqi7oguzxqry"
Arian Foster,"https://static.www.nfl.com/image/private/f_auto,q_auto/league/b7zvp5go7e86i7wd1qyh"
Armanti Edwards,"https://static.www.nfl.com/image/private/f_auto,q_auto/league/wa2chl8wz6dthhfqt6je"
Arnaz Battle,"https://static.www.nfl.com/image/private/f_auto,q_auto/league/frafersvx9wxpazu726z"
Art Monk,"https://static.www.nfl.com/image/private/f_auto,q_auto/league/lhnetc7kndqwtytjysi3"
Art Schlichter,"https://static.www.nfl.com/image/private/f_auto,q_auto/league/ajizynzp512ccmfvnyyt"
Arthur Marshall,"https://static.www.nfl.com/image/private/f_auto,q_auto/league/cpfogydhnyf3t9voqxtm"
Austin Davis,"https://static.www.nfl.com/image/private/f_auto,q_auto/league/wmquxjs1nuwferz7o9q2"
Austin McNamara,"https://static.www.nfl.com/image/upload/f_auto,q_auto/league/tu0cvxj9l141hhpcr5mh"
Aveion Cason,"https://static.www.nfl.com/image/private/f_auto,q_auto/league/dni24dgzcshivdpztlkn"
Az-Zahir Hakim,"https://static.www.nfl.com/image/private/f_auto,q_auto/league/mejrrdu6zfd1muziriw6"
B.J. Sander,"https://static.www.nfl.com/image/private/f_auto,q_auto/league/kc0na6hoqq053ohumzla"
Babe Laufenberg,"https://static.www.nfl.com/image/private/f_auto,q_auto/league/vqjkbtphevpzecmse0za"
Bailey Zappe,"https://static.www.nfl.com/image/upload/f_auto,q_auto/league/b6ntwwdcbjnzv2gml8tk"
Baker Mayfield,"https://static.www.nfl.com/image/upload/f_auto,q_auto/league/gjb8e69jtt1ffqf1afue"
Barry Foster,"https://static.www.nfl.com/image/private/f_auto,q_auto/league/qgqgfzp8qjys26h9ezsf"
Barry Helton,"https://static.www.nfl.com/image/private/f_auto,q_auto/league/wh3ricyvzfqx6moivhyb"
Barry Sanders,"https://static.www.nfl.com/image/private/f_auto,q_auto/league/pj2ldftirqvwh3c9pljr"
Bart Starr,
Ben Bennett,"https://static.www.nfl.com/image/private/f_auto,q_auto/league/xqpz8hxs3yma3olpy83z"
Ben DiNucci,"https://static.www.nfl.com/image/private/f_auto,q_auto/league/o1gjqpevru8k8d98y2qn"
Ben Graham,"https://static.www.nfl.com/image/private/f_auto,q_auto/league/rn4n6km2mxgvzg117oim"
Ben Roethlisberger,"https://static.www.nfl.com/image/private/f_auto,q_auto/league/vziogpnyp9d0xtpiuqhr"
Ben Wilson,
Benjy Dial,
Benny Perrin,"https://static.www.nfl.com/image/private/f_auto,q_auto/league/hffrt8kjaa4jrcga3ukb"
Bernard Quarles,"https://static.www.nfl.com/image/private/f_auto,q_auto/league/s3bytgvwocqxzrzmfrm3"
Bernard Scott,"https://static.www.nfl.com/image/private/f_auto,q_auto/league/qui3hyqvk5k44phgo0ns"
Bernie Kosar,"https://static.www.nfl.com/image/private/f_auto,q_auto/league/j5kwb9rb36prfdwyr71q"
Bert Emanuel,"https://static.www.nfl.com/image/private/f_auto,q_auto/league/lc3z0qk31ezffm2zex2w"
Bert Jones,"https://static.www.nfl.com/image/private/f_auto,q_auto/league/yxv9nbawmjlhmsudaobo"
Bilal Powell,"https://static.www.nfl.com/image/private/f_auto,q_auto/league/a5qlloemeetaqawzwuf7"
Bill Anderson,
Bill Bradley,"https://static.www.nfl.com/image/private/f_auto,q_auto/league/neiajcdawd9yd7pogfml"
Bill Brown,"https://static.www.nfl.com/image/private/f_auto,q_auto/league/j4nrgfayaeihcyibthtv"
Bill Cappleman,
Bill Demory,"https://static.www.nfl.com/image/private/f_auto,q_auto/league/xpfe421uzybkugrpzchc"
Bill Donckers,
Bill Kenney,"https://static.www.nfl.com/image/private/f_auto,q_auto/league/p4hyyptwqvmfmor75d7m"
Bill McClard,"https://static.www.nfl.com/image/private/f_auto,q_auto/league/gkxti0hl3iguyufmnl3t"
Bill Munson,"https://static.www.nfl.com/image/private/f_auto,q_auto/league/cougml4dr9a5i5tlts1g"
Bill Musgrave,"https://static.www.nfl.com/image/private/f_auto,q_auto/league/fqbtac0ds5rq4s6lmk5q"
Bill Nelsen,
Bill Schroeder,"https://static.www.nfl.com/image/private/f_auto,q_auto/league/xtharhdrjchxqtltrk30"
Bill Troup,"https://static.www.nfl.com/image/private/f_auto,q_auto/league/mq6qhwiizj3m5bfxlhhb"
Billy Joe Hobert,"https://static.www.nfl.com/image/private/f_auto,q_auto/league/rlmdajsgucn5bednqaiw"
Billy Joe Tolliver,"https://static.www.nfl.com/image/private/f_auto,q_auto/league/gicrwvf1hnole5b41azb"
Billy Johnson,"https://static.www.nfl.com/image/private/f_auto,q_auto/league/th3wsugu08xgopwdevbl"
Billy Kilmer,"https://static.www.nfl.com/image/private/f_auto,q_auto/league/zjtagkdyapup1acwzywp"
Billy Lothridge,
Billy Ray Barnes,
Billy Ray Smith,
Billy Stevens,
Billy Van Heusen,"https://static.www.nfl.com/image/private/f_auto,q_auto/league/mqjflh1wtvs7wwrsrfnh"
Billy Volek,"https://static.www.nfl.com/image/private/f_auto,q_auto/league/jei3uos0woj4u7exp8ih"
Billy Wade,
Blaine Gabbert,"https://static.www.nfl.com/image/private/f_auto,q_auto/league/fphhd3wedamgkps6e0dl"
Blair Kiel,"https://static.www.nfl.com/image/private/f_auto,q_auto/league/eignwoh0c1ywbbkd20pz"
Blair Thomas,"https://static.www.nfl.com/image/private/f_auto,q_auto/league/srltcukdwty3b1j12ydx"
Blake Bortles,"https://static.www.nfl.com/image/private/f_auto,q_auto/league/jvoui3bptgsfvgkz5e1b"
Blake Gillikin,"https://static.www.nfl.com/image/upload/f_auto,q_auto/league/pgasxtghfviimlj55tn0"
Bo Nix,"https://static.www.nfl.com/image/upload/f_auto,q_auto/league/zvo9xatffmqn9lnukpgk"
Bo Rather,"https://static.www.nfl.com/image/private/f_auto,q_auto/league/jitqqst1dze02dyfdg24"
Bob Avellini,"https://static.www.nfl.com/image/private/f_auto,q_auto/league/tgl1g39ujpswzxt64yci"
Bob Berry,"https://static.www.nfl.com/image/private/f_auto,q_auto/league/bddbcr3vmrqbsowwgtq8"
Bob Bleier,"https://static.www.nfl.com/image/private/f_auto,q_auto/league/x2zxf7wdlilwxuwq8j4x"
Bob Chandler,"https://static.www.nfl.com/image/private/f_auto,q_auto/league/z2jen0feyqxavkzkszsc"
Bob Davis,
Bob Gagliano,"https://static.www.nfl.com/image/private/f_auto,q_auto/league/ggbwrkjsbtezz4mmnnwt"
Bob Gaiters,
Bob Gladieux,
Bob Gresham,"https://static.www.nfl.com/image/private/f_auto,q_auto/league/whjcv4soni6grvue7v4x"
Bob Griese,"https://static.www.nfl.com/image/private/f_auto,q_auto/league/ganvnmltnuhgmnmdhed5"
Bob Grim,"https://static.www.nfl.com/image/private/f_auto,q_auto/league/mgqsdzrjmcphlynsh0w8"
Bob Grupp,"https://static.www.nfl.com/image/private/f_auto,q_auto/league/c1wsic58pljbaikxyhns"
Bob Holly,"https://static.www.nfl.com/image/private/f_auto,q_auto/league/iyn6arywmtzoakrpyrbp"
Bob Leahy,
Bob Lee,"https://static.www.nfl.com/image/private/f_auto,q_auto/league/unrg2tx8kapf7ctnqpra"
Bob Naponic,
Bob Parsons,"https://static.www.nfl.com/image/private/f_auto,q_auto/league/zyvnzwqhi6wkx2tawd41"
Bob Wallace,
Bob Waters,
Bobby Anderson,"https://static.www.nfl.com/image/private/f_auto,q_auto/league/vuvhmcyndbhbrjpnsgg7"
Bobby Boyd,
Bobby Douglass,"https://static.www.nfl.com/image/private/f_auto,q_auto/league/txqy2dejziysmk3wsvu2"
Bobby Duhon,
Bobby Hebert,"https://static.www.nfl.com/image/private/f_auto,q_auto/league/ivn7okbglfqcc8lbyhkz"
Bobby Hoying,"https://static.www.nfl.com/image/private/f_auto,q_auto/league/ffg9s34rxb3vz2hbdmow"
Bobby Humphrey,"https://static.www.nfl.com/image/private/f_auto,q_auto/league/pgpih7oxuyavnqofnx8p"
Bobby Joe Conrad,
Bobby Joe Green,
Bobby Layne,
Bobby Mitchell,
Bobby Rainey,"https://static.www.nfl.com/image/private/f_auto,q_auto/league/vf2lmyxgjhrah1hfed1x"
Bobby Scott,"https://static.www.nfl.com/image/private/f_auto,q_auto/league/lfydxufv5kftwagogh8c"
Bobby Walden,"https://static.www.nfl.com/image/private/f_auto,q_auto/league/rlfdnnxdek6mskatg60f"
Boomer Esiason,"https://static.www.nfl.com/image/private/f_auto,q_auto/league/afg59qxfnusj3ebuqwyv"
Boyce Green,"https://static.www.nfl.com/image/private/f_auto,q_auto/league/mkhcvuo0lto0imshljbw"
Brad Goebel,"https://static.www.nfl.com/image/private/f_auto,q_auto/league/guzpdc7y5nkfxomnhqpi"
Brad Johnson,"https://static.www.nfl.com/image/private/f_auto,q_auto/league/rnzt7iobyak7at4wf6uf"
Brad Maynard,"https://static.www.nfl.com/image/private/f_auto,q_auto/league/hnmyqljakbuycwcxw8ez"
Brad Muster,"https://static.www.nfl.com/image/private/f_auto,q_auto/league/ewpuh5pmckrbhlxmgqdh"
Brad Nortman,"https://static.www.nfl.com/image/private/f_auto,q_auto/league/aps6fvcgwuqcpsnlkcy5"
Brad Smith,"https://static.www.nfl.com/image/private/f_auto,q_auto/league/bsr5rikxqhr1h8luu0ev"
Brad Wing,"https://static.www.nfl.com/image/private/f_auto,q_auto/league/breqxoaezzig1jriolcm"
Braden Mann,"https://static.www.nfl.com/image/upload/f_auto,q_auto/league/eizeojehmxkvvfahj1tk"
Bradlee Van Pelt,"https://static.www.nfl.com/image/private/f_auto,q_auto/league/fyudhqgmbqgadcdvql1o"
Brady Cook,"https://static.www.nfl.com/image/upload/f_auto,q_auto/league/sk8u7zzg7e3t4vu7xesg"
Brady Quinn,"https://static.www.nfl.com/image/private/f_auto,q_auto/league/ezqavugaagjzhsqhoicz"
Brandon Allen,"https://static.www.nfl.com/image/upload/f_auto,q_auto/league/zljq6177ohvxucfq7fl9"
Brandon Banks,"https://static.www.nfl.com/image/private/f_auto,q_auto/league/ugumsdejedfjeemhgzon"
Brandon Fields,"https://static.www.nfl.com/image/private/f_auto,q_auto/league/wanoipfufy1xfdlzg5ex"
Brandon LaFell,"https://static.www.nfl.com/image/private/f_auto,q_auto/league/x4wifb5arw0neuwg1cch"
Brandon Marshall,"https://static.www.nfl.com/image/private/f_auto,q_auto/league/jhziqh0scfksvxen6f3s"
Brandon Weeden,"https://static.www.nfl.com/image/private/f_auto,q_auto/league/m8oocp4p9nskilnakgnw"
Brandon Zylstra,"https://static.www.nfl.com/image/private/f_auto,q_auto/league/arx0mz7gc5dm0wfc5kfx"
Brant Boyer,"https://static.www.nfl.com/image/private/f_auto,q_auto/league/uw8vhq7rtg5qsfa2tups"
Braxton Berrios,"https://static.www.nfl.com/image/upload/f_auto,q_auto/league/striwxmn9t0ixherw7l8"
Breece Hall,"https://static.www.nfl.com/image/upload/f_auto,q_auto/league/i01xtqbfajfq68lb6orh"
Brent Pease,"https://static.www.nfl.com/image/private/f_auto,q_auto/league/xjcai92wba5np8xljymu"
Brett Basanez,"https://static.www.nfl.com/image/private/f_auto,q_auto/league/osljtnrsfhkfcksem8vo"
Brett Conway,"https://static.www.nfl.com/image/private/f_auto,q_auto/league/yrfrxzo1bvuxbxdunyrb"
Brett Favre,"https://static.www.nfl.com/image/private/f_auto,q_auto/league/m3sggjgdqlp4jqpxktvr"
Brett Hundley,"https://static.www.nfl.com/image/private/f_auto,q_auto/league/lgplktjykzjrnjsn9x8y"
Brett Kern,"https://static.www.nfl.com/image/private/f_auto,q_auto/league/dbph1kuozunx3aorpeiw"
Brett Perriman,"https://static.www.nfl.com/image/private/f_auto,q_auto/league/u4ishjtpm0xpglwcm39f"
Brett Rypien,"https://static.www.nfl.com/image/upload/f_auto,q_auto/league/aagqym9xmd5rligbbacq"
Brian Baschnagel,"https://static.www.nfl.com/image/private/f_auto,q_auto/league/twq94ryzif5zg74wt7in"
Brian Brennan,"https://static.www.nfl.com/image/private/f_auto,q_auto/league/cswhjukxpkwsgnaaztrn"
Brian Brohm,"https://static.www.nfl.com/image/private/f_auto,q_auto/league/higwz87n2wlxhnud6jsb"
Brian Dowling,"https://static.www.nfl.com/image/private/f_auto,q_auto/league/ryygxniuqnxuwjrx8c3v"
Brian Griese,"https://static.www.nfl.com/image/private/f_auto,q_auto/league/h4yl6l8aqzgdqcjrckvk"
Brian Hansen,"https://static.www.nfl.com/image/private/f_auto,q_auto/league/la6gqkslk3l3bxl6fpp6"
Brian Hoyer,"https://static.www.nfl.com/image/private/f_auto,q_auto/league/japt3mj2xctm7saqndxn"
Brian McClure,"https://static.www.nfl.com/image/private/f_auto,q_auto/league/tring4b3bgkhfuuupzjg"
Brian Mitchell,"https://static.www.nfl.com/image/private/f_auto,q_auto/league/bwm0n70rbfm6zo2xyjrr"
Brian Moorman,"https://static.www.nfl.com/image/private/f_auto,q_auto/league/g86ulimylspinpupgt3l"
Brian Sipe,"https://static.www.nfl.com/image/private/f_auto,q_auto/league/jhbdhtvt0rltvbzlgzlx"
Brian St. Pierre,"https://static.www.nfl.com/image/private/f_auto,q_auto/league/zusihxxqq20yclhzcijf"
Brian Urlacher,"https://static.www.nfl.com/image/private/f_auto,q_auto/league/grv500cwcjiqengfgrw1"
Brian Westbrook,"https://static.www.nfl.com/image/private/f_auto,q_auto/league/xerjzdet52uvvhqovape"
Britton Colquitt,"https://static.www.nfl.com/image/private/f_auto,q_auto/league/fih0fomatqdzjicowoze"
Brock Berlin,"https://static.www.nfl.com/image/private/f_auto,q_auto/league/oxkpflmrqjh6mb5h7fzw"
Brock Huard,"https://static.www.nfl.com/image/private/f_auto,q_auto/league/emvt28h4jcox0ve35nhq"
Brock Osweiler,"https://static.www.nfl.com/image/private/f_auto,q_auto/league/pwkmtgeitdi79qtumb2x"
Brock Purdy,"https://static.www.nfl.com/image/upload/f_auto,q_auto/league/xs2fyj1sqdgwvt9ihbri"
Brodie Croyle,"https://static.www.nfl.com/image/private/f_auto,q_auto/league/ypraex2eb8whvtwzfgr9"
Brooks Bollinger,"https://static.www.nfl.com/image/private/f_auto,q_auto/league/r2jiwdsifzzmcjfhwyou"
Browning Nagle,"https://static.www.nfl.com/image/private/f_auto,q_auto/league/lk5zappcpcjpzrvftohz"
Bruce Gradkowski,"https://static.www.nfl.com/image/private/f_auto,q_auto/league/mihpjxwfsrgjyqwikwsa"
Bruce Hardy,"https://static.www.nfl.com/image/private/f_auto,q_auto/league/oyizimpyuouhekqebzcd"
Bruce Harper,"https://static.www.nfl.com/image/private/f_auto,q_auto/league/onfg0i2gzwpjpbaxs34u"
Bruce Lemmerman,
Bruce Mathison,"https://static.www.nfl.com/image/private/f_auto,q_auto/league/mfh4naoydptvc7d80oy9"
Bruce Threadgill,"https://static.www.nfl.com/image/private/f_auto,q_auto/league/bbnmoywb8utlzc3s6up0"
Bryan Anger,"https://static.www.nfl.com/image/upload/f_auto,q_auto/league/e1fozrp2fhprrkheqt0x"
Bryan Barker,"https://static.www.nfl.com/image/private/f_auto,q_auto/league/ppydumh0icqagm0wiebm"
Bryan Wagner,"https://static.www.nfl.com/image/private/f_auto,q_auto/league/uapc5yasyiwqsuxpcfcj"
Bryan Walters,"https://static.www.nfl.com/image/private/f_auto,q_auto/league/u58mrjpxghm6ajfjbcfz"
Bryce Perkins,"https://static.www.nfl.com/image/private/f_auto,q_auto/league/mouuxpmyg8wgcrtfc0tr"
Bryce Petty,"https://static.www.nfl.com/image/private/f_auto,q_auto/league/ptb0vcf2vqqittc5qown"
Bryce Young,"https://static.www.nfl.com/image/upload/f_auto,q_auto/league/vcvhmxvxw2a3armle0af"
Bubba Bean,"https://static.www.nfl.com/image/private/f_auto,q_auto/league/wploobxfsi7jlqoi6s6c"
Bubba Franks,"https://static.www.nfl.com/image/private/f_auto,q_auto/league/hzbdidiabtfbheboo1nv"
Bubby Brister,"https://static.www.nfl.com/image/private/f_auto,q_auto/league/lzu8o971sntflaerjakm"
Bucky Richardson,"https://static.www.nfl.com/image/private/f_auto,q_auto/league/vzgiabpu5orbfyperlhy"
Bucky Scribner,"https://static.www.nfl.com/image/private/f_auto,q_auto/league/iq6qjxfvrlkt0qrric8g"
Buddy Hardeman,"https://static.www.nfl.com/image/private/f_auto,q_auto/league/knzuek3fac8jwjagvj3c"
Buddy Humphrey,
Buford McGee,"https://static.www.nfl.com/image/private/f_auto,q_auto/league/lyfvklpazdfgl1atc7tr"
Byron Leftwich,"https://static.www.nfl.com/image/private/f_auto,q_auto/league/zmv2cxypb5s0nhtpq3nq"
C.J. Beathard,"https://static.www.nfl.com/image/private/f_auto,q_auto/league/yw8euaevcvwswbx5w27w"
C.J. Stroud,"https://static.www.nfl.com/image/upload/f_auto,q_auto/league/tt4zrtxlhifaljhj0rn7"
Cade McNown,"https://static.www.nfl.com/image/private/f_auto,q_auto/league/m8v7lbfvronpjqfr7k3e"
Cairo Santos,"https://static.www.nfl.com/image/upload/f_auto,q_auto/league/tz5ecjri52gwpoo9s7be"
Caleb Hanie,"https://static.www.nfl.com/image/private/f_auto,q_auto/league/tndlddsxf4ounmnjc6xm"
Caleb Williams,"https://static.www.nfl.com/image/upload/f_auto,q_auto/league/h4qs11kutwiw7whekmyt"
Calvin Hill,"https://static.www.nfl.com/image/private/f_auto,q_auto/league/jlbh324i1zihwkcfio6w"
Cam Akers,"https://static.www.nfl.com/image/upload/f_auto,q_auto/league/dutj0wamu7giwghnmr4m"
Cam Newton,"https://static.www.nfl.com/image/private/f_auto,q_auto/league/zwmgw2gmnn2kch4nquft"
Cam Ward,"https://static.www.nfl.com/image/upload/f_auto,q_auto/league/l7switu6stlwd2irm8yo"
Cameron Meredith,"https://static.www.nfl.com/image/private/f_auto,q_auto/league/galvhjzccy4mw0ipexho"
Cardale Jones,"https://static.www.nfl.com/image/private/f_auto,q_auto/league/we5tadbw4htpyierf8qv"
Carl Birdsong,"https://static.www.nfl.com/image/private/f_auto,q_auto/league/flek8qed6tbsmfrkncy3"
Carl Garrett,"https://static.www.nfl.com/image/private/f_auto,q_auto/league/sysqv2gqvikillhx9mdr"
Carl Pickens,"https://static.www.nfl.com/image/private/f_auto,q_auto/league/axgwysdsgh0q1yeb2r83"
Carl Summerell,"https://static.www.nfl.com/image/private/f_auto,q_auto/league/kunvi1lsjunwrf7xg0eu"
Carlos Brown,"https://static.www.nfl.com/image/private/f_auto,q_auto/league/wnqelm69jeuneensj8zv"
Carlos Carson,"https://static.www.nfl.com/image/private/f_auto,q_auto/league/lvwrky7vpnqv1fwuitds"
Carson Palmer,"https://static.www.nfl.com/image/private/f_auto,q_auto/league/belgna3tokxga0gjjmwk"
Carson Wentz,"https://static.www.nfl.com/image/upload/f_auto,q_auto/league/vuolixdvigc8axelug66"
Cary Conklin,"https://static.www.nfl.com/image/private/f_auto,q_auto/league/qvbq9eydwu2oul0bry23"
Case Keenum,"https://static.www.nfl.com/image/upload/f_auto,q_auto/league/weixhyzal4ntsyszyepu"
Casey Weldon,"https://static.www.nfl.com/image/private/f_auto,q_auto/league/tvwz7qljivozzmydzmu5"
Cecil Shorts,"https://static.www.nfl.com/image/private/f_auto,q_auto/league/zdsyqinswn0k8664k9qs"
Cedric Jones,"https://static.www.nfl.com/image/private/f_auto,q_auto/league/kk9zvv7mikxfeztfk6kq"
Cedrick Wilson,"https://static.www.nfl.com/image/private/f_auto,q_auto/league/nocwjs6usj2ytmpblq6p"
Cedrick Wilson Jr.,"https://static.www.nfl.com/image/upload/f_auto,q_auto/league/esfxvl8f7kl9othclvl0"
Chad Henne,"https://static.www.nfl.com/image/private/f_auto,q_auto/league/ornr9pcnzveqlntqc7jx"
Chad Hutchinson,"https://static.www.nfl.com/image/private/f_auto,q_auto/league/owr2ulkwnwna0dp7yi3x"
Chad Johnson,"https://static.www.nfl.com/image/private/f_auto,q_auto/league/mgqjdvtaexisxrtayew2"
Chad Pennington,"https://static.www.nfl.com/image/private/f_auto,q_auto/league/jnzw6ssk5byxcwugbr6x"
Charley Hannah,"https://static.www.nfl.com/image/private/f_auto,q_auto/league/zerjhs64kerhyqstj13f"
Charley Johnson,"https://static.www.nfl.com/image/private/f_auto,q_auto/league/yg2xwz7tamnbhcxjhdny"
Charley Taylor,"https://static.www.nfl.com/image/private/f_auto,q_auto/league/ii7rywjrtsizqsmm5nqu"
Charlie Batch,"https://static.www.nfl.com/image/private/f_auto,q_auto/league/isysgvqm3qaxybeyhece"
Charlie Conerly,
Charlie Frye,"https://static.www.nfl.com/image/private/f_auto,q_auto/league/tzagnaxc5mk9gsgdfzch"
Charlie Joiner,"https://static.www.nfl.com/image/private/f_auto,q_auto/league/rvnwuud1omemquowcor7"
Charlie Scales,
Charlie Whitehurst,"https://static.www.nfl.com/image/private/f_auto,q_auto/league/taj8zdymlqd9vscjitk0"
Chas Henry,"https://static.www.nfl.com/image/private/f_auto,q_auto/league/bgmstvcyc4ziujxjsf9i"
Chase Claypool,"https://static.www.nfl.com/image/upload/f_auto,q_auto/league/intpee5tvgt6rhzxhquc"
Chase Daniel,"https://static.www.nfl.com/image/private/f_auto,q_auto/league/jt8fvgeyuhsbpo9m9t4x"
Chester Taylor,"https://static.www.nfl.com/image/private/f_auto,q_auto/league/ay2c42ghmrgmxqcdsmdi"
Chris Banjo,"https://static.www.nfl.com/image/private/f_auto,q_auto/league/ibqowvcvkzurwo95ukg9"
Chris Boswell,"https://static.www.nfl.com/image/upload/f_auto,q_auto/league/rxbnhvnfjmheuryvdmuf"
Chris Brown,"https://static.www.nfl.com/image/private/f_auto,q_auto/league/a3sqsq3xk0rsabs6l7dj"
Chris Chandler,"https://static.www.nfl.com/image/private/f_auto,q_auto/league/yrkv7xnpwcfljbhpgz6w"
Chris Doering,"https://static.www.nfl.com/image/private/f_auto,q_auto/league/xtw1oboswuuwpij5onvk"
Chris Gardocki,"https://static.www.nfl.com/image/private/f_auto,q_auto/league/kcmjgepucpdyxqjy8r1j"
Chris Godwin Jr.,"https://static.www.nfl.com/image/upload/f_auto,q_auto/league/ilkheljdx4hbjpisulke"
Chris Greisen,"https://static.www.nfl.com/image/private/f_auto,q_auto/league/tmjmwlhacslgjsest3mt"
Chris Hogan,"https://static.www.nfl.com/image/private/f_auto,q_auto/league/fmpqnciwjqicsjzy63mc"
Chris Johnson,"https://static.www.nfl.com/image/upload/f_auto,q_auto/league/xapxjgeqo5rbmuvfxbfv"
Chris Jones,"https://static.www.nfl.com/image/upload/f_auto,q_auto/league/oxaqzhq5bvdoqfcvgy3g"
Chris Kluwe,"https://static.www.nfl.com/image/private/f_auto,q_auto/league/h6geox2bfvpftj5whjge"
Chris Miller,"https://static.www.nfl.com/image/private/f_auto,q_auto/league/eiw2i7hukjtbs8doow2b"
Chris Mohr,"https://static.www.nfl.com/image/private/f_auto,q_auto/league/q3zrf7ahoxnmphscv7cy"
Chris Norman,"https://static.www.nfl.com/image/private/f_auto,q_auto/league/xmklt6zj8uj7ow5bhhyy"
Chris Oladokun,"https://static.www.nfl.com/image/upload/f_auto,q_auto/league/zlcmvcyi6laaklmjv1j2"
Chris Olave,"https://static.www.nfl.com/image/upload/f_auto,q_auto/league/onmxufsprtvglhejg94o"
Chris Redman,"https://static.www.nfl.com/image/private/f_auto,q_auto/league/slil2r5ubipg0eu3l3ae"
Chris Simms,"https://static.www.nfl.com/image/private/f_auto,q_auto/league/w518cn63vg4detgszuzp"
Chris Streveler,"https://static.www.nfl.com/image/private/f_auto,q_auto/league/epyvfplm9neqqvzsj2q8"
Chris Walsh,"https://static.www.nfl.com/image/private/f_auto,q_auto/league/t6xsje4cw1bvt4gnyble"
Chris Weinke,"https://static.www.nfl.com/image/private/f_auto,q_auto/league/vxvuxyebud8nijct31u3"
Christian Kirk,"https://static.www.nfl.com/image/upload/f_auto,q_auto/league/ffp75mtwnqgrv0qz0txz"
Christian McCaffrey,"https://static.www.nfl.com/image/upload/f_auto,q_auto/league/st82s2ytyzanatcmkqck"
Christian Ponder,"https://static.www.nfl.com/image/private/f_auto,q_auto/league/zbs6aql0ucbsqdrclqrs"
Chuck Fusina,"https://static.www.nfl.com/image/private/f_auto,q_auto/league/orae1kznn5sm43irzrnp"
Chuck Latourette,
Chuck Long,"https://static.www.nfl.com/image/private/f_auto,q_auto/league/v0dburnmc8qsown5ylbc"
Chuck Muncie,"https://static.www.nfl.com/image/private/f_auto,q_auto/league/mpmj684cfreiqk9vmxzi"
Chuck Ramsey,"https://static.www.nfl.com/image/private/f_auto,q_auto/league/wjthxpkta5ifnjxtdeon"
Clarence Peaks,
Clayton Tune,"https://static.www.nfl.com/image/upload/f_auto,q_auto/league/qf8khbyllgjzfyqd3yuz"
Cleo Lemon,"https://static.www.nfl.com/image/private/f_auto,q_auto/league/aod0obzhjjdrvqpqgsum"
Cleveland Gary,"https://static.www.nfl.com/image/private/f_auto,q_auto/league/exyvghdj2ppjh7mr9e1l"
Cliff McClain,
Cliff Olander,"https://static.www.nfl.com/image/private/f_auto,q_auto/league/yg2adbkvexc1jr0xe7vv"
Cliff Parsley,"https://static.www.nfl.com/image/private/f_auto,q_auto/league/zczzdjqv86bg2lmoe9z2"
Cliff Stoudt,"https://static.www.nfl.com/image/private/f_auto,q_auto/league/lhkeihzoy2tletzrlfn9"
Clifton McNeil,
Clint Longley,"https://static.www.nfl.com/image/private/f_auto,q_auto/league/qpt2zsa70sfljwqdlavl"
Clint Stoerner,"https://static.www.nfl.com/image/private/f_auto,q_auto/league/ltypnq9otpteo5qqwg4i"
Clinton Portis,"https://static.www.nfl.com/image/private/f_auto,q_auto/league/nuj4tdazwyxp6cfhac7h"
Cody Carlson,"https://static.www.nfl.com/image/private/f_auto,q_auto/league/zqe8bpj3sz3gj7xmlurz"
Cody Kessler,"https://static.www.nfl.com/image/private/f_auto,q_auto/league/gkvutiyutml2atftmu09"
Cody Pickett,"https://static.www.nfl.com/image/private/f_auto,q_auto/league/wxgg1ppgzum8llkt9fad"
Colby Wadman,"https://static.www.nfl.com/image/private/f_auto,q_auto/league/hlmh4uiswctg0tlo0yh1"
Cole Beasley,"https://static.www.nfl.com/image/private/f_auto,q_auto/league/y5r0fhwctl6ljwvmktvu"
Cole Kmet,"https://static.www.nfl.com/image/upload/f_auto,q_auto/league/ysnui8mzlu2fo70ub0yt"
Colin Kaepernick,"https://static.www.nfl.com/image/private/f_auto,q_auto/league/qgwfhbsrryni5fcxbl6a"
Colt McCoy,"https://static.www.nfl.com/image/private/f_auto,q_auto/league/jqdwuhtcovhdnqno0mhg"
Connor Cook,"https://static.www.nfl.com/image/private/f_auto,q_auto/league/j2v4kefi8je2l5q4tmxe"
Connor Heyward,"https://static.www.nfl.com/image/upload/f_auto,q_auto/league/nbbhxtutzvbj0ejljyyp"
Connor Shaw,"https://static.www.nfl.com/image/private/f_auto,q_auto/league/wni9fjikvlbolbnhmcbw"
Cooper Kupp,"https://static.www.nfl.com/image/upload/f_auto,q_auto/league/kjixprihktsfog6wx9sq"
Cooper Rush,"https://static.www.nfl.com/image/upload/f_auto,q_auto/league/mwrtykpswz7nbfisqlmj"
Cordarrelle Patterson,"https://static.www.nfl.com/image/upload/f_auto,q_auto/league/jktdrwmujfuqp94csnav"
Corey Bojorquez,"https://static.www.nfl.com/image/private/f_auto,q_auto/league/eiuli9dmspe6d4cwwa00"
Corey Dillon,"https://static.www.nfl.com/image/private/f_auto,q_auto/league/fkbrkwz0nztu20g3ljde"
Cory Sauter,"https://static.www.nfl.com/image/private/f_auto,q_auto/league/nh16y9ssyil8o6ohhpxs"
Cotton Speyrer,"https://static.www.nfl.com/image/private/f_auto,q_auto/league/m52ktjb3c7nvbtnp4kli"
Courtland Sutton,"https://static.www.nfl.com/image/upload/f_auto,q_auto/league/kqwmqcrlrwmqcvfuguhs"
Craig Baynham,
Craig Erickson,"https://static.www.nfl.com/image/private/f_auto,q_auto/league/im5vivd8jjrofw9iwswn"
Craig Hentrich,"https://static.www.nfl.com/image/private/f_auto,q_auto/league/yi7vmomfipszmzkaapds"
Craig Heyward,"https://static.www.nfl.com/image/private/f_auto,q_auto/league/z3nbkg7umsrmbsjlenwc"
Craig James,"https://static.www.nfl.com/image/private/f_auto,q_auto/league/iubtgzz9ns7gmikolo9n"
Craig Krenzel,"https://static.www.nfl.com/image/private/f_auto,q_auto/league/qhzxwubnl7x0yts6d5no"
Craig Kupp,"https://static.www.nfl.com/image/private/f_auto,q_auto/league/kcvneihmknoqng0guhsg"
Craig Morton,"https://static.www.nfl.com/image/private/f_auto,q_auto/league/l6oeiikjiactlghgkf6o"
Craig Nall,"https://static.www.nfl.com/image/private/f_auto,q_auto/league/jdnc4zi1r6b0r9ksd0kq"
Craig Penrose,"https://static.www.nfl.com/image/private/f_auto,q_auto/league/vmpeojoc8ejd0lhxv4oh"
Craig Whelihan,"https://static.www.nfl.com/image/private/f_auto,q_auto/league/no123axcwoni3gmbxa4d"
Cris Carter,"https://static.www.nfl.com/image/private/f_auto,q_auto/league/tb52fk83tmdpmbzwliuk"
Cris Collinsworth,"https://static.www.nfl.com/image/private/f_auto,q_auto/league/fim4z7r60ne7auyeivr4"
Curt Knight,
Curtis Conway,"https://static.www.nfl.com/image/private/f_auto,q_auto/league/xi2qseh2pqknw9xseuhw"
Curtis Dickey,"https://static.www.nfl.com/image/private/f_auto,q_auto/league/e9wmuxaybikgvjnjgtik"
Curtis Martin,"https://static.www.nfl.com/image/private/f_auto,q_auto/league/ikb6en50ga5g4wc8oekd"
Curtis Painter,"https://static.www.nfl.com/image/private/f_auto,q_auto/league/c4ukkuonh3ol8o7dc25y"
D'Andre Swift,"https://static.www.nfl.com/image/upload/f_auto,q_auto/league/owpmwzoilitcodc6cmxo"
D.J. Dozier,"https://static.www.nfl.com/image/private/f_auto,q_auto/league/sj6ktujeel8bdumm4edx"
D.J. Moore,"https://static.www.nfl.com/image/private/f_auto,q_auto/league/qqwugxxnxe62smcbibwg"
DJ Moore,"https://static.www.nfl.com/image/upload/f_auto,q_auto/league/lsavpxtqoqu25emwcnvy"
Dak Prescott,"https://static.www.nfl.com/image/upload/f_auto,q_auto/league/yvscmqq1qki8zfsemmcd"
Dalton Hilliard,"https://static.www.nfl.com/image/private/f_auto,q_auto/league/tnuburatvvej9fh2d10f"
Dameyune Craig,"https://static.www.nfl.com/image/private/f_auto,q_auto/league/px34d4jf9tw1e32fkw4l"
Damon Huard,"https://static.www.nfl.com/image/private/f_auto,q_auto/league/xertseiinipmodedwo4b"
Dan Darragh,
Dan Fouts,"https://static.www.nfl.com/image/private/f_auto,q_auto/league/jubsyezxh2cl5gzo4dow"
Dan Lewis,
Dan Manucci,"https://static.www.nfl.com/image/private/f_auto,q_auto/league/jot949cryyg8md5op1d9"
Dan Marino,"https://static.www.nfl.com/image/private/f_auto,q_auto/league/jk97vzadmthvdyu8mbr2"
Dan McGwire,"https://static.www.nfl.com/image/private/f_auto,q_auto/league/kuculoenhcm9ytzfa6g9"
Dan Orlovsky,"https://static.www.nfl.com/image/private/f_auto,q_auto/league/vr8juuraecwssjnviglf"
Dan Pastorini,"https://static.www.nfl.com/image/private/f_auto,q_auto/league/mu1zq5rtlvvdlaeb4sfa"
Dan Reeves,
Dan Stryzinski,"https://static.www.nfl.com/image/private/f_auto,q_auto/league/c7i9oicqgtjauvncuseo"
Danan Hughes,"https://static.www.nfl.com/image/private/f_auto,q_auto/league/lwv7un988uwapema7sye"
Danario Alexander,"https://static.www.nfl.com/image/private/f_auto,q_auto/league/vvu1dtofttohpfwiolyo"
Dane Looker,"https://static.www.nfl.com/image/private/f_auto,q_auto/league/yaekv9wmvkduhdzsvdrb"
Daniel Jones,"https://static.www.nfl.com/image/upload/f_auto,q_auto/league/ohvvctuykzwrpqer7xgl"
Daniel Sepulveda,"https://static.www.nfl.com/image/private/f_auto,q_auto/league/zrhsrrvmj9zvvhwfs8ra"
Danny Abramowicz,"https://static.www.nfl.com/image/private/f_auto,q_auto/league/njn7ibtbvpkrkvwwclhe"
Danny Amendola,"https://static.www.nfl.com/image/private/f_auto,q_auto/league/etz06w7s0ardf49mnayz"
Danny Kanell,"https://static.www.nfl.com/image/private/f_auto,q_auto/league/xfagnwy90alhzdypsnn4"
Danny Villanueva,
Danny White,"https://static.www.nfl.com/image/private/f_auto,q_auto/league/z0qceljtywyvmj2z0jis"
Danny Wuerffel,"https://static.www.nfl.com/image/private/f_auto,q_auto/league/uitgt9ptnhl2c0bxmwow"
Dante Hall,"https://static.www.nfl.com/image/private/f_auto,q_auto/league/kbnhi4dslz0xvp9iwz2y"
Dante Pettis,"https://static.www.nfl.com/image/upload/f_auto,q_auto/league/xz70t2ahl2ak2q9mqtia"
Darius Jennings,"https://static.www.nfl.com/image/private/f_auto,q_auto/league/a5hbv77h2qaienl37ptf"
Darnay Scott,"https://static.www.nfl.com/image/private/f_auto,q_auto/league/parvdthv81x0j4z6jlb6"
Darnell Mooney,"https://static.www.nfl.com/image/upload/f_auto,q_auto/league/eaejonwaflt9drrs9ika"
Darren Bennett,"https://static.www.nfl.com/image/private/f_auto,q_auto/league/i6gctxpcthg8dlk9pbkm"
Darren McFadden,"https://static.www.nfl.com/image/private/f_auto,q_auto/league/bfvionxxsfckmjqtw4kv"
Darrin Nelson,"https://static.www.nfl.com/image/private/f_auto,q_auto/league/hncynvsmnndttnutlszs"
Daryl Hobbs,"https://static.www.nfl.com/image/private/f_auto,q_auto/league/uzq1cdtldvmenghifxpa"
Daryle Lamonica,"https://static.www.nfl.com/image/private/f_auto,q_auto/league/hwx2mzehcjxjxtpwzba1"
Daunte Culpepper,"https://static.www.nfl.com/image/private/f_auto,q_auto/league/vmvl5xojgtwm6jadhy7l"
Dave Barr,"https://static.www.nfl.com/image/private/f_auto,q_auto/league/ovdl4tx6bxojrprazuml"
Dave Brown,"https://static.www.nfl.com/image/private/f_auto,q_auto/league/dufnybaaskdsr6ax2sps"
Dave Casper,"https://static.www.nfl.com/image/private/f_auto,q_auto/league/njpwjyzxtmgh7jt6oznj"
Dave Finzer,"https://static.www.nfl.com/image/private/f_auto,q_auto/league/ulon9rtskqyz72tafiht"
Dave Green,"https://static.www.nfl.com/image/private/f_auto,q_auto/league/bpompxrbpkdhq0ia6ogo"
Dave Jennings,"https://static.www.nfl.com/image/private/f_auto,q_auto/league/cyz1jmnzrjkhirfdnakm"
Dave Kopay,
Dave Krieg,"https://static.www.nfl.com/image/private/f_auto,q_auto/league/srx5ku7mit9cvbapch11"
Dave Lewis,"https://static.www.nfl.com/image/private/f_auto,q_auto/league/khb5gzc1cr8i73c7uubm"
Dave Logan,"https://static.www.nfl.com/image/private/f_auto,q_auto/league/lc0uim8wtoxao3x8ab8c"
Dave Mays,"https://static.www.nfl.com/image/private/f_auto,q_auto/league/ivnrbfnfzblngqsiuvlw"
Dave Meggett,"https://static.www.nfl.com/image/private/f_auto,q_auto/league/czc5ehkkhtpepzzv3uun"
Dave Moore,"https://static.www.nfl.com/image/private/f_auto,q_auto/league/dpkynnhekynii7fskyll"
Dave Parks,
Dave Preston,"https://static.www.nfl.com/image/private/f_auto,q_auto/league/zxklvhixlchytojf8ggy"
Dave Ragone,"https://static.www.nfl.com/image/private/f_auto,q_auto/league/ao5q2tsim1s1l97bxarq"
Dave Stief,"https://static.www.nfl.com/image/private/f_auto,q_auto/league/gsbn9ncddqtfxqzv7vhb"
Dave Walter,"https://static.www.nfl.com/image/private/f_auto,q_auto/league/llxrbqgnrila6pmw4s9p"
Dave Wilson,"https://static.www.nfl.com/image/private/f_auto,q_auto/league/lxppdhwvuubfppm4uuzd"
Dave Zastudil,"https://static.www.nfl.com/image/private/f_auto,q_auto/league/h15ktbiagctphhbq4hp8"
David Akers,"https://static.www.nfl.com/image/private/f_auto,q_auto/league/emsxaumip79uaj7bq8jd"
David Archer,"https://static.www.nfl.com/image/private/f_auto,q_auto/league/evvc9571w3sqipjkkxl0"
David Beverly,"https://static.www.nfl.com/image/private/f_auto,q_auto/league/wfkvlrwkinvheuktie4z"
David Blough,"https://static.www.nfl.com/image/private/f_auto,q_auto/league/enumsdgbnfykd6znzeck"
David Carr,"https://static.www.nfl.com/image/private/f_auto,q_auto/league/raoec7zczzr8ooz0vutw"
David Dunn,"https://static.www.nfl.com/image/private/f_auto,q_auto/league/bjv8dzqir9jvvk2uk9id"
David Fales,"https://static.www.nfl.com/image/private/f_auto,q_auto/league/ia2suxqu26medpwikspy"
David Garrard,"https://static.www.nfl.com/image/private/f_auto,q_auto/league/ogcdepv291fwwguy3zho"
David Givens,"https://static.www.nfl.com/image/private/f_auto,q_auto/league/mohq1lhnq54inmwhsred"
David Hill,"https://static.www.nfl.com/image/private/f_auto,q_auto/league/cuasnlb47l6i9wqkyp4h"
David Humm,"https://static.www.nfl.com/image/private/f_auto,q_auto/league/jmsabgyygnp8aig2qpfr"
David Jaynes,"https://static.www.nfl.com/image/private/f_auto,q_auto/league/ver88bze6qpxh9jjrb0n"
David Klingler,"https://static.www.nfl.com/image/private/f_auto,q_auto/league/awileyiayqolyddhirtg"
David Montgomery,"https://static.www.nfl.com/image/upload/f_auto,q_auto/league/csz0c9roa4pqsccothxg"
David Norrie,"https://static.www.nfl.com/image/private/f_auto,q_auto/league/jpsjleiemkqynj7l5jbs"
David Patten,"https://static.www.nfl.com/image/private/f_auto,q_auto/league/zzybbpvmsjs093ikw5ex"
David Sims,"https://static.www.nfl.com/image/private/f_auto,q_auto/league/avynf078n0tynw5cldlw"
David Whitehurst,"https://static.www.nfl.com/image/private/f_auto,q_auto/league/llgg5esqg5yxw961lonq"
David Woodley,"https://static.www.nfl.com/image/private/f_auto,q_auto/league/oopqirpipkq1coe9z8dg"
Davis Mills,"https://static.www.nfl.com/image/upload/f_auto,q_auto/league/jh9e97vjzmeafx8jz0sn"
Davis Webb,"https://static.www.nfl.com/image/private/f_auto,q_auto/league/rxvilxbyuvwvorzzxhxf"
DeAndre Hopkins,"https://static.www.nfl.com/image/upload/f_auto,q_auto/league/snvo6holyfdjmrlqxqxu"
DeMarco Murray,"https://static.www.nfl.com/image/private/f_auto,q_auto/league/lu4pqg7cvxbz7z4oormo"
DeSean Jackson,"https://static.www.nfl.com/image/private/f_auto,q_auto/league/pr5m864fqvnoozihylrh"
DeShaun Foster,"https://static.www.nfl.com/image/private/f_auto,q_auto/league/jujycv6ylthhpis3i3wl"
DeShone Kizer,"https://static.www.nfl.com/image/private/f_auto,q_auto/league/ajaqaaxoogjnfgxduv4u"
Dean Carlson,"https://static.www.nfl.com/image/private/f_auto,q_auto/league/vai0a3eorfkejx9ccprc"
Dean May,"https://static.www.nfl.com/image/private/f_auto,q_auto/league/opocyqawuhowo5lbeont"
Dede Westbrook,"https://static.www.nfl.com/image/private/f_auto,q_auto/league/jjlxw2ircxecpx3ipeax"
Dee Brown,"https://static.www.nfl.com/image/private/f_auto,q_auto/league/pgrpjdnlzbucmfispr4q"
DeeJay Dallas,"https://static.www.nfl.com/image/upload/f_auto,q_auto/league/qrvemj4m3g2mqlbgy352"
Deebo Samuel Sr.,"https://static.www.nfl.com/image/upload/f_auto,q_auto/league/ntgyhqg6hq7fanhhsqiw"
Deion Sanders,"https://static.www.nfl.com/image/private/f_auto,q_auto/league/hgcom8m5korxg0lvnxhj"
Delvin Williams,"https://static.www.nfl.com/image/private/f_auto,q_auto/league/qkyfifzl3vydqgcvhp2w"
Demaryius Thomas,"https://static.www.nfl.com/image/private/f_auto,q_auto/league/p1yjsqtqimjd6iazu3h9"
Denard Robinson,"https://static.www.nfl.com/image/private/f_auto,q_auto/league/qxucqizbxstsxgtv0jpn"
Dennis Claridge,
Dennis Dixon,"https://static.www.nfl.com/image/private/f_auto,q_auto/league/cqwnypjswvhf5t13e3o8"
Dennis Morrison,"https://static.www.nfl.com/image/private/f_auto,q_auto/league/mdjabxky0rkyzecfsgmv"
Dennis Northcutt,"https://static.www.nfl.com/image/private/f_auto,q_auto/league/ek5gyfklwyjhe2xxe69w"
Dennis Shaw,"https://static.www.nfl.com/image/private/f_auto,q_auto/league/cznmmo3vt0uur6pbabwg"
Dennis Sproul,"https://static.www.nfl.com/image/private/f_auto,q_auto/league/dzzcdcapqcupo1jx0vr2"
Derek Anderson,"https://static.www.nfl.com/image/private/f_auto,q_auto/league/w191gsxivnqgdwgydka6"
Derek Carr,"https://static.www.nfl.com/image/upload/f_auto,q_auto/league/qsz1pyrlu6bmvby6maaf"
Derrick Harmon,"https://static.www.nfl.com/image/upload/f_auto,q_auto/league/ogsybhwk95emepsiu0my"
Derrick Henry,"https://static.www.nfl.com/image/upload/f_auto,q_auto/league/tm79x0iknqg6hms3ypyt"
Deshaun Watson,"https://static.www.nfl.com/image/private/f_auto,q_auto/league/otfs2docj6eahaebo5xn"
Desmond Ridder,"https://static.www.nfl.com/image/upload/f_auto,q_auto/league/rhpusa7pfgd82d9ui6y7"
Deuce McAllister,"https://static.www.nfl.com/image/private/f_auto,q_auto/league/jvzk4fr8bxmzo0kjcjdf"
Devin Singletary,"https://static.www.nfl.com/image/upload/f_auto,q_auto/league/xy2r2msxjqneml2c1cdc"
Devlin Hodges,"https://static.www.nfl.com/image/private/f_auto,q_auto/league/z5c3pa2yd7uefaexblem"
Dez Bryant,"https://static.www.nfl.com/image/private/f_auto,q_auto/league/gvepdqkr998dbgfawn7e"
Dick Bass,
Dick Hoak,
Dick James,
Dick Shiner,"https://static.www.nfl.com/image/private/f_auto,q_auto/league/tvk6pwyhn74ivikopjw6"
Dieter Brock,"https://static.www.nfl.com/image/private/f_auto,q_auto/league/jyooeq5f4yj9d4vwj9mc"
Dillon Gabriel,"https://static.www.nfl.com/image/upload/f_auto,q_auto/league/szpyvusef9jvoctbnkbk"
Dirk Johnson,"https://static.www.nfl.com/image/private/f_auto,q_auto/league/liuoswqetnmkknz3y0am"
Domanick Williams,"https://static.www.nfl.com/image/private/f_auto,q_auto/league/mu7kp64coo3jeycmxota"
Dominique Davis,"https://static.www.nfl.com/image/private/f_auto,q_auto/league/gdsdeixrmlrdstbxmhcb"
Don Cockroft,"https://static.www.nfl.com/image/private/f_auto,q_auto/league/mghu1h1eobmphjqqpgx1"
Don Gault,
Don Heinrich,
Don Horn,"https://static.www.nfl.com/image/private/f_auto,q_auto/league/yntiir9ap1u3p9yzvsi0"
Don Lisbon,
Don Majkowski,"https://static.www.nfl.com/image/private/f_auto,q_auto/league/hfp8aw90oamg2v3qvjcj"
Don McCall,
Don McCauley,"https://static.www.nfl.com/image/private/f_auto,q_auto/league/tv3f6osain0wrr7dp6bg"
Don Meredith,
Don Milan,"https://static.www.nfl.com/image/private/f_auto,q_auto/league/gnlij5ad2pkmzkggxlhc"
Don Shy,
Don Smith,"https://static.www.nfl.com/image/private/f_auto,q_auto/league/nds6vhe8rbt6gaiqtt5r"
Don Strock,"https://static.www.nfl.com/image/private/f_auto,q_auto/league/n9pjpwjn4d3xda0llwzi"
Don Westbrook,
Don Woods,"https://static.www.nfl.com/image/private/f_auto,q_auto/league/d3pfemuynpi8vth458sv"
Donald Hollas,"https://static.www.nfl.com/image/private/f_auto,q_auto/league/j0dpbo21b8tmkllbhxq3"
Donnie Jones,"https://static.www.nfl.com/image/private/f_auto,q_auto/league/qds7simibz6lt6ckf5yo"
Donny Anderson,"https://static.www.nfl.com/image/private/f_auto,q_auto/league/igxygw54r1jkdcklviht"
Donovan McNabb,"https://static.www.nfl.com/image/private/f_auto,q_auto/league/wd6jjtwdweq7v3ya2pet"
Dontari Poe,"https://static.www.nfl.com/image/private/f_auto,q_auto/league/gjbkt6fwdu9qhurrekkx"
Dontayvion Wicks,"https://static.www.nfl.com/image/upload/f_auto,q_auto/league/v1lt8kpvkn0qw5elyaoz"
Dontrell Hilliard,"https://static.www.nfl.com/image/private/f_auto,q_auto/league/ukhyslngeuojxkjqfq9f"
Dorian Thompson-Robinson,"https://static.www.nfl.com/image/upload/f_auto,q_auto/league/ujuyt3hpswlin3aahmhu"
Dorsey Levens,"https://static.www.nfl.com/image/private/f_auto,q_auto/league/sfuocpcy2nem6bllgiri"
Doug Baldwin,"https://static.www.nfl.com/image/private/f_auto,q_auto/league/kccmcttfdtl7m3g49vb8"
Doug Cunningham,"https://static.www.nfl.com/image/private/f_auto,q_auto/league/gnn8l4kvwarcn0wx7gt2"
Doug Elmore,
Doug Flutie,"https://static.www.nfl.com/image/private/f_auto,q_auto/league/unmsud4qh5emea93d31q"
Doug Gaynor,"https://static.www.nfl.com/image/private/f_auto,q_auto/league/bqjn93ez7cdmgydx4h22"
Doug Hudson,"https://static.www.nfl.com/image/private/f_auto,q_auto/league/acl67z9kn65eejpi8hhg"
Doug Johnson,"https://static.www.nfl.com/image/private/f_auto,q_auto/league/qmruhueityco0jsiyfjq"
Doug Nussmeier,"https://static.www.nfl.com/image/private/f_auto,q_auto/league/aqwmbbqibmmsbxjmmquu"
Doug Pederson,"https://static.www.nfl.com/image/private/f_auto,q_auto/league/qe4j7iaaaq0iz8dma3ev"
Doug Pelfrey,"https://static.www.nfl.com/image/private/f_auto,q_auto/league/mevgsdwieluw6lmuhjj7"
Doug Williams,"https://static.www.nfl.com/image/private/f_auto,q_auto/league/bfbjfeajryl0w71u5rwk"
Drake London,"https://static.www.nfl.com/image/upload/f_auto,q_auto/league/mcllowcfrmmdeo4zy3g1"
Drake Maye,"https://static.www.nfl.com/image/upload/f_auto,q_auto/league/s1nmoon2xnrc3bnyulv4"
Drew Bennett,"https://static.www.nfl.com/image/private/f_auto,q_auto/league/xztlttrhxqekjfl6xk93"
Drew Bledsoe,"https://static.www.nfl.com/image/private/f_auto,q_auto/league/asbipakyrn90khbmi7xo"
Drew Brees,"https://static.www.nfl.com/image/private/f_auto,q_auto/league/bt6nv11jgsirnuymookt"
Drew Henson,"https://static.www.nfl.com/image/private/f_auto,q_auto/league/rsamlgtvqzsysysdas49"
Drew Hill,"https://static.www.nfl.com/image/private/f_auto,q_auto/league/socupvhqhg0lvquxfn8p"
Drew Lock,"https://static.www.nfl.com/image/upload/f_auto,q_auto/league/vdixnkk1uglfpwowalf8"
Drew Pearson,"https://static.www.nfl.com/image/private/f_auto,q_auto/league/j4qa2jefavaeprnvnxze"
Drew Stanton,"https://static.www.nfl.com/image/private/f_auto,q_auto/league/di5hc0mwbomreqx7ojbu"
Duane Carrell,"https://static.www.nfl.com/image/private/f_auto,q_auto/league/qi4qqgtvlx5spqlr7pi9"
Duane Thomas,"https://static.www.nfl.com/image/private/f_auto,q_auto/league/z6zigr1gtluqzjviapb1"
Duke Johnson,"https://static.www.nfl.com/image/private/f_auto,q_auto/league/hf7lxjjesduggqdfktsg"
Dustin Colquitt,"https://static.www.nfl.com/image/private/f_auto,q_auto/league/v1aymd6o0vpg73ytxzhu"
Dwayne Haskins,"https://static.www.nfl.com/image/private/f_auto,q_auto/league/cctguuvjeglkuo1o6yvx"
Dwight Clark,"https://static.www.nfl.com/image/private/f_auto,q_auto/league/zzqgj9w7by4f8bn2bisg"
Dwight Walker,"https://static.www.nfl.com/image/private/f_auto,q_auto/league/mdo8f8lvratzkbmmaont"
Dyami Brown,"https://static.www.nfl.com/image/upload/f_auto,q_auto/league/addv9eheok1jj7amfkpb"
EJ Manuel,"https://static.www.nfl.com/image/private/f_auto,q_auto/league/day0kzescuwievdhlacd"
Eagle Day,
Earl Campbell,"https://static.www.nfl.com/image/private/f_auto,q_auto/league/svozyfy3gco5j6seywed"
Earl Gros,
Earl McCullouch,"https://static.www.nfl.com/image/private/f_auto,q_auto/league/xmxbw9mvoveizgjobcci"
Earl Morrall,"https://static.www.nfl.com/image/private/f_auto,q_auto/league/tu0czgfywu5r5ybfgwzo"
Earl Thomas,"https://static.www.nfl.com/image/private/f_auto,q_auto/league/zqeizl8cu6rbtyjwbjka"
Earnest Byner,"https://static.www.nfl.com/image/private/f_auto,q_auto/league/yb7xgclmqv5l26cqogzg"
Earnest Graham,"https://static.www.nfl.com/image/private/f_auto,q_auto/league/qzmev6dpacggkawbipds"
Easton Stick,"https://static.www.nfl.com/image/upload/f_auto,q_auto/league/rspxeh6kxzfr7ftkcywh"
Ed Baker,
Ed Brown,
Ed Luther,"https://static.www.nfl.com/image/private/f_auto,q_auto/league/p8bumbsjftk9d56tszhc"
Ed Podolak,"https://static.www.nfl.com/image/private/f_auto,q_auto/league/sl6vc77msoeynqnvshlx"
Ed Rubbert,"https://static.www.nfl.com/image/private/f_auto,q_auto/league/uldcyc0byofg5gboiboh"
Ed Vereb,
Edd Hargett,
Eddie Bell,"https://static.www.nfl.com/image/private/f_auto,q_auto/league/ldpytabrum0gsu0xostl"
Eddie Hare,"https://static.www.nfl.com/image/private/f_auto,q_auto/league/yr0znjbgrzjbo22rioye"
Eddie Hill,"https://static.www.nfl.com/image/private/f_auto,q_auto/league/tzdmcss0ssf5qxpovewx"
Eddie LeBaron,
Eddie Lee Ivery,"https://static.www.nfl.com/image/private/f_auto,q_auto/league/fwx0ce258pvztzgnzrtl"
Eddie Meador,
Eddie Royal,"https://static.www.nfl.com/image/private/f_auto,q_auto/league/xoejgvlit9inmaazsvk4"
Edgar Bennett,"https://static.www.nfl.com/image/private/f_auto,q_auto/league/ypwsi8hiiycvtejvlbvr"
Eli Manning,"https://static.www.nfl.com/image/private/f_auto,q_auto/league/w51tf8uedjftbr4qpaex"
Elijah Pitts,
Elvis Grbac,"https://static.www.nfl.com/image/private/f_auto,q_auto/league/s4ry52iclpzzgg1aave6"
Emmanuel Sanders,"https://static.www.nfl.com/image/private/f_auto,q_auto/league/potkibjtm855tsawozs0"
Emmitt Smith,"https://static.www.nfl.com/image/private/f_auto,q_auto/league/ub78gyoyi3x1wlaow49n"
Eric Bieniemy,"https://static.www.nfl.com/image/private/f_auto,q_auto/league/ht262xobhq7ecc6pmojf"
Eric Decker,"https://static.www.nfl.com/image/private/f_auto,q_auto/league/jg5ftnvxz4jdiajzeoyn"
Eric Dickerson,"https://static.www.nfl.com/image/private/f_auto,q_auto/league/jhnq2bvn8ryvxiwlfhk8"
Eric Ebron,"https://static.www.nfl.com/image/private/f_auto,q_auto/league/uaxsxymncppase7ihczd"
Eric Guliford,"https://static.www.nfl.com/image/private/f_auto,q_auto/league/vh5iwwicesy3clknqq7x"
Eric Hipple,"https://static.www.nfl.com/image/private/f_auto,q_auto/league/bmbixu0mxxrxmdsc3grb"
Eric Kresser,"https://static.www.nfl.com/image/private/f_auto,q_auto/league/cgt2gboo2imwv2nwxad6"
Eric Lane,"https://static.www.nfl.com/image/private/f_auto,q_auto/league/ds4cju0lrpjyevok0wrv"
Eric Metcalf,"https://static.www.nfl.com/image/private/f_auto,q_auto/league/rtb4zaiesb4liauhju9c"
Eric Weddle,"https://static.www.nfl.com/image/private/f_auto,q_auto/league/zpf0d4cmeobcjjudzghs"
Eric Zeier,"https://static.www.nfl.com/image/private/f_auto,q_auto/league/qnheqzrnmuupnxcblqak"
Erik Kramer,"https://static.www.nfl.com/image/private/f_auto,q_auto/league/ki0klfaycq3bhbcrjddx"
Erik Wilhelm,"https://static.www.nfl.com/image/private/f_auto,q_auto/league/wxr77gux79rgylz8aw8f"
Ernest Givins,"https://static.www.nfl.com/image/private/f_auto,q_auto/league/zkvwfhaul3crsorbnrdq"
Ernie Koy,
Ethan Horton,"https://static.www.nfl.com/image/private/f_auto,q_auto/league/h6hmzuszukaxxz9eumag"
Evan Arapostathis,"https://static.www.nfl.com/image/private/f_auto,q_auto/league/nqisrmajry0efoaufhte"
Ezekiel Elliott,"https://static.www.nfl.com/image/upload/f_auto,q_auto/league/d4yr6htg4dbs0bgcfqnd"
Feleipe Franks,"https://static.www.nfl.com/image/upload/f_auto,q_auto/league/nbn1wxlh6los4y2am3ro"
Floyd Hodge,"https://static.www.nfl.com/image/private/f_auto,q_auto/league/ur4gcoezv2bxiv2gumo6"
Floyd Little,"https://static.www.nfl.com/image/private/f_auto,q_auto/league/ojkvdxv5e5xisbxrosev"
Fran Tarkenton,"https://static.www.nfl.com/image/private/f_auto,q_auto/league/ihf6rynix853sp4e3sjp"
Franco Harris,"https://static.www.nfl.com/image/private/f_auto,q_auto/league/ajagqtwni1q9a0lcbzwq"
Frank Clarke,
Frank Corral,"https://static.www.nfl.com/image/private/f_auto,q_auto/league/la0xsjzunlus936r9avq"
Frank Garcia,"https://static.www.nfl.com/image/private/f_auto,q_auto/league/oifddp05rrlxphquae8y"
Frank Gifford,
Frank Patrick,
Frank Reich,"https://static.www.nfl.com/image/private/f_auto,q_auto/league/nkpm0bxnw4rcborbzelx"
Frank Ryan,
Frank Sanders,"https://static.www.nfl.com/image/private/f_auto,q_auto/league/v3rh05ps0k9d8wahpyxc"
Frank Seurer,"https://static.www.nfl.com/image/private/f_auto,q_auto/league/mu1zsjfcosqvw5t603eg"
Frank Wattelet,"https://static.www.nfl.com/image/private/f_auto,q_auto/league/s8prythag7gr6sjwkmb5"
Frank Wycheck,"https://static.www.nfl.com/image/private/f_auto,q_auto/league/in369qjr6yktjab7p5dv"
Frankie Neal,"https://static.www.nfl.com/image/private/f_auto,q_auto/league/q90vu673czbsphkmq05h"
Fred Cox,"https://static.www.nfl.com/image/private/f_auto,q_auto/league/mxt3crmvnuyd2b7hjmii"
Fred Jackson,"https://static.www.nfl.com/image/private/f_auto,q_auto/league/ibu4ltouiplhatsn4ptq"
Fred Willis,"https://static.www.nfl.com/image/private/f_auto,q_auto/league/ljcrf0tz44gzimh6ib03"
Freddie Mitchell,"https://static.www.nfl.com/image/private/f_auto,q_auto/league/rbnq3f5tf0ptqphbckkp"
Freddie Scott,"https://static.www.nfl.com/image/private/f_auto,q_auto/league/bdjgfyfsibxmrbmecj4a"
Freddie Solomon,"https://static.www.nfl.com/image/private/f_auto,q_auto/league/q80s0ypa7n3mxykuk3jk"
Freeman McNeil,"https://static.www.nfl.com/image/private/f_auto,q_auto/league/heaedw8ihtywzevb8wvg"
Frisman Jackson,"https://static.www.nfl.com/image/private/f_auto,q_auto/league/dxefpjcoiavelb1qugue"
Gale Gilbert,"https://static.www.nfl.com/image/private/f_auto,q_auto/league/qxjcyumzw5h3hody2l7i"
Gale Sayers,
Galen Hall,
Gardner Minshew,"https://static.www.nfl.com/image/upload/f_auto,q_auto/league/knlacyr7rqfkcxiriudj"
Gardner Minshew II,
Garrett Gilbert,"https://static.www.nfl.com/image/private/f_auto,q_auto/league/tqn0pjemxn7hoze93kwa"
Garrett Wilson,"https://static.www.nfl.com/image/upload/f_auto,q_auto/league/upxwxmhdd8xluztgqwhe"
Garrison Hearst,"https://static.www.nfl.com/image/private/f_auto,q_auto/league/cskz5dnxqszembvw4mgb"
Gary Anderson,"https://static.www.nfl.com/image/private/f_auto,q_auto/league/fofzz3dwrg1vr2drmoak"
Gary Ballman,
Gary Beban,
Gary Cuozzo,
Gary Danielson,"https://static.www.nfl.com/image/private/f_auto,q_auto/league/vag08i1oekw4yvjxphto"
Gary Hammond,"https://static.www.nfl.com/image/private/f_auto,q_auto/league/jgtvhtl3r7htp3vrjr09"
Gary Hogeboom,"https://static.www.nfl.com/image/private/f_auto,q_auto/league/w9inwhfdml5yn7rxn8au"
Gary Huff,"https://static.www.nfl.com/image/private/f_auto,q_auto/league/cv8ivflpgd6ojol8b4lc"
Gary Keithley,"https://static.www.nfl.com/image/private/f_auto,q_auto/league/ympsuh0p6tcs9ijtwepy"
Gary Kubiak,"https://static.www.nfl.com/image/private/f_auto,q_auto/league/e9tkipvmkvz3zoopendk"
Gary Lane,
Gary Lowe,
Gary Marangi,"https://static.www.nfl.com/image/private/f_auto,q_auto/league/fezvxpo0eooxebxvfewr"
Gary Wood,
Gene Foster,
Gene Lang,"https://static.www.nfl.com/image/private/f_auto,q_auto/league/vox8eyj8btauhose5iuh"
Gene Washington,"https://static.www.nfl.com/image/private/f_auto,q_auto/league/icxvedzkjvb8lgl4ygco"
Geno Smith,"https://static.www.nfl.com/image/upload/f_auto,q_auto/league/zppfqqcyjfma14jjif3a"
George Adams,"https://static.www.nfl.com/image/private/f_auto,q_auto/league/az7w0uulag2praliusgu"
George Amundson,"https://static.www.nfl.com/image/private/f_auto,q_auto/league/g5nbhkyea1hjc9awvgln"
George Blanda,"https://static.www.nfl.com/image/private/f_auto,q_auto/league/aofp1gfh2uwiundjxs4h"
George Izo,
George Mira,
George Shaw,
Gerald Riggs,"https://static.www.nfl.com/image/private/f_auto,q_auto/league/b95dwlkkxg4a63p4xz7d"
Gerald Willhite,"https://static.www.nfl.com/image/private/f_auto,q_auto/league/zjmqmpkrs9akb6ziwt7u"
Gerry Ellis,"https://static.www.nfl.com/image/private/f_auto,q_auto/league/h9ltxvlkbzbval2kkrbn"
Gibran Hamdan,"https://static.www.nfl.com/image/private/f_auto,q_auto/league/l1zemgrr4vkxemrpasoc"
Gifford Nielsen,"https://static.www.nfl.com/image/private/f_auto,q_auto/league/gqcxmm0f00h6ezzth6qg"
Gino Torretta,"https://static.www.nfl.com/image/private/f_auto,q_auto/league/yxce6b3hlrvhjd66qvuv"
Glen Walker,"https://static.www.nfl.com/image/private/f_auto,q_auto/league/rgbwkk7h47j3dc2tc3xg"
Glenn Carano,"https://static.www.nfl.com/image/private/f_auto,q_auto/league/tpsrhddvz1jlvekntyu5"
Glenn Foley,"https://static.www.nfl.com/image/private/f_auto,q_auto/league/mmg3wmyt52x7nvtkdbvy"
Glynn Griffing,
Golden Tate,"https://static.www.nfl.com/image/private/f_auto,q_auto/league/yfqebrp2o9t1gt1wqjku"
Graham Harrell,"https://static.www.nfl.com/image/private/f_auto,q_auto/league/nsm0shfxfsazckrfmfki"
Greg Barton,
Greg Bell,"https://static.www.nfl.com/image/private/f_auto,q_auto/league/pwgknv82lzyx06iotxmw"
Greg Cater,"https://static.www.nfl.com/image/private/f_auto,q_auto/league/gbkzph9knjjmczwxar5a"
Greg Coleman,"https://static.www.nfl.com/image/private/f_auto,q_auto/league/jao2nismff9lybqoqoqt"
Greg Cook,
Greg Gantt,"https://static.www.nfl.com/image/private/f_auto,q_auto/league/tl3bhamtjs8fatniw5s1"
Greg Landry,"https://static.www.nfl.com/image/private/f_auto,q_auto/league/z4iewz102t4jrdsayiz0"
Greg Lewis,"https://static.www.nfl.com/image/private/f_auto,q_auto/league/fqaoya2vdsquz0jb1isr"
Greg McElroy,"https://static.www.nfl.com/image/private/f_auto,q_auto/league/jt2vd2zz8ob8cpwmkgpj"
Greg McMurtry,"https://static.www.nfl.com/image/private/f_auto,q_auto/league/u5zn70p9q7sb2xccwnbr"
Greg Pruitt,"https://static.www.nfl.com/image/private/f_auto,q_auto/league/kcfhqaxhwtew8qinlxxu"
Greg Ward,"https://static.www.nfl.com/image/private/f_auto,q_auto/league/avy32bijim6pgiiu8gtz"
Guido Merkens,"https://static.www.nfl.com/image/private/f_auto,q_auto/league/qpxvrcfvbexqwzgf0p3b"
Gunner Olszewski,"https://static.www.nfl.com/image/upload/f_auto,q_auto/league/q6fs5e2eotgeh47xeo74"
Gus Frerotte,"https://static.www.nfl.com/image/private/f_auto,q_auto/league/arjzgtjgdzfjcsvwqkej"
Guy Benjamin,"https://static.www.nfl.com/image/private/f_auto,q_auto/league/mdwqy3is7wjppfpp0zd6"
Hank Baskett,"https://static.www.nfl.com/image/private/f_auto,q_auto/league/bsgsx6yofx8dza4f5rh3"
Harmon Wages,
Harold Carmichael,"https://static.www.nfl.com/image/private/f_auto,q_auto/league/wefoaneozr3aqjxdl6ix"
Harold Jackson,"https://static.www.nfl.com/image/private/f_auto,q_auto/league/wdvvpjd2dctzlhortfwc"
Harry Newsome,"https://static.www.nfl.com/image/private/f_auto,q_auto/league/ebidfuwu9gynbems1nuw"
Harry Sydney,"https://static.www.nfl.com/image/private/f_auto,q_auto/league/zptibgbaow2cheyjyymn"
Harry Theofiledes,
Harvey Williams,"https://static.www.nfl.com/image/private/f_auto,q_auto/league/n9ji0r2hesiujqxqtiul"
Haskel Stanback,"https://static.www.nfl.com/image/private/f_auto,q_auto/league/v8bpfjqrm8bgqwardzjm"
Hassan Jones,"https://static.www.nfl.com/image/private/f_auto,q_auto/league/jejwg7rtjb8tmqupxoo7"
Heath Shuler,"https://static.www.nfl.com/image/private/f_auto,q_auto/league/ungw2296v8wmr3xbq5dd"
Hendon Hooker,"https://static.www.nfl.com/image/upload/f_auto,q_auto/league/jq92ol8hm5n7byqhpcps"
Henry Burris,"https://static.www.nfl.com/image/private/f_auto,q_auto/league/mxcf3sq2030efhwxbiwq"
Henry Hynoski,"https://static.www.nfl.com/image/private/f_auto,q_auto/league/u8ejhco2crpocjxnys3h"
Henry Marshall,"https://static.www.nfl.com/image/private/f_auto,q_auto/league/p05podyhqo7lae0prtmz"
Herman Fontenot,"https://static.www.nfl.com/image/private/f_auto,q_auto/league/ri3ez7s1rhvc3udg8tgy"
Herman Hunter,"https://static.www.nfl.com/image/private/f_auto,q_auto/league/rmf2nhg8tfq1wjfpereh"
Herman Weaver,"https://static.www.nfl.com/image/private/f_auto,q_auto/league/kvfa2bx5ehkmo10lcytu"
Herschel Walker,"https://static.www.nfl.com/image/private/f_auto,q_auto/league/fmo3jgdy7ll2jwhih9ml"
Hines Ward,"https://static.www.nfl.com/image/private/f_auto,q_auto/league/opna4defooarhcili0lp"
Hokie Gajan,"https://static.www.nfl.com/image/private/f_auto,q_auto/league/jvx2kn896f9iggvctyqf"
Horace King,"https://static.www.nfl.com/image/private/f_auto,q_auto/league/i6ms9ajzlvozkg8gccyc"
Howard Cassady,
Hugh McElhenny,
Hugh Millen,"https://static.www.nfl.com/image/private/f_auto,q_auto/league/zcr70xwyisnp7nmkinam"
Hunter Smith,"https://static.www.nfl.com/image/private/f_auto,q_auto/league/aebvcnpqzfrvphcepj0v"
Ian Book,"https://static.www.nfl.com/image/upload/f_auto,q_auto/league/gfizehze3lahkqm40vk4"
Ike Harris,"https://static.www.nfl.com/image/private/f_auto,q_auto/league/baedfhmjwf3lepdpcqiz"
Ike Hill,"https://static.www.nfl.com/image/private/f_auto,q_auto/league/usmpb26z9k6f4iemuvxc"
Irving Fryar,"https://static.www.nfl.com/image/private/f_auto,q_auto/league/f1cetjfdapgnqaeonxzy"
Isaac Bruce,"https://static.www.nfl.com/image/private/f_auto,q_auto/league/txgl2lvmyu3m28cltnib"
Isaiah McKenzie,"https://static.www.nfl.com/image/upload/f_auto,q_auto/league/gy6grhpxsegfgklfadte"
Isaiah Williams,"https://static.www.nfl.com/image/upload/f_auto,q_auto/league/rj2etltwzmlxyz1cfkeo"
Isaiah Wright,"https://static.www.nfl.com/image/private/f_auto,q_auto/league/egz0ulainb0ycha0tt9u"
Izzy Lang,
J.D. Smith,
J.J. Arrington,"https://static.www.nfl.com/image/private/f_auto,q_auto/league/ap5hhhat0phivdfilqve"
J.J. Jones,"https://static.www.nfl.com/image/private/f_auto,q_auto/league/uvfhpfx8uvtyj50b8lpy"
J.J. McCarthy,"https://static.www.nfl.com/image/upload/f_auto,q_auto/league/omybnfokapjw6jwb5dd3"
J.K. Scott,"https://static.www.nfl.com/image/upload/f_auto,q_auto/league/yayikawhfng99cqrosax"
J.P. Losman,"https://static.www.nfl.com/image/private/f_auto,q_auto/league/emv1dgq9b8wwqiow0xk4"
J.T. O'Sullivan,"https://static.www.nfl.com/image/private/f_auto,q_auto/league/jzmdiwnczp3heq92f9cy"
J.W. Lockett,
JK Scott,
Ja'Marr Chase,"https://static.www.nfl.com/image/upload/f_auto,q_auto/league/qya3dtjb5kgofcuj2tuw"
JaMarcus Russell,"https://static.www.nfl.com/image/private/f_auto,q_auto/league/j9utxwp9846osapesksk"
Jabar Gaffney,"https://static.www.nfl.com/image/private/f_auto,q_auto/league/jqsgaxs04w22z72svcxu"
Jack Concannon,"https://static.www.nfl.com/image/private/f_auto,q_auto/league/h4r5afr2dzz3qetlweoi"
Jack Fox,"https://static.www.nfl.com/image/upload/f_auto,q_auto/league/iwfepgslxhtx236z6faz"
Jack Gehrke,
Jack Holmes,"https://static.www.nfl.com/image/private/f_auto,q_auto/league/ju8iewp9wni17egyqk8l"
Jack Mildren,"https://static.www.nfl.com/image/private/f_auto,q_auto/league/iyelfxj49kpclavbfsxr"
Jack Thompson,"https://static.www.nfl.com/image/private/f_auto,q_auto/league/bhudzwjqrqr6xkl6ljvp"
Jack Trudeau,"https://static.www.nfl.com/image/private/f_auto,q_auto/league/cpmngogfqqenwtzc6ojk"
Jackie Smith,"https://static.www.nfl.com/image/private/f_auto,q_auto/league/hzrh4o21xokexvn4h8yo"
Jacob Eason,"https://static.www.nfl.com/image/private/f_auto,q_auto/league/e2qgyhtngjk0llvaswxe"
Jacoby Brissett,"https://static.www.nfl.com/image/upload/f_auto,q_auto/league/qjswiunczrn5xmdiqhlz"
Jahvid Best,"https://static.www.nfl.com/image/private/f_auto,q_auto/league/fmbr1nvmffgz15r2uzs7"
Jake Browning,"https://static.www.nfl.com/image/upload/f_auto,q_auto/league/isw3v1hnu2vogyayxlmy"
Jake Delhomme,"https://static.www.nfl.com/image/private/f_auto,q_auto/league/k5ovzylfya7c86x91067"
Jake Elliott,"https://static.www.nfl.com/image/upload/f_auto,q_auto/league/gxy1mhbnz1p2nufkg8qz"
Jake Fromm,"https://static.www.nfl.com/image/upload/f_auto,q_auto/league/i1dr9fc5smv3zpvygqil"
Jake Haener,"https://static.www.nfl.com/image/upload/f_auto,q_auto/league/jfxyp1qkekty7jwh5kcr"
Jake Locker,"https://static.www.nfl.com/image/private/f_auto,q_auto/league/d4nnolehy6budyk8xqom"
Jake Luton,"https://static.www.nfl.com/image/private/f_auto,q_auto/league/krvobstakocdgp3puv0g"
Jake Plummer,"https://static.www.nfl.com/image/private/f_auto,q_auto/league/iurwxdpuwvijm50vhwt9"
Jake Rudock,"https://static.www.nfl.com/image/private/f_auto,q_auto/league/lb8pxfnrvchcoy8y3c1h"
Jakobi Meyers,"https://static.www.nfl.com/image/upload/f_auto,q_auto/league/zrs4ij8mvw7wr1uujwew"
Jalen Coker,"https://static.www.nfl.com/image/upload/f_auto,q_auto/league/yynz8rxen6tsvhojggiv"
Jalen Hurts,"https://static.www.nfl.com/image/upload/f_auto,q_auto/league/xow5yvxjeqa6witmofmp"
Jalen Reeves-Maybin,"https://static.www.nfl.com/image/upload/f_auto,q_auto/league/oczccxuvy4ltvjy4fhmu"
Jamal Agnew,"https://static.www.nfl.com/image/upload/f_auto,q_auto/league/buapoaxrvjzwsr4l34mq"
Jamal Anderson,"https://static.www.nfl.com/image/private/f_auto,q_auto/league/faws2enuknhawnowkns0"
Jameis Winston,"https://static.www.nfl.com/image/upload/f_auto,q_auto/league/e5qyxnibbyawi0pvfpjl"
James Allen,"https://static.www.nfl.com/image/private/f_auto,q_auto/league/qknp1w8ha9zsjnqlmygj"
James Brooks,"https://static.www.nfl.com/image/private/f_auto,q_auto/league/dilcjdwlx0vwiky758zf"
James Hadnot,
James Harris,"https://static.www.nfl.com/image/private/f_auto,q_auto/league/xsldgx7helbpshqaiule"
James Jones,"https://static.www.nfl.com/image/private/f_auto,q_auto/league/rgputh3d4brz7dtzf0wh"
James Lofton,"https://static.www.nfl.com/image/private/f_auto,q_auto/league/ligcazckfbdlmcd2ekqv"
James Proche,"https://static.www.nfl.com/image/upload/f_auto,q_auto/league/s1jyxzrzgn2od1sempye"
James Ritchey,"https://static.www.nfl.com/image/private/f_auto,q_auto/league/rbzlcuapzatcvausmssq"
James Saxon,"https://static.www.nfl.com/image/private/f_auto,q_auto/league/o64mxoglzn9cgv6akj5m"
James Stewart,"https://static.www.nfl.com/image/private/f_auto,q_auto/league/lgogp3bzdaejy6hi83or"
James White,"https://static.www.nfl.com/image/private/f_auto,q_auto/league/z1nnkmnstccnqya5d5ee"
James Wilder,"https://static.www.nfl.com/image/private/f_auto,q_auto/league/afnn71ljk6s12c7eu0dp"
Jamie Caleb,
Jamie Martin,"https://static.www.nfl.com/image/private/f_auto,q_auto/league/k2ysdmfo5k8fbfsvzswq"
Jamison Crowder,"https://static.www.nfl.com/image/upload/f_auto,q_auto/league/rfysbrjrvfdr72cx8who"
Jaquan Johnson,"https://static.www.nfl.com/image/private/f_auto,q_auto/league/d83fqx8f4xboaay0iefs"
Jared Goff,"https://static.www.nfl.com/image/upload/f_auto,q_auto/league/kaicbot8qhzrvddilbtp"
Jared Lorenzen,"https://static.www.nfl.com/image/private/f_auto,q_auto/league/uy5i9yieg0pwmhdaglg4"
Jaren Hall,"https://static.www.nfl.com/image/upload/f_auto,q_auto/league/ki7jq97gzu1dv16hi4jq"
Jarious Jackson,"https://static.www.nfl.com/image/private/f_auto,q_auto/league/wv5zrkdyt90qtfbmuamt"
Jarrett Stidham,"https://static.www.nfl.com/image/upload/f_auto,q_auto/league/uzdn86skeienyyqxyiuw"
Jarvis Landry,"https://static.www.nfl.com/image/private/f_auto,q_auto/league/w2q9uwsjvgadwyvnvopb"
Jason Campbell,"https://static.www.nfl.com/image/private/f_auto,q_auto/league/z8bqudw5oqygrc6wumbh"
Jason Garrett,"https://static.www.nfl.com/image/private/f_auto,q_auto/league/dgrr8txfkt9xv2fjte8g"
Jason Witten,"https://static.www.nfl.com/image/private/f_auto,q_auto/league/r7uafhtwuexuaty0nhsc"
Jaxon Smith-Njigba,"https://static.www.nfl.com/image/upload/f_auto,q_auto/league/yx1xjrupbqdknnjaq4a6"
Jaxson Dart,"https://static.www.nfl.com/image/upload/f_auto,q_auto/league/n6uymxssgiicjmxkzxoc"
Jay Cutler,"https://static.www.nfl.com/image/private/f_auto,q_auto/league/ks6n7gvw4vccihlse6bn"
Jay Fiedler,"https://static.www.nfl.com/image/private/f_auto,q_auto/league/fplaj9oxvmgrampjqywq"
Jay Schroeder,"https://static.www.nfl.com/image/private/f_auto,q_auto/league/s7029osiaxseohwol3la"
Jay Walker,"https://static.www.nfl.com/image/private/f_auto,q_auto/league/sr7jv7plq6l8ntrvahw8"
Jayden Daniels,"https://static.www.nfl.com/image/upload/f_auto,q_auto/league/gfz8k5onuqjrche9ogqc"
Jaylen Samuels,"https://static.www.nfl.com/image/private/f_auto,q_auto/league/stceem3dtyjhdlqlaqxn"
Jaylen Waddle,"https://static.www.nfl.com/image/upload/f_auto,q_auto/league/gkh7m1jedon9mwn5jlf1"
Jeb Blount,"https://static.www.nfl.com/image/private/f_auto,q_auto/league/qagvucvnwqzmoj8ae4ut"
Jeff Blake,"https://static.www.nfl.com/image/private/f_auto,q_auto/league/pigpwarvjuixfgxbigc8"
Jeff Brohm,"https://static.www.nfl.com/image/private/f_auto,q_auto/league/fkz9zihmlkcazibdc3z5"
Jeff Carlson,"https://static.www.nfl.com/image/private/f_auto,q_auto/league/nxog62wmlymt2cmxlcjp"
Jeff Christensen,"https://static.www.nfl.com/image/private/f_auto,q_auto/league/lnzyki5dleptgteqihsu"
Jeff Driskel,"https://static.www.nfl.com/image/upload/f_auto,q_auto/league/qvyjv4da7ya6erhqx67m"
Jeff Feagles,"https://static.www.nfl.com/image/private/f_auto,q_auto/league/ypoocygzfeucbr8sqat0"
Jeff Francis,"https://static.www.nfl.com/image/private/f_auto,q_auto/league/dqltisihm4c3qm671hig"
Jeff Garcia,"https://static.www.nfl.com/image/private/f_auto,q_auto/league/bysr1fkpqdhljtvlkcrm"
Jeff George,"https://static.www.nfl.com/image/private/f_auto,q_auto/league/uabmi177yp8gxi5rjgsz"
Jeff Gossett,"https://static.www.nfl.com/image/private/f_auto,q_auto/league/ix62f7desiynujqojhfo"
Jeff Hostetler,"https://static.www.nfl.com/image/private/f_auto,q_auto/league/apjisc45plyskzivcfqe"
Jeff Jaeger,"https://static.www.nfl.com/image/private/f_auto,q_auto/league/id1usg7bmqpep14krxdq"
Jeff Kemp,"https://static.www.nfl.com/image/private/f_auto,q_auto/league/xg0jissqub74w1kdp8kz"
Jeff Knapple,"https://static.www.nfl.com/image/private/f_auto,q_auto/league/qk4w8cs6bzfutsfwpolc"
Jeff Komlo,"https://static.www.nfl.com/image/private/f_auto,q_auto/league/sbc8bc62mord5wpah2nv"
Jeff Lewis,"https://static.www.nfl.com/image/private/f_auto,q_auto/league/rrhgrdhqtrrvsjevlgsu"
Jeff Rutledge,"https://static.www.nfl.com/image/private/f_auto,q_auto/league/fzvky5tblnydphnxfgsd"
Jeff Saturday,"https://static.www.nfl.com/image/private/f_auto,q_auto/league/ex99uhtdfizvy41rjb4y"
Jeff Tuel,"https://static.www.nfl.com/image/private/f_auto,q_auto/league/t05ufc1eay7yevnnld0q"
Jeff Van Raaphorst,"https://static.www.nfl.com/image/private/f_auto,q_auto/league/hhzaxlm6gcmtb5z18kj2"
Jeff West,"https://static.www.nfl.com/image/private/f_auto,q_auto/league/j6uyaxt5iooocvwjbjuy"
Jeff Wilkins,"https://static.www.nfl.com/image/private/f_auto,q_auto/league/j9mfe0hrl9pk1yhkv5f0"
Jerald Sowell,"https://static.www.nfl.com/image/private/f_auto,q_auto/league/cvpqprvcmfgqbsppc2vj"
Jeremy Kerley,"https://static.www.nfl.com/image/private/f_auto,q_auto/league/lsfc40maht2r3k0ctu1b"
Jeremy Maclin,"https://static.www.nfl.com/image/private/f_auto,q_auto/league/tvlsuugnbn0idb0tbtgw"
Jerheme Urban,"https://static.www.nfl.com/image/private/f_auto,q_auto/league/f0mtu7hti7l4p2er53jj"
Jerick McKinnon,"https://static.www.nfl.com/image/private/f_auto,q_auto/league/yezxe2j778cndbhkxwez"
Jerious Norwood,"https://static.www.nfl.com/image/private/f_auto,q_auto/league/qw084awtby41mgiyoabo"
Jermaine Kearse,"https://static.www.nfl.com/image/private/f_auto,q_auto/league/z6wxyn3r1bdgc0u0mzr6"
Jermaine Lewis,"https://static.www.nfl.com/image/private/f_auto,q_auto/league/ykycrh97ua7spn6ambhe"
Jerome Bettis,"https://static.www.nfl.com/image/private/f_auto,q_auto/league/zqdmcbadbq7eo8tvjwas"
Jerrel Wilson,"https://static.www.nfl.com/image/private/f_auto,q_auto/league/yqjs0f5vuy4obxbb8hd6"
Jerry Eckwood,"https://static.www.nfl.com/image/private/f_auto,q_auto/league/nlaf7kuhjxyc9gzbghbo"
Jerry Golsteyn,"https://static.www.nfl.com/image/private/f_auto,q_auto/league/aftjg1ig2ubhm54nv5gq"
Jerry LeVias,"https://static.www.nfl.com/image/private/f_auto,q_auto/league/ssacw94ddykgriruttzv"
Jerry Reichow,
Jerry Rhome,
Jerry Rice,"https://static.www.nfl.com/image/private/f_auto,q_auto/league/ngc4wp7ui81ilqj4i74c"
Jerry Tagge,"https://static.www.nfl.com/image/private/f_auto,q_auto/league/q8o8mzwev9b7nxspccnw"
Jesse Freitas,"https://static.www.nfl.com/image/private/f_auto,q_auto/league/d3kf3kb3zdcu0mlgbuom"
Jesse Palmer,"https://static.www.nfl.com/image/private/f_auto,q_auto/league/zcdyevv8dygtd0gumfo3"
Jewerl Thomas,"https://static.www.nfl.com/image/private/f_auto,q_auto/league/a82vgxl1p2nhasvhfhrp"
Jim Arnold,"https://static.www.nfl.com/image/private/f_auto,q_auto/league/x9o6ovudmtr8yioupxgv"
Jim Bob Taylor,"https://static.www.nfl.com/image/private/f_auto,q_auto/league/laiczz9acsr5uw0g59rh"
Jim Braxton,"https://static.www.nfl.com/image/private/f_auto,q_auto/league/r94tgajkk3qym8z5wr2i"
Jim Breech,"https://static.www.nfl.com/image/private/f_auto,q_auto/league/k26e5izxjzhmdmi7obsh"
Jim Brown,
Jim Crocicchia,"https://static.www.nfl.com/image/private/f_auto,q_auto/league/rwrulztycignzntsrwzb"
Jim Del Gaizo,"https://static.www.nfl.com/image/private/f_auto,q_auto/league/yni0h7gtlewiyenvmbuo"
Jim Druckenmiller,"https://static.www.nfl.com/image/private/f_auto,q_auto/league/bjmdhahfc3qcv7v9slat"
Jim Everett,"https://static.www.nfl.com/image/private/f_auto,q_auto/league/rxrnntjfowvwavdlfhrq"
Jim Harbaugh,"https://static.www.nfl.com/image/private/f_auto,q_auto/league/twafi9vpvkbhnzzlgfij"
Jim Hart,"https://static.www.nfl.com/image/private/f_auto,q_auto/league/wk8ttd1noffeqk9sy9qt"
Jim Jensen,"https://static.www.nfl.com/image/private/f_auto,q_auto/league/zn439kcpcl5b2xyanq0a"
Jim Kelly,"https://static.www.nfl.com/image/private/f_auto,q_auto/league/ezhzfqgz0wubbwdmyxlt"
Jim Kiick,"https://static.www.nfl.com/image/private/f_auto,q_auto/league/s7zwtrymo49xmzqhgkjt"
Jim Lash,"https://static.www.nfl.com/image/private/f_auto,q_auto/league/wu7qd9mvbdam7lbmnbv0"
Jim McMahon,"https://static.www.nfl.com/image/private/f_auto,q_auto/league/lebvefpsnyrrseabqo3i"
Jim Miller,"https://static.www.nfl.com/image/private/f_auto,q_auto/league/p61l8tusatojk5gicpkp"
Jim Ninowski,
Jim Plunkett,"https://static.www.nfl.com/image/private/f_auto,q_auto/league/gnumm8kvsrqnvcs9ql6u"
Jim Sorgi,"https://static.www.nfl.com/image/private/f_auto,q_auto/league/c2hmwoyznphqbttskycf"
Jim Stiger,
Jim Turner,"https://static.www.nfl.com/image/private/f_auto,q_auto/league/qdv0t3hvfhwedljdwxwc"
Jim Vollenweider,
Jim Ward,
Jim Zorn,"https://static.www.nfl.com/image/private/f_auto,q_auto/league/xburzguemvvfk9okdp9e"
Jimmy Clausen,"https://static.www.nfl.com/image/private/f_auto,q_auto/league/n5lf1tlpkvtck2j24krd"
Jimmy Garoppolo,"https://static.www.nfl.com/image/upload/f_auto,q_auto/league/ivz3zwvjxvgcu4dzabur"
Joe Barnes,"https://static.www.nfl.com/image/private/f_auto,q_auto/league/jqldycn8aqrzapfrvlmy"
Joe Burrow,"https://static.www.nfl.com/image/upload/f_auto,q_auto/league/gnnvcgui1cijybukk2w7"
Joe Callahan,"https://static.www.nfl.com/image/private/f_auto,q_auto/league/n9nahsdhocngttt7hmdy"
Joe Cribbs,"https://static.www.nfl.com/image/private/f_auto,q_auto/league/fqgkdlewofifm2sabike"
Joe Don Looney,
Joe Dufek,"https://static.www.nfl.com/image/private/f_auto,q_auto/league/sjuxbk59eybn8plek9yc"
Joe Ferguson,"https://static.www.nfl.com/image/private/f_auto,q_auto/league/i76emcealpcn4gpsawpp"
Joe Flacco,"https://static.www.nfl.com/image/upload/f_auto,q_auto/league/dre1d2f2d6dxqohzn5l2"
Joe Germaine,"https://static.www.nfl.com/image/private/f_auto,q_auto/league/sp0m6qzk19n968zmj5as"
Joe Gilliam,"https://static.www.nfl.com/image/private/f_auto,q_auto/league/mjgagifzl0q75sdnngk7"
Joe Horn,"https://static.www.nfl.com/image/private/f_auto,q_auto/league/dkzzf0q8bxid4peyyobl"
Joe Kapp,
Joe Milton III,"https://static.www.nfl.com/image/upload/f_auto,q_auto/league/tsj9lobse1gxzanf39dt"
Joe Mixon,"https://static.www.nfl.com/image/upload/f_auto,q_auto/league/gwyhozfhjgedwdmmjjcf"
Joe Montana,"https://static.www.nfl.com/image/private/f_auto,q_auto/league/ueq3x4ldeixk2h5wq3n7"
Joe Morrison,
Joe Namath,"https://static.www.nfl.com/image/private/f_auto,q_auto/league/ssg1rcnvw9sdqcr6wz2f"
Joe Perry,
Joe Pisarcik,"https://static.www.nfl.com/image/private/f_auto,q_auto/league/pbwswfziizv3njt5ouqd"
Joe Reed,"https://static.www.nfl.com/image/private/f_auto,q_auto/league/czbi3vrohphgdjt28ilh"
Joe Scarpati,
Joe Senser,"https://static.www.nfl.com/image/private/f_auto,q_auto/league/edlklqqngctxlvqk8frg"
Joe Theismann,"https://static.www.nfl.com/image/private/f_auto,q_auto/league/eota6vsxtdaefkrs0oie"
Joe Washington,"https://static.www.nfl.com/image/private/f_auto,q_auto/league/s3g5nwoh8qgn2ecsrhhm"
Joe Webb,"https://static.www.nfl.com/image/private/f_auto,q_auto/league/hjieero9ugbyu7n1629h"
Joel Parker,"https://static.www.nfl.com/image/private/f_auto,q_auto/league/q3nige3i4e1d1gmmiqjf"
Joey Galloway,"https://static.www.nfl.com/image/private/f_auto,q_auto/league/pfioccpzeifhnunjtdy2"
Joey Harrington,"https://static.www.nfl.com/image/private/f_auto,q_auto/league/ybpvxm22vuwjhooyrpja"
John Adams,
John Aveni,
John Beck,"https://static.www.nfl.com/image/private/f_auto,q_auto/league/bqodmof3pebek3cb1qx6"
John Brockington,"https://static.www.nfl.com/image/private/f_auto,q_auto/league/jrbdmakro78a2szfqeya"
John Brodie,
John Brown,"https://static.www.nfl.com/image/private/f_auto,q_auto/league/xwyc2a0qfdxbbct6lso6"
John David Crow,
John Elway,"https://static.www.nfl.com/image/private/f_auto,q_auto/league/qt8ysjlaemnfczfe9ffl"
John Fourcade,"https://static.www.nfl.com/image/private/f_auto,q_auto/league/wmhcd7u3ihipmkkfv0xh"
John Friesz,"https://static.www.nfl.com/image/private/f_auto,q_auto/league/ckh8mav1rdt0khwbufyj"
John Hadl,"https://static.www.nfl.com/image/private/f_auto,q_auto/league/jdjvuqku5r79js0b3p4p"
John Henry Johnson,
John Huarte,
John Hufnagel,"https://static.www.nfl.com/image/private/f_auto,q_auto/league/ggvbus7rjko0rnov9xoh"
John Isenbarger,
John James,"https://static.www.nfl.com/image/private/f_auto,q_auto/league/ybsq1ocqndfgset44itz"
John Jett,"https://static.www.nfl.com/image/private/f_auto,q_auto/league/zn5tbb8uwcxtahmix8kk"
John Kidd,"https://static.www.nfl.com/image/private/f_auto,q_auto/league/ljpt6pzsnyns5an1efyl"
John McCormick,
John Mistler,"https://static.www.nfl.com/image/private/f_auto,q_auto/league/mus448t57bnypzwmns38"
John Navarre,"https://static.www.nfl.com/image/private/f_auto,q_auto/league/oljtjodnockl7qiiznxf"
John Reaves,"https://static.www.nfl.com/image/private/f_auto,q_auto/league/khvbuolo5tskkp7tfvn9"
John Riggins,"https://static.www.nfl.com/image/private/f_auto,q_auto/league/wehkyczr6mbhgqeeon5i"
John Roach,
John Sciarra,"https://static.www.nfl.com/image/private/f_auto,q_auto/league/fg5k3wupn2loriebizjh"
John Skelton,"https://static.www.nfl.com/image/private/f_auto,q_auto/league/g3hlqbn08gzx7cneob5i"
John Stephens,"https://static.www.nfl.com/image/private/f_auto,q_auto/league/osjgm9i6bxtzng1vnaor"
John Stofa,
John Taylor,"https://static.www.nfl.com/image/private/f_auto,q_auto/league/vh3xwhwruzooqfbuky7s"
John Teltschik,"https://static.www.nfl.com/image/private/f_auto,q_auto/league/o6atn1ge0nd3s93tpns6"
John Walton,"https://static.www.nfl.com/image/private/f_auto,q_auto/league/nz4oswpo3rjdrzv250jf"
John Williams,"https://static.www.nfl.com/image/upload/f_auto,q_auto/league/s7uyk7rapujxri5eet9e"
John Witkowski,"https://static.www.nfl.com/image/private/f_auto,q_auto/league/kms4wif6ieei9jbddlxg"
John Wolford,"https://static.www.nfl.com/image/upload/f_auto,q_auto/league/rx1z0on3krils5gvkgj4"
Johnny Bailey,"https://static.www.nfl.com/image/private/f_auto,q_auto/league/pwqohhj9uejzarxslddx"
Johnny Evans,"https://static.www.nfl.com/image/private/f_auto,q_auto/league/bumwf0fp1v046qwgaeif"
Johnny Hector,"https://static.www.nfl.com/image/private/f_auto,q_auto/league/e2rixyggdahfcjqjdmav"
Johnny Hekker,"https://static.www.nfl.com/image/upload/f_auto,q_auto/league/ujimjaanshkfyszjp3vl"
Johnny Johnson,"https://static.www.nfl.com/image/private/f_auto,q_auto/league/mw6wl5wneloyz4u874ak"
Johnny Manziel,"https://static.www.nfl.com/image/private/f_auto,q_auto/league/a0ql3eziqinxvo0szfhk"
Johnny Roland,
Johnny Unitas,
Jon Arnett,
Jon Keyworth,"https://static.www.nfl.com/image/private/f_auto,q_auto/league/rowt15tgeugzhc1eajjb"
Jon Kilgore,
Jon Kitna,"https://static.www.nfl.com/image/private/f_auto,q_auto/league/rxrfxfbom7grkpnv94cp"
Jon Ryan,"https://static.www.nfl.com/image/private/f_auto,q_auto/league/jarcsmohj6vbznthlni8"
Jon Staggers,"https://static.www.nfl.com/image/private/f_auto,q_auto/league/sdoxbx9pv9hfy3sywpqa"
Jon Vaughn,"https://static.www.nfl.com/image/private/f_auto,q_auto/league/sgkpmjw2tcz7pwxavxzq"
Jonathan Grimes,"https://static.www.nfl.com/image/private/f_auto,q_auto/league/kzodfrw342cy91lw12n4"
Jonathan Quinn,"https://static.www.nfl.com/image/private/f_auto,q_auto/league/si9khqodmgm8fhdemxku"
Jonathan Williams,"https://static.www.nfl.com/image/private/f_auto,q_auto/league/dnlboggtjcflj9fxauub"
Jonnu Smith,"https://static.www.nfl.com/image/upload/f_auto,q_auto/league/egd6llghj3n5wfdrqacw"
Jordan Love,"https://static.www.nfl.com/image/upload/f_auto,q_auto/league/thz8stjkbjwddxqnozi5"
Jordan Palmer,"https://static.www.nfl.com/image/private/f_auto,q_auto/league/edcnnk7pxvygycziwfoh"
Joseph Addai,"https://static.www.nfl.com/image/private/f_auto,q_auto/league/hh0ebpwy5udobw9gbqoe"
Joseph Charlton,"https://static.www.nfl.com/image/private/f_auto,q_auto/league/ekullk7pi9dtavlbvdcw"
Josh Allen,"https://static.www.nfl.com/image/upload/f_auto,q_auto/league/mjwbioajzldkq1vzoz2d"
Josh Brown,"https://static.www.nfl.com/image/private/f_auto,q_auto/league/bl6cnjs3vfriv3vj6ilz"
Josh Bush,"https://static.www.nfl.com/image/private/f_auto,q_auto/league/tjyy21f6wt9yzdzpinzs"
Josh Cribbs,"https://static.www.nfl.com/image/private/f_auto,q_auto/league/biljapl7dpexygnojajq"
Josh Freeman,"https://static.www.nfl.com/image/private/f_auto,q_auto/league/cwcasm6m73fx1mjpjk3n"
Josh Gordon,"https://static.www.nfl.com/image/private/f_auto,q_auto/league/wwqz2ujrj7wp86tyaxof"
Josh Johnson,"https://static.www.nfl.com/image/upload/f_auto,q_auto/league/sijqkai2yy1cbw3rwndh"
Josh McCown,"https://static.www.nfl.com/image/private/f_auto,q_auto/league/qcauc37wqjdaxdbq1evu"
Josh Miller,"https://static.www.nfl.com/image/private/f_auto,q_auto/league/c483jsfaglqodcq1uxxn"
Josh Morgan,"https://static.www.nfl.com/image/private/f_auto,q_auto/league/wunugasl1sb3secdsih7"
Josh Rosen,"https://static.www.nfl.com/image/private/f_auto,q_auto/league/nqycxzi8tkcyauk55mj8"
Joshua Dobbs,"https://static.www.nfl.com/image/upload/f_auto,q_auto/league/twaqqjexyi0vgyfbvzis"
Joshua Karty,"https://static.www.nfl.com/image/upload/f_auto,q_auto/league/j51z79en8vs3qdgkvnn5"
Julian Edelman,"https://static.www.nfl.com/image/private/f_auto,q_auto/league/aqcqn3w2ysnekbrqfrse"
June Jones,"https://static.www.nfl.com/image/private/f_auto,q_auto/league/nqrnjdizdygpzwma5bub"
Justin Armour,"https://static.www.nfl.com/image/private/f_auto,q_auto/league/bck8siyssq4rqusvtw5d"
Justin Fields,"https://static.www.nfl.com/image/upload/f_auto,q_auto/league/npjrombgxkc5vjkctcgy"
Justin Herbert,"https://static.www.nfl.com/image/upload/f_auto,q_auto/league/jnkspnntgebegzp4ghve"
Justin Jefferson,"https://static.www.nfl.com/image/upload/f_auto,q_auto/league/htjevkugzk6ietrjysny"
Justin Tucker,"https://static.www.nfl.com/image/upload/f_auto,q_auto/league/thawkkxcbyuddwuidgb0"
Kadarius Toney,"https://static.www.nfl.com/image/upload/f_auto,q_auto/league/nuwjpint0g5wejogudt4"
Karl Sweetan,
Kedon Slovis,"https://static.www.nfl.com/image/upload/f_auto,q_auto/league/hkvrcpwl9tm41jr3b0x3"
Keelan Cole,"https://static.www.nfl.com/image/private/f_auto,q_auto/league/djdjurxk3b6y347zirvz"
Keenan Allen,"https://static.www.nfl.com/image/upload/f_auto,q_auto/league/ri267r6lzfwarh89hsn6"
Keenan McCardell,"https://static.www.nfl.com/image/private/f_auto,q_auto/league/kop0ezafhz9vlgvey1wv"
Keith Byars,"https://static.www.nfl.com/image/private/f_auto,q_auto/league/c8a1esk5k8h2ydb1uerp"
Keith Jones,"https://static.www.nfl.com/image/private/f_auto,q_auto/league/i7kkhbblinjfvc24ixb9"
Keith Null,"https://static.www.nfl.com/image/private/f_auto,q_auto/league/socfjpxnipwjx6sucd9z"
Kellen Clemens,"https://static.www.nfl.com/image/private/f_auto,q_auto/league/pxungqbhh61ov73tzaxk"
Kellen Mond,"https://static.www.nfl.com/image/private/f_auto,q_auto/league/gkyy94nwpf2z7eecwvbw"
Kellen Moore,"https://static.www.nfl.com/image/private/f_auto,q_auto/league/cgppx5hltvlebgm5ywor"
Kellen Winslow,"https://static.www.nfl.com/image/private/f_auto,q_auto/league/pw3hoatll5kkuc9v2gva"
Kelly Holcomb,"https://static.www.nfl.com/image/private/f_auto,q_auto/league/twyprbkmfzcmsnmyuh90"
Kelly Stouffer,"https://static.www.nfl.com/image/private/f_auto,q_auto/league/dzvcp9b7v93qbnup0qtj"
Kelvin Bryant,"https://static.www.nfl.com/image/private/f_auto,q_auto/league/ownq9qhw9fzzvnusqcgj"
Kelvin Harmon,"https://static.www.nfl.com/image/upload/f_auto,q_auto/league/fface3xneon0qi0kttvd"
Ken Anderson,"https://static.www.nfl.com/image/private/f_auto,q_auto/league/qlilbvrc2y7gvr35lr9c"
Ken Burrough,"https://static.www.nfl.com/image/private/f_auto,q_auto/league/xkx802ihchz3ondxh4mj"
Ken Clark,"https://static.www.nfl.com/image/private/f_auto,q_auto/league/zytmm3how6aeldbcrvfd"
Ken Dilger,"https://static.www.nfl.com/image/private/f_auto,q_auto/league/j1odrkjvw7dkzmf8nr28"
Ken Dorsey,"https://static.www.nfl.com/image/private/f_auto,q_auto/league/wdcxbnp85r8yplbmkwk3"
Ken Jenkins,"https://static.www.nfl.com/image/private/f_auto,q_auto/league/qjqrj8nwpmf60blpkptj"
Ken Karcher,"https://static.www.nfl.com/image/private/f_auto,q_auto/league/s71fviboope2mhinztof"
Ken O'Brien,"https://static.www.nfl.com/image/private/f_auto,q_auto/league/uvy0opr8dz2irype6l8l"
Ken Stabler,"https://static.www.nfl.com/image/private/f_auto,q_auto/league/anwcmgpsprhjrkrwwklo"
Ken Walter,"https://static.www.nfl.com/image/private/f_auto,q_auto/league/o92sx3is6erffc5cmxek"
Ken Willard,"https://static.www.nfl.com/image/private/f_auto,q_auto/league/cvzazhtbwbzzlk25ghyl"
Kendall Hinton,"https://static.www.nfl.com/image/private/f_auto,q_auto/league/emvbhstqosvayr6dm2jp"
Kendrick Bourne,"https://static.www.nfl.com/image/upload/f_auto,q_auto/league/yzfa94cmhpcqamrwzdzk"
Kenjon Barner,"https://static.www.nfl.com/image/private/f_auto,q_auto/league/n8hvbyw7vdlj7svjwqg4"
Kenny Gainwell,"https://static.www.nfl.com/image/upload/f_auto,q_auto/league/eo62l8ec8e3lzt86ihth"
Kenny Harrison,"https://static.www.nfl.com/image/private/f_auto,q_auto/league/txxijcf9t9xb7dzz4zbm"
Kenny Pickett,"https://static.www.nfl.com/image/upload/f_auto,q_auto/league/gw6lyiuevyuspfkglnmj"
Kenny Stills,"https://static.www.nfl.com/image/private/f_auto,q_auto/league/wswn6tehkzj8mdfbablx"
Kent Graham,"https://static.www.nfl.com/image/private/f_auto,q_auto/league/vz3a1vly64t07tpjtqx0"
Kent Nix,
Kerry Collins,"https://static.www.nfl.com/image/private/f_auto,q_auto/league/jse9o88qf7weuicc1wwz"
Kerwin Bell,"https://static.www.nfl.com/image/private/f_auto,q_auto/league/kcjxovs2imdqohzyqky4"
Kevin Byard,"https://static.www.nfl.com/image/upload/f_auto,q_auto/league/b11d1p9hvxgvobcqaiud"
Kevin Faulk,"https://static.www.nfl.com/image/private/f_auto,q_auto/league/tn3w20ec8x9oacqg51p5"
Kevin Hogan,"https://static.www.nfl.com/image/private/f_auto,q_auto/league/cuyxl0uprwddruvea1ma"
Kevin House,"https://static.www.nfl.com/image/private/f_auto,q_auto/league/sxyuhf0gcsbqmnkxmogn"
Kevin Ingram,"https://static.www.nfl.com/image/private/f_auto,q_auto/league/nfd5dtq3b5h7rr3dtyhd"
Kevin Johnson,"https://static.www.nfl.com/image/private/f_auto,q_auto/league/angbwdo262bne7lhuobx"
Kevin Kolb,"https://static.www.nfl.com/image/private/f_auto,q_auto/league/ebtp5o1rj5hosmncg7iz"
Kevin Lockett,"https://static.www.nfl.com/image/private/f_auto,q_auto/league/mv2g0upgsnsgkmwz7vnp"
Kevin O'Connell,"https://static.www.nfl.com/image/private/f_auto,q_auto/league/rb0iwjhoall6wtvcuhdn"
Kevin Sweeney,"https://static.www.nfl.com/image/private/f_auto,q_auto/league/tof2heqnhwmhbehzdunb"
Kevin Thompson,"https://static.www.nfl.com/image/private/f_auto,q_auto/league/wo57a35vrbif1af5merf"
Kevin Turner,"https://static.www.nfl.com/image/private/f_auto,q_auto/league/cdln6xjebygvhsbd8t8x"
Keyshawn Johnson,"https://static.www.nfl.com/image/private/f_auto,q_auto/league/oq8amqfd5dkugc2mdmsk"
Ki-Jana Carter,"https://static.www.nfl.com/image/private/f_auto,q_auto/league/du6eysltm6wofdicua8j"
Kim McQuilken,"https://static.www.nfl.com/image/private/f_auto,q_auto/league/p9k4eo8gaa4wsxoxmo0r"
King Hill,
Kirk Cousins,"https://static.www.nfl.com/image/upload/f_auto,q_auto/league/za7cynvpwlsro1tsaijk"
Klaus Wilmsmeyer,"https://static.www.nfl.com/image/private/f_auto,q_auto/league/qi4fec2l6kdzwhad1nzm"
Kliff Kingsbury,"https://static.www.nfl.com/image/private/f_auto,q_auto/league/qxp04umqlreollm2gocy"
Kordell Stewart,"https://static.www.nfl.com/image/private/f_auto,q_auto/league/wyel70n1iopggkgtup2x"
Koy Detmer,"https://static.www.nfl.com/image/private/f_auto,q_auto/league/pelabyebeegnjnhnmv3n"
Kurt Kittner,"https://static.www.nfl.com/image/private/f_auto,q_auto/league/vi0ondemk9x71uj5ho5t"
Kurt Warner,"https://static.www.nfl.com/image/private/f_auto,q_auto/league/xlgzhoozvi1agd8hn4kk"
Kyle Allen,"https://static.www.nfl.com/image/upload/f_auto,q_auto/league/s3vbqdcoc6oc6yh460v9"
Kyle Boller,"https://static.www.nfl.com/image/private/f_auto,q_auto/league/olhzjv0wts7mf0yzw9vw"
Kyle Lauletta,"https://static.www.nfl.com/image/private/f_auto,q_auto/league/pp8tdknrv8r1cmq1rgkf"
Kyle Mackey,"https://static.www.nfl.com/image/private/f_auto,q_auto/league/fxqckdmlnhhnjnlymmwo"
Kyle Orton,"https://static.www.nfl.com/image/private/f_auto,q_auto/league/tp8xryc1hpbldyjolsdc"
Kyle Richardson,"https://static.www.nfl.com/image/private/f_auto,q_auto/league/c9wgbnzdkdyt84dagy6r"
Kyle Trask,"https://static.www.nfl.com/image/upload/f_auto,q_auto/league/xd0hbsqzz2xhh392woow"
Kyler Murray,"https://static.www.nfl.com/image/upload/f_auto,q_auto/league/btfruyf33adgnjzpcuen"
LaBrandon Toefield,"https://static.www.nfl.com/image/private/f_auto,q_auto/league/wc92sqbsgul9dtkf2a7b"
LaDainian Tomlinson,"https://static.www.nfl.com/image/private/f_auto,q_auto/league/fdraejwoowicuevalpne"
LaMont Jordan,"https://static.www.nfl.com/image/private/f_auto,q_auto/league/oh3baeblqwqmv7ycbv0s"
Lac Edwards,
Lamar Jackson,"https://static.www.nfl.com/image/upload/f_auto,q_auto/league/eno6s5qzl9grbfbfwhoa"
Lamar McHan,
Lamar Smith,"https://static.www.nfl.com/image/private/f_auto,q_auto/league/azpa7woawftkxq959ydj"
Lamont Warren,"https://static.www.nfl.com/image/private/f_auto,q_auto/league/cfkgqfwimsioqigugd9p"
Lance Moore,"https://static.www.nfl.com/image/private/f_auto,q_auto/league/bfjxc892mfkni8ywtheh"
Lance Rentzel,"https://static.www.nfl.com/image/private/f_auto,q_auto/league/xcewhhsmqzvecvjkzrsg"
Landry Jones,"https://static.www.nfl.com/image/private/f_auto,q_auto/league/rxewfnskdqvfmsui48ta"
Larry Brown,"https://static.www.nfl.com/image/private/f_auto,q_auto/league/yiatksoc7waah8pzhmsi"
Larry Centers,"https://static.www.nfl.com/image/private/f_auto,q_auto/league/sh7w1wpurvkvvggkvf1m"
Larry Cipa,"https://static.www.nfl.com/image/private/f_auto,q_auto/league/alykpce5uigfmzsbw1uo"
Larry Fitzgerald,"https://static.www.nfl.com/image/private/f_auto,q_auto/league/giswjsemt4f7ppwxtqgp"
Larry Johnson,"https://static.www.nfl.com/image/private/f_auto,q_auto/league/mzwxygpnqm65aj1w1qyr"
Larry Lawrence,"https://static.www.nfl.com/image/private/f_auto,q_auto/league/ym0wxxanfqybwgbqetc2"
Larry Mallory,"https://static.www.nfl.com/image/private/f_auto,q_auto/league/bjpveyobup7uilclfx7j"
Larry Miller,"https://static.www.nfl.com/image/private/f_auto,q_auto/league/mf3tgxfeuji7mpji5dih"
Larry Moriarty,"https://static.www.nfl.com/image/private/f_auto,q_auto/league/cx8hdvbvxn5m912qkrty"
Larry Rakestraw,
Larry Smith,"https://static.www.nfl.com/image/private/f_auto,q_auto/league/dwb0o37d9q2jwlwjfhth"
Larry Swider,"https://static.www.nfl.com/image/private/f_auto,q_auto/league/qt6wz9uc4fxu2vezif6m"
Larry Walton,"https://static.www.nfl.com/image/private/f_auto,q_auto/league/v8ydyevai1tk3rw9yklm"
Larry Wilson,
Lawrence McCutcheon,"https://static.www.nfl.com/image/private/f_auto,q_auto/league/gehglkmn99x7zdkkhuoq"
Le'Veon Bell,"https://static.www.nfl.com/image/private/f_auto,q_auto/league/sm3ij3pcby5ciqwaaqa1"
Lee Bouggess,
Lee Evans,"https://static.www.nfl.com/image/private/f_auto,q_auto/league/stwolhzhyn9nyxqblwvl"
Lee Grosscup,
Lee Johnson,"https://static.www.nfl.com/image/private/f_auto,q_auto/league/qqwycnjlplkderuuqdpw"
Lee McGriff,"https://static.www.nfl.com/image/private/f_auto,q_auto/league/knmtqznkk9hwn7fvzjdx"
Legedu Naanee,"https://static.www.nfl.com/image/private/f_auto,q_auto/league/oxcw8smfodgos0ygmmjn"
Len Dawson,"https://static.www.nfl.com/image/private/f_auto,q_auto/league/wjhfcfla4n2g59oax8od"
Lenny Moore,
Lenvil Elliott,"https://static.www.nfl.com/image/private/f_auto,q_auto/league/uxqud2niqvijwt5rjphy"
Leo Araguz,"https://static.www.nfl.com/image/private/f_auto,q_auto/league/losb2mgqxxnphnyx15q7"
Leo Hart,
Leon Johnson,"https://static.www.nfl.com/image/upload/f_auto,q_auto/league/iuvtiwp5eigfxiusklde"
Leon Washington,"https://static.www.nfl.com/image/private/f_auto,q_auto/league/trlmin5m1btufziw17cz"
Leonard Fournette,"https://static.www.nfl.com/image/private/f_auto,q_auto/league/atxppoc7zqcjnbnk0awz"
Leonard Thompson,"https://static.www.nfl.com/image/private/f_auto,q_auto/league/n90airs9gbylsyvxvgvm"
Leroy Hoard,"https://static.www.nfl.com/image/private/f_auto,q_auto/league/lwvnhe6kded1eurgp0lf"
Leroy Kelly,
Leroy Keyes,
Les Josephson,"https://static.www.nfl.com/image/private/f_auto,q_auto/league/mg4hnx4vrfveyeh4zdki"
Levi Brown,"https://static.www.nfl.com/image/private/f_auto,q_auto/league/t8thon2evvfywspr3uuv"
Lionel James,"https://static.www.nfl.com/image/private/f_auto,q_auto/league/w2kxtok6rlyjzrytiqga"
Logan Cooke,"https://static.www.nfl.com/image/upload/f_auto,q_auto/league/qy2pmeevxy1jndpdq1ai"
Logan Thomas,"https://static.www.nfl.com/image/private/f_auto,q_auto/league/acm0ymhqdzqxdibwjphv"
Logan Woodside,"https://static.www.nfl.com/image/upload/f_auto,q_auto/league/hf5rgpjctslpwjzl0er9"
Lonzell Hill,"https://static.www.nfl.com/image/private/f_auto,q_auto/league/jdslguvbvnmv29retxaz"
Loren Snyder,"https://static.www.nfl.com/image/private/f_auto,q_auto/league/o3yu1yujq1qu84erwynw"
Lou Groza,
Louie Aguiar,"https://static.www.nfl.com/image/private/f_auto,q_auto/league/qqkgkzrfwttuy0ab8e6f"
Louie Giammona,"https://static.www.nfl.com/image/private/f_auto,q_auto/league/knogueiv1ajtkycpcofj"
Louis Carter,"https://static.www.nfl.com/image/private/f_auto,q_auto/league/qjxc3rwsdyoatywjfpsu"
Louis Lipps,"https://static.www.nfl.com/image/private/f_auto,q_auto/league/o0yofq2gib2uh6wlaa7g"
Luke Falk,"https://static.www.nfl.com/image/private/f_auto,q_auto/league/caeic48dkstqkisxvs0x"
Luke McCown,"https://static.www.nfl.com/image/private/f_auto,q_auto/league/pj2lbdhplppzlywlzsbr"
Luke Prestridge,"https://static.www.nfl.com/image/private/f_auto,q_auto/league/yyye6lrfg3y14szb9dr6"
Lynn Bowden Jr.,
Lynn Dickey,"https://static.www.nfl.com/image/private/f_auto,q_auto/league/gwlwkc0uggwu94p260y5"
Lynn James,"https://static.www.nfl.com/image/private/f_auto,q_auto/league/rs1pcch9gqqninggkuyj"
M.C. Reynolds,
Mac Jones,"https://static.www.nfl.com/image/upload/f_auto,q_auto/league/mbdwfwiuhl0ib5ajtmzq"
MacArthur Lane,"https://static.www.nfl.com/image/private/f_auto,q_auto/league/mqvilpuwcfn0pkgniyip"
Mack Hollins,"https://static.www.nfl.com/image/upload/f_auto,q_auto/league/qbz7whjzsittudcecezw"
Malik Nabers,"https://static.www.nfl.com/image/upload/f_auto,q_auto/league/w3edoyyuomqlovvp9ixc"
Malik Willis,"https://static.www.nfl.com/image/upload/f_auto,q_auto/league/txvgdbwbryzyyqq6gfet"
MarQueis Gray,"https://static.www.nfl.com/image/private/f_auto,q_auto/league/pbuxaz8hy9fxow3zq5sr"
Marc Bulger,"https://static.www.nfl.com/image/private/f_auto,q_auto/league/vww6hwhkqzevfn6nsnhw"
Marc Wilson,"https://static.www.nfl.com/image/private/f_auto,q_auto/league/ockryga7mbp25q7qpooc"
Marcel Reece,"https://static.www.nfl.com/image/private/f_auto,q_auto/league/nqy3arwxgk4lwh3pfrr3"
Marcus Allen,"https://static.www.nfl.com/image/private/f_auto,q_auto/league/vvpy4ouo24iqozvyp4rc"
Marcus Mariota,"https://static.www.nfl.com/image/upload/f_auto,q_auto/league/grx6m1fmu1odltjo3y31"
Mario Bates,"https://static.www.nfl.com/image/private/f_auto,q_auto/league/xkxxacls8uwotyxllfw7"
Marion Barber III,
Marion Grice,"https://static.www.nfl.com/image/private/f_auto,q_auto/league/k7yziqmqr4ekp6gc96qh"
Mark Bradley,"https://static.www.nfl.com/image/private/f_auto,q_auto/league/tevbfasdx5iudbvfc5it"
Mark Brunell,"https://static.www.nfl.com/image/private/f_auto,q_auto/league/p91vbvdb7ik4fcjuo7ym"
Mark Clayton,"https://static.www.nfl.com/image/private/f_auto,q_auto/league/uldvbkuemila91mfp5th"
Mark Hartsell,"https://static.www.nfl.com/image/private/f_auto,q_auto/league/i6rcwfoph7iy7cwwsy5g"
Mark Herrmann,"https://static.www.nfl.com/image/private/f_auto,q_auto/league/e9dkru9lgdil7s65rqpi"
Mark Ingram,"https://static.www.nfl.com/image/private/f_auto,q_auto/league/qyju9wutyssrf0b26ran"
Mark Malone,"https://static.www.nfl.com/image/private/f_auto,q_auto/league/ey0kryydkdjgkhv1qnaq"
Mark Miller,"https://static.www.nfl.com/image/private/f_auto,q_auto/league/tvlisdpy7ifvxarrqnq2"
Mark Reed,"https://static.www.nfl.com/image/private/f_auto,q_auto/league/w9mgimdar0qgpqto3mia"
Mark Royals,"https://static.www.nfl.com/image/private/f_auto,q_auto/league/bv8aa1khwpokepn2nb7w"
Mark Rypien,"https://static.www.nfl.com/image/private/f_auto,q_auto/league/ecuua46m2ktij2lyxfzd"
Mark Sanchez,"https://static.www.nfl.com/image/private/f_auto,q_auto/league/e12qugcuc1cpgkf0crfn"
Mark Stevens,"https://static.www.nfl.com/image/private/f_auto,q_auto/league/btokn8gusodcbilw0ybi"
Mark Vlasic,"https://static.www.nfl.com/image/private/f_auto,q_auto/league/mj0jk5py5nh6qprw01no"
Marlin Briscoe,"https://static.www.nfl.com/image/private/f_auto,q_auto/league/ebc4ci38wbx63rwbhquu"
Marqise Lee,"https://static.www.nfl.com/image/private/f_auto,q_auto/league/drsesqqzwhkilsx51j4i"
Marques Hagans,"https://static.www.nfl.com/image/private/f_auto,q_auto/league/vsjaxsmagvm3qxay5tyv"
Marques Tuiasosopo,"https://static.www.nfl.com/image/private/f_auto,q_auto/league/hshczxf0zgoimgibwd6w"
Marrio Grier,"https://static.www.nfl.com/image/private/f_auto,q_auto/league/ei4v8aj3ev0spwiyyjl3"
Marshall Faulk,"https://static.www.nfl.com/image/private/f_auto,q_auto/league/ker7p0exticomqhcbtjt"
Marshawn Lynch,"https://static.www.nfl.com/image/private/f_auto,q_auto/league/ddhpebfqtr9yxsnbx9ht"
Martin Gramatica,"https://static.www.nfl.com/image/private/f_auto,q_auto/league/h0qppqataalqlduk2xwt"
Marty Booker,"https://static.www.nfl.com/image/private/f_auto,q_auto/league/thzjn3ut9gpwnac9zrwx"
Marty Domres,"https://static.www.nfl.com/image/private/f_auto,q_auto/league/nzrmbng6rrl4sobcvcpo"
Marty Horn,"https://static.www.nfl.com/image/private/f_auto,q_auto/league/q60pfp71bwimkm5kx42v"
Marvin Cobb,"https://static.www.nfl.com/image/private/f_auto,q_auto/league/vcqabbybah6govsrkn47"
Mason Rudolph,"https://static.www.nfl.com/image/upload/f_auto,q_auto/league/oadtxde6hxz1jgrs618o"
Mat McBriar,"https://static.www.nfl.com/image/private/f_auto,q_auto/league/uregi4gbey5twzvwfuow"
Matt Barkley,"https://static.www.nfl.com/image/private/f_auto,q_auto/league/ejvscebj0ufugx5vrouq"
Matt Blundin,"https://static.www.nfl.com/image/private/f_auto,q_auto/league/btpgotmqyae8krjofjac"
Matt Cassel,"https://static.www.nfl.com/image/private/f_auto,q_auto/league/n1ucqggyu5hlsqzuv5gj"
Matt Cavanaugh,"https://static.www.nfl.com/image/private/f_auto,q_auto/league/bl3tbkdqwye0kvjp7dwm"
Matt Flynn,"https://static.www.nfl.com/image/private/f_auto,q_auto/league/goh8anyqhyvmkfmfbejp"
Matt Forte,"https://static.www.nfl.com/image/private/f_auto,q_auto/league/olqssssjykcx7tx7xsy3"
Matt Gutierrez,"https://static.www.nfl.com/image/private/f_auto,q_auto/league/vuoaozig4v78bxqzkjaw"
Matt Haack,"https://static.www.nfl.com/image/upload/f_auto,q_auto/league/q0pk8i0ehgn4bccwbmme"
Matt Hasselbeck,"https://static.www.nfl.com/image/private/f_auto,q_auto/league/t1nf9avoy2kauqwrvzza"
Matt Jones,"https://static.www.nfl.com/image/private/f_auto,q_auto/league/eektuvevqtzbqstzx3pv"
Matt Kofler,"https://static.www.nfl.com/image/private/f_auto,q_auto/league/d0aftpzypgypu47d5pgi"
Matt Leinart,"https://static.www.nfl.com/image/private/f_auto,q_auto/league/y1vcveczcmnterc5qphn"
Matt Lytle,"https://static.www.nfl.com/image/private/f_auto,q_auto/league/wvvg8iq93gqd1exfbyvl"
Matt Mauck,"https://static.www.nfl.com/image/private/f_auto,q_auto/league/pljheww872q9g0zegshd"
Matt McGloin,"https://static.www.nfl.com/image/private/f_auto,q_auto/league/zwrox2g1yauaa1csdhrw"
Matt Moore,"https://static.www.nfl.com/image/private/f_auto,q_auto/league/h04zarfikqlgerdftbgp"
Matt Prater,"https://static.www.nfl.com/image/upload/f_auto,q_auto/league/pj981bi535y4jwy6skr1"
Matt Robinson,"https://static.www.nfl.com/image/private/f_auto,q_auto/league/cyylhz3zlyomcyokkovh"
Matt Ryan,"https://static.www.nfl.com/image/private/f_auto,q_auto/league/s6zam4ekrrnonsck6vak"
Matt Schaub,"https://static.www.nfl.com/image/private/f_auto,q_auto/league/mj2kh2nddxnw04ludcx0"
Matt Simms,"https://static.www.nfl.com/image/private/f_auto,q_auto/league/cp7lmyzswrpku14vurnj"
Matt Stevens,"https://static.www.nfl.com/image/private/f_auto,q_auto/league/pitscuagvjqgbjia3i5r"
Matt Stover,"https://static.www.nfl.com/image/private/f_auto,q_auto/league/po28eupvc1y6rytcvtfs"
Matt Suhey,"https://static.www.nfl.com/image/private/f_auto,q_auto/league/ttcwdlgssxl8vgosj06j"
Matt Turk,"https://static.www.nfl.com/image/private/f_auto,q_auto/league/g9hjqcjp518hlr6albuw"
Matthew Stafford,"https://static.www.nfl.com/image/upload/f_auto,q_auto/league/jwpkjfrkzufdyh8u1mg7"
Matthias Farley,"https://static.www.nfl.com/image/private/f_auto,q_auto/league/yz4nj2cu0emfjudr3ofz"
Maurice Jones-Drew,"https://static.www.nfl.com/image/private/f_auto,q_auto/league/imza3kc0cmkjaym7sjsn"
Maury Buford,"https://static.www.nfl.com/image/private/f_auto,q_auto/league/nrdaun8l5sjys5dqvdgo"
Max Brosmer,"https://static.www.nfl.com/image/upload/f_auto,q_auto/league/fpveluufmy7buwrhpiny"
Max Hall,"https://static.www.nfl.com/image/private/f_auto,q_auto/league/haavtffaxl2j37h8liuw"
Max McGee,
Mel Farr,
Mewelde Moore,"https://static.www.nfl.com/image/private/f_auto,q_auto/league/aqabtnjtucqtwb99mb3o"
Micah Knorr,"https://static.www.nfl.com/image/private/f_auto,q_auto/league/tltoe25vufrulit8skw3"
Michael Bishop,"https://static.www.nfl.com/image/private/f_auto,q_auto/league/jqru5gtcuipgln8gutfl"
Michael Bush,"https://static.www.nfl.com/image/private/f_auto,q_auto/league/hrrwi7inledczyebrkuk"
Michael Clayton,"https://static.www.nfl.com/image/private/f_auto,q_auto/league/lvkowxltqzop95dpx7bx"
Michael Jackson,"https://static.www.nfl.com/image/private/f_auto,q_auto/league/jbn8znxlyucu64nj7qoz"
Michael Koenen,"https://static.www.nfl.com/image/private/f_auto,q_auto/league/hu8j84jf4ytn55rny2w0"
Michael Palardy,"https://static.www.nfl.com/image/private/f_auto,q_auto/league/hoxfeahxcb9sbz83nose"
Michael Penix Jr.,"https://static.www.nfl.com/image/upload/f_auto,q_auto/league/mip4kogkqxwkkya6mvmh"
Michael Pittman,"https://static.www.nfl.com/image/upload/f_auto,q_auto/league/q1ythn05kwcmdr4mwzll"
Michael Robinson,"https://static.www.nfl.com/image/private/f_auto,q_auto/league/ft3qwqtabyaptjs9cqvf"
Michael Vick,
Micheal Spurlock,"https://static.www.nfl.com/image/private/f_auto,q_auto/league/dfq51bmg5fjbbwdj0q9u"
Mickey Zofko,"https://static.www.nfl.com/image/private/f_auto,q_auto/league/ksqwimfwmiecoiml3t5j"
Mike Adamle,"https://static.www.nfl.com/image/private/f_auto,q_auto/league/apmookl9zrmoz4xsvi1u"
Mike Alstott,"https://static.www.nfl.com/image/private/f_auto,q_auto/league/loxctvxuynoipeaduqsc"
Mike Archie,"https://static.www.nfl.com/image/private/f_auto,q_auto/league/jrynsxqnrciddtyekr5v"
Mike Bartrum,"https://static.www.nfl.com/image/private/f_auto,q_auto/league/fjwogz2cpwvwlvcg8xaa"
Mike Black,"https://static.www.nfl.com/image/private/f_auto,q_auto/league/gytoqlondor7brn6rgm1"
Mike Boryla,"https://static.www.nfl.com/image/private/f_auto,q_auto/league/hfhbfly6nb1v3rswrvjb"
Mike Bragg,"https://static.www.nfl.com/image/private/f_auto,q_auto/league/lifj5myvxqarnd1kae1o"
Mike Buck,"https://static.www.nfl.com/image/private/f_auto,q_auto/league/mldwvf4klqbdj2ctvt2y"
Mike Burke,"https://static.www.nfl.com/image/private/f_auto,q_auto/league/rmzmtajgw7s8gxentn2y"
Mike Busch,"https://static.www.nfl.com/image/private/f_auto,q_auto/league/ngvuev9ewszuieuvaakd"
Mike Cherry,"https://static.www.nfl.com/image/private/f_auto,q_auto/league/qlnmakuweeoxuafube7i"
Mike Clark,"https://static.www.nfl.com/image/private/f_auto,q_auto/league/s2nbcd4xcn5qwrn1jtat"
Mike Dennis,"https://static.www.nfl.com/image/private/f_auto,q_auto/league/su0zom0gsngx0hyh3b6l"
Mike Eischeid,"https://static.www.nfl.com/image/private/f_auto,q_auto/league/zmq2lkmfonowmxxuo7no"
Mike Elkins,"https://static.www.nfl.com/image/private/f_auto,q_auto/league/efyncx3vtuqqxdzehqio"
Mike Ernst,"https://static.www.nfl.com/image/private/f_auto,q_auto/league/yrr1xg66l8sb3rcenxdn"
Mike Esposito,"https://static.www.nfl.com/image/private/f_auto,q_auto/league/do7swqeopigao0ljce8x"
Mike Fuller,"https://static.www.nfl.com/image/private/f_auto,q_auto/league/jenygbz39waknbmdd4xk"
Mike Garrett,"https://static.www.nfl.com/image/private/f_auto,q_auto/league/s1mdnox1fi1lhlihvmh3"
Mike Gesicki,"https://static.www.nfl.com/image/upload/f_auto,q_auto/league/dykckg6we3cnw9yhpggi"
Mike Glennon,"https://static.www.nfl.com/image/private/f_auto,q_auto/league/mubobrjbeudtezxv0t0p"
Mike Green,"https://static.www.nfl.com/image/upload/f_auto,q_auto/league/dh7h3ratc2xd1xed7efh"
Mike Guman,"https://static.www.nfl.com/image/private/f_auto,q_auto/league/ila865odwfkcjcphawdu"
Mike Hohensee,"https://static.www.nfl.com/image/private/f_auto,q_auto/league/u4rdevmeggoetss4zqjp"
Mike Hold,"https://static.www.nfl.com/image/private/f_auto,q_auto/league/b0puu3zlv1duhlfqeyen"
Mike Horan,"https://static.www.nfl.com/image/private/f_auto,q_auto/league/zksqwk19daesc04hoylk"
Mike James,"https://static.www.nfl.com/image/private/f_auto,q_auto/league/wurn2arjq72gyjcyzgo9"
Mike Kafka,"https://static.www.nfl.com/image/private/f_auto,q_auto/league/jbpqdkzygpdgouw6h5ds"
Mike Kelley,"https://static.www.nfl.com/image/private/f_auto,q_auto/league/hn2siteaw5fhlmx6uvd1"
Mike Kerrigan,"https://static.www.nfl.com/image/private/f_auto,q_auto/league/pjwz46qvzv5ejwvwkv8f"
Mike Kirkland,"https://static.www.nfl.com/image/private/f_auto,q_auto/league/a6tkfvx4lz9sbjk4me0j"
Mike Kruczek,"https://static.www.nfl.com/image/private/f_auto,q_auto/league/ak7rowm9lqybljnw065s"
Mike Lind,
Mike Livingston,"https://static.www.nfl.com/image/private/f_auto,q_auto/league/g3pykcenr6kpi8nxl9r4"
Mike Loyd,"https://static.www.nfl.com/image/private/f_auto,q_auto/league/mm00kympqzunqkdnlshe"
Mike Machurek,"https://static.www.nfl.com/image/private/f_auto,q_auto/league/a6zvpvml0khzpziwgfsv"
Mike McMahon,"https://static.www.nfl.com/image/private/f_auto,q_auto/league/oqk3auohiba0d6blhboc"
Mike Montgomery,"https://static.www.nfl.com/image/private/f_auto,q_auto/league/c0kdjoqmvxtzatf7dkb9"
Mike Moroski,"https://static.www.nfl.com/image/private/f_auto,q_auto/league/ilrc9rsovxara03fog9o"
Mike Mosley,"https://static.www.nfl.com/image/private/f_auto,q_auto/league/h2iniqybnlvs4wpjjeyi"
Mike Nott,"https://static.www.nfl.com/image/private/f_auto,q_auto/league/hmnlm1q6xhk6pfuhy7dz"
Mike Pagel,"https://static.www.nfl.com/image/private/f_auto,q_auto/league/sjcjnlxuxwllgtthxkwm"
Mike Phipps,"https://static.www.nfl.com/image/private/f_auto,q_auto/league/qfibjhkwworzac3b5ibo"
Mike Quinn,"https://static.www.nfl.com/image/private/f_auto,q_auto/league/kuyy3jx1kxkpuyfkgkby"
Mike Rae,"https://static.www.nfl.com/image/private/f_auto,q_auto/league/iogizfndddfpz7jwznaw"
Mike Renfro,"https://static.www.nfl.com/image/private/f_auto,q_auto/league/jsxmedvi9vlqhdvtcjmp"
Mike Rozier,"https://static.www.nfl.com/image/private/f_auto,q_auto/league/z3q6xg9zozdh94w9epli"
Mike Saxon,"https://static.www.nfl.com/image/private/f_auto,q_auto/league/ldkathhx9ncboyirerp1"
Mike Scifres,"https://static.www.nfl.com/image/private/f_auto,q_auto/league/y90destqrx1cowcazckp"
Mike Strachan,"https://static.www.nfl.com/image/private/f_auto,q_auto/league/f0eepzx0zweaaoch5xfj"
Mike Taliaferro,
Mike Thomas,"https://static.www.nfl.com/image/private/f_auto,q_auto/league/sytj4awk8kseyootqzec"
Mike Tomczak,"https://static.www.nfl.com/image/private/f_auto,q_auto/league/bjdgcglvb0wufq0kujfl"
Mike Wallace,"https://static.www.nfl.com/image/private/f_auto,q_auto/league/dy9z5wbsitf6l9psjq4y"
Mike White,"https://static.www.nfl.com/image/upload/f_auto,q_auto/league/ctdcazjooi8u5iyf82vr"
Mike Williams,"https://static.www.nfl.com/image/upload/f_auto,q_auto/league/atprqcuqsl4spdak76fy"
Mike Wood,"https://static.www.nfl.com/image/private/f_auto,q_auto/league/jkuwmpwyyzdg4eezamtb"
Mikhael Ricks,"https://static.www.nfl.com/image/private/f_auto,q_auto/league/lhsvqlh0jnec6obbskgt"
Miles Killebrew,"https://static.www.nfl.com/image/upload/f_auto,q_auto/league/mhgwr5y6ibs53msnm2gt"
Milt Plum,
Mitch Berger,"https://static.www.nfl.com/image/private/f_auto,q_auto/league/mqdccgnykzgp26fl4uuj"
Mitch Hoopes,"https://static.www.nfl.com/image/private/f_auto,q_auto/league/ny1yzs7hceuvinw4zpjw"
Mitchell Trubisky,"https://static.www.nfl.com/image/upload/f_auto,q_auto/league/yxs7ix2pmcfv5k1qn1sk"
Mohamed Massaquoi,"https://static.www.nfl.com/image/private/f_auto,q_auto/league/bhlimzndr5zoo6qifrvi"
Mohamed Sanu,"https://static.www.nfl.com/image/private/f_auto,q_auto/league/a6loroqhta6g65aqnsrk"
Monte McGuire,"https://static.www.nfl.com/image/private/f_auto,q_auto/league/rquydg4b91gvgd3mt0ef"
Moses Moreno,"https://static.www.nfl.com/image/private/f_auto,q_auto/league/ylhk1idc4vc0pie8qrno"
Mosi Tatupu,"https://static.www.nfl.com/image/private/f_auto,q_auto/league/jge79vwu3wvwpixwpriy"
Najee Harris,"https://static.www.nfl.com/image/upload/f_auto,q_auto/league/grfxgbvqnzz40r7rdtvk"
Napoleon Kaufman,"https://static.www.nfl.com/image/private/f_auto,q_auto/league/jvxth3bcfblxhpihc2rw"
Nat Moore,"https://static.www.nfl.com/image/private/f_auto,q_auto/league/l7jir7npzrkt89xzozpg"
Nate Sudfeld,"https://static.www.nfl.com/image/upload/f_auto,q_auto/league/l1acxbghxcms27qi59nq"
Nathan Peterman,"https://static.www.nfl.com/image/private/f_auto,q_auto/league/owifll49p0mmsjgf7rhn"
Natrone Means,"https://static.www.nfl.com/image/private/f_auto,q_auto/league/agocmf6cu74jyrrlbng6"
Neal Anderson,"https://static.www.nfl.com/image/private/f_auto,q_auto/league/mhldnge8bkykicj40ypz"
Neal Jeffrey,"https://static.www.nfl.com/image/private/f_auto,q_auto/league/tmlsyimxfbvtexd0bfo0"
Neil Graff,"https://static.www.nfl.com/image/private/f_auto,q_auto/league/bwtyslswqehsvnd9tl74"
Neil Lomax,"https://static.www.nfl.com/image/private/f_auto,q_auto/league/hicme3xr4rub1jc6ixsr"
Neil O'Donnell,"https://static.www.nfl.com/image/private/f_auto,q_auto/league/eljm5vck5j6fltkfftxd"
Nelson Agholor,"https://static.www.nfl.com/image/upload/f_auto,q_auto/league/wyxfkarcjgqdz3pl8nnr"
Nick Foles,"https://static.www.nfl.com/image/private/f_auto,q_auto/league/dxuz2ir773wylutxo7zs"
Nick Mike-Mayer,"https://static.www.nfl.com/image/private/f_auto,q_auto/league/w4dxdw01xuodwbnqyhnz"
Nick Mullens,"https://static.www.nfl.com/image/upload/f_auto,q_auto/league/haxwyajgngz6quuyqg19"
Nick Pietrosante,
Nolan Cromwell,"https://static.www.nfl.com/image/private/f_auto,q_auto/league/ay0enkhpn1xqzybzpw9b"
Norm Hodgins,"https://static.www.nfl.com/image/private/f_auto,q_auto/league/dit5elj8d4xb5lviyahq"
Norm Johnson,"https://static.www.nfl.com/image/private/f_auto,q_auto/league/wdhcut1fjkdtpzvsxyqm"
Norm Snead,"https://static.www.nfl.com/image/private/f_auto,q_auto/league/ck0qwuqolqzuzhjh3j0x"
Norm Van Brocklin,
Norris Weese,"https://static.www.nfl.com/image/private/f_auto,q_auto/league/c9ytxl2em3wz3fotlvdg"
O.J. Simpson,"https://static.www.nfl.com/image/private/f_auto,q_auto/league/oklnnl0m9iqv3s2xbyys"
Odell Beckham Jr.,"https://static.www.nfl.com/image/upload/f_auto,q_auto/league/ffmalg3wr7lwnsz59i7v"
Oliver Luck,"https://static.www.nfl.com/image/private/f_auto,q_auto/league/sgzxt8fimu3heizcx4mc"
Ollie Matson,
Otis Grant,"https://static.www.nfl.com/image/private/f_auto,q_auto/league/szf7usafrw6kgwwtrjhv"
Ottis Anderson,"https://static.www.nfl.com/image/private/f_auto,q_auto/league/pwluez9civsa4xcuqskm"
PJ Walker,"https://static.www.nfl.com/image/upload/f_auto,q_auto/league/rfbfapksdwh1o4othraq"
Parnell Dickinson,"https://static.www.nfl.com/image/private/f_auto,q_auto/league/q5dyecwrfcjmnk5klp65"
Pat Curran,"https://static.www.nfl.com/image/private/f_auto,q_auto/league/bxibplqhzwbivfl0eezh"
Pat Haden,"https://static.www.nfl.com/image/private/f_auto,q_auto/league/yhmy6rtjgynoxuwayxh8"
Pat McAfee,
Pat McInally,"https://static.www.nfl.com/image/private/f_auto,q_auto/league/xydkpqjkun5cc2r5csp6"
Pat O'Donnell,"https://static.www.nfl.com/image/upload/f_auto,q_auto/league/kputu02pppmvb69bkdfg"
Pat Ryan,"https://static.www.nfl.com/image/private/f_auto,q_auto/league/ew5hmxj34sp3hdqpj8zw"
Pat Studstill,
Pat Sullivan,"https://static.www.nfl.com/image/private/f_auto,q_auto/league/uecwpfenaprusqxvyawh"
Pat Summerall,
Pat White,"https://static.www.nfl.com/image/private/f_auto,q_auto/league/tgfpwighanolqztrq5yh"
Patrick Crayton,"https://static.www.nfl.com/image/private/f_auto,q_auto/league/yti9l84jb0ip9ysswdee"
Patrick Mahomes,"https://static.www.nfl.com/image/upload/f_auto,q_auto/league/wdckwtob1lybvkmxnf7p"
Patrick Peterson,"https://static.www.nfl.com/image/private/f_auto,q_auto/league/hefuj7lvfmgvr4tme7te"
Patrick Ramsey,"https://static.www.nfl.com/image/private/f_auto,q_auto/league/ugr5kzjaamcg0ybwgfo6"
Paul Dudley,
Paul Edinger,"https://static.www.nfl.com/image/private/f_auto,q_auto/league/ysnuh9veoieziecg6xff"
Paul Gipson,
Paul Hornung,
Paul Justin,"https://static.www.nfl.com/image/private/f_auto,q_auto/league/wagwpbdf4lfhf4qjwke8"
Paul Krause,"https://static.www.nfl.com/image/private/f_auto,q_auto/league/afs7hxwe1t3vcbpgwsmc"
Paul McDonald,"https://static.www.nfl.com/image/private/f_auto,q_auto/league/blqpdzbxui2hijbeqex5"
Paul McJulien,"https://static.www.nfl.com/image/private/f_auto,q_auto/league/lpid0fdaavaxsqiynnzl"
Paul Ott Carruth,"https://static.www.nfl.com/image/private/f_auto,q_auto/league/m7oymdfsegtgthsjnnvi"
Paul Palmer,"https://static.www.nfl.com/image/private/f_auto,q_auto/league/lrghnq3ki1ckw8m2ioth"
Paxton Lynch,"https://static.www.nfl.com/image/private/f_auto,q_auto/league/no5luyrz446ildiztu6t"
Peerless Price,"https://static.www.nfl.com/image/private/f_auto,q_auto/league/ilyybsnfcnbrr36dvwvo"
Perry Klein,"https://static.www.nfl.com/image/private/f_auto,q_auto/league/wbu2u5m4b5ws09ftuafa"
Perry Lee Dunn,
Pete Beathard,"https://static.www.nfl.com/image/private/f_auto,q_auto/league/mmbuixascoqfgpsal6qk"
Pete Gonzalez,"https://static.www.nfl.com/image/private/f_auto,q_auto/league/lvrxlnzahzawkrn3cazi"
Pete Holohan,"https://static.www.nfl.com/image/private/f_auto,q_auto/league/w1rijkq9trkk6khrmstx"
Pete Liske,
Peter Tom Willis,"https://static.www.nfl.com/image/private/f_auto,q_auto/league/ggadsawf4yhixhew2eei"
Peyton Hillis,"https://static.www.nfl.com/image/private/f_auto,q_auto/league/uy3jtiwamtomkrodvnl9"
Peyton Manning,"https://static.www.nfl.com/image/private/f_auto,q_auto/league/xpcd6auodk3w0vda6jal"
Pharoh Cooper,"https://static.www.nfl.com/image/private/f_auto,q_auto/league/mnsqfcfqiehw5aocr1lg"
Phil Dawson,"https://static.www.nfl.com/image/private/f_auto,q_auto/league/dypn7kf7fsaz30ey0ayc"
Phil King,
Phil Simms,"https://static.www.nfl.com/image/private/f_auto,q_auto/league/lhzj6vxddl0epe3sj0h8"
Philip Rivers,"https://static.www.nfl.com/image/private/f_auto,q_auto/league/voakyrtj34sghkwxaxxf"
Phillip Dorsett,"https://static.www.nfl.com/image/upload/f_auto,q_auto/league/zkmdppfkcxqn5iwlcsyy"
Phillip Walker,
Pierre Garcon,"https://static.www.nfl.com/image/private/f_auto,q_auto/league/xwjogot7xrfj9qwhsgtn"
Prentice Gautt,
Preston Carpenter,
Priest Holmes,"https://static.www.nfl.com/image/private/f_auto,q_auto/league/dzul271lozkuowxqh9r7"
Quincy Carter,"https://static.www.nfl.com/image/private/f_auto,q_auto/league/u05ibf4mtu9ov0gferzv"
Quinn Ewers,"https://static.www.nfl.com/image/upload/f_auto,q_auto/league/bbcwyjuhyijtqe7jo274"
Quinn Gray,"https://static.www.nfl.com/image/private/f_auto,q_auto/league/bac2ksuicgt4lm9pcm35"
RJ Harvey,"https://static.www.nfl.com/image/upload/f_auto,q_auto/league/szxmro5enrxlscvv67xg"
Ralph Giacomarro,"https://static.www.nfl.com/image/private/f_auto,q_auto/league/ojlccwqbvygnzbwqdagd"
Ralph Guglielmi,
Randall Cobb,"https://static.www.nfl.com/image/private/f_auto,q_auto/league/kuwo5hnkbtesfw6n9w1s"
Randall Cunningham,"https://static.www.nfl.com/image/private/f_auto,q_auto/league/gwa0zs48uxqe3xto4ofx"
Randall Morris,"https://static.www.nfl.com/image/private/f_auto,q_auto/league/gswk4uibf1hi0eavljpd"
Randy Dean,"https://static.www.nfl.com/image/private/f_auto,q_auto/league/wjb5jc6wivjnihogvbah"
Randy Fasani,"https://static.www.nfl.com/image/private/f_auto,q_auto/league/qzwki9ouzl1vcb2xy9tz"
Randy Hedberg,"https://static.www.nfl.com/image/private/f_auto,q_auto/league/cw2jljifjmmhu4akf2be"
Randy Hymes,"https://static.www.nfl.com/image/private/f_auto,q_auto/league/j128isjjnpvqtx8va42a"
Randy Johnson,"https://static.www.nfl.com/image/private/f_auto,q_auto/league/yfdq4thuxhxcezen6iey"
Randy Moss,"https://static.www.nfl.com/image/private/f_auto,q_auto/league/udotyrimbuirasxxkd8p"
Randy Wright,"https://static.www.nfl.com/image/private/f_auto,q_auto/league/i683zerheglgdirtjx0q"
Ray Brown,"https://static.www.nfl.com/image/private/f_auto,q_auto/league/xdwhokzijbzg4qjhj9jp"
Ray Guy,"https://static.www.nfl.com/image/private/f_auto,q_auto/league/ho8elpqtloeudnzwlhdl"
Ray Lucas,"https://static.www.nfl.com/image/private/f_auto,q_auto/league/raes5zwaa0yln2yoegyf"
Ray Poage,
Ray Rice,"https://static.www.nfl.com/image/private/f_auto,q_auto/league/qjmvqdjdtrycr4zixl2v"
Reche Caldwell,"https://static.www.nfl.com/image/private/f_auto,q_auto/league/dlul6xognvatu1gepwwq"
Reece Morrison,
Reggie Bush,"https://static.www.nfl.com/image/private/f_auto,q_auto/league/z2m2heolqx9sgobdks9v"
Reggie Collier,"https://static.www.nfl.com/image/private/f_auto,q_auto/league/gav4wb55ymhmy0qdezux"
Reggie Rivers,"https://static.www.nfl.com/image/private/f_auto,q_auto/league/hhsgr4l6mnqslxz3iesu"
Reggie Roby,"https://static.www.nfl.com/image/private/f_auto,q_auto/league/ptg4t5wyvmgpo2vc5agc"
Reggie Wayne,"https://static.www.nfl.com/image/private/f_auto,q_auto/league/xcs1zrjpz03nualfwfts"
Rex Burkhead,"https://static.www.nfl.com/image/private/f_auto,q_auto/league/ysgdnkasvp07qmrkasve"
Rex Grossman,"https://static.www.nfl.com/image/private/f_auto,q_auto/league/vpqfq2k92lb89b6zfjea"
Rich Camarillo,"https://static.www.nfl.com/image/private/f_auto,q_auto/league/xm3xnm9ggd9ilbmlwf8z"
Rich Campbell,"https://static.www.nfl.com/image/private/f_auto,q_auto/league/puqupuogusa4wlbjdd9b"
Rich Gannon,"https://static.www.nfl.com/image/private/f_auto,q_auto/league/wy2haknzelfdpaxh0pig"
Richard Bartel,"https://static.www.nfl.com/image/private/f_auto,q_auto/league/aztmgjfd7hxssf9py5ra"
Richard Huntley,"https://static.www.nfl.com/image/private/f_auto,q_auto/league/zmxf2xs7wnrdw936z2x0"
Richard Todd,"https://static.www.nfl.com/image/private/f_auto,q_auto/league/t4h6eqguru0fe5prcbo7"
Richie Anderson,"https://static.www.nfl.com/image/private/f_auto,q_auto/league/t05nqplwwgzsyysjmswf"
Rick Arrington,
Rick Casares,
Rick Engles,"https://static.www.nfl.com/image/private/f_auto,q_auto/league/zyqgpf9f572639supk7l"
Rick McIvor,"https://static.www.nfl.com/image/private/f_auto,q_auto/league/omuakrcxp0hi9oelm5h9"
Rick Mirer,"https://static.www.nfl.com/image/private/f_auto,q_auto/league/ivjjvb7urzhuannrkruf"
Rick Neuheisel,"https://static.www.nfl.com/image/private/f_auto,q_auto/league/ah5joyi7icl4jacuhvlf"
Rick Norton,
Rick Strom,"https://static.www.nfl.com/image/private/f_auto,q_auto/league/ccgci9wjdeytdkbxikir"
Rick Tuten,"https://static.www.nfl.com/image/private/f_auto,q_auto/league/dcfh18x0mjydngqfs8lk"
Rick Upchurch,"https://static.www.nfl.com/image/private/f_auto,q_auto/league/ur6o8rbnx0nqz7nhwccp"
Ricky Davis,"https://static.www.nfl.com/image/private/f_auto,q_auto/league/u0cbpvszb5d276vbbowa"
Ricky Nattiel,"https://static.www.nfl.com/image/private/f_auto,q_auto/league/ubpm3tlbycuzeekqvuhq"
Ricky Pearsall,"https://static.www.nfl.com/image/upload/f_auto,q_auto/league/rrv2qhkjqagb8ibzwakv"
Ricky Proehl,"https://static.www.nfl.com/image/private/f_auto,q_auto/league/dyzdnenej8omtg3cslo1"
Ricky Sanders,"https://static.www.nfl.com/image/private/f_auto,q_auto/league/b0ovvzsbhlhtqgrnqej6"
Ricky Turner,"https://static.www.nfl.com/image/private/f_auto,q_auto/league/lsoglonu6mjzwc5clgli"
Ricky Watters,"https://static.www.nfl.com/image/private/f_auto,q_auto/league/nhugmp8lmkxyewbrfebd"
Ricky Williams,"https://static.www.nfl.com/image/private/f_auto,q_auto/league/buhodr9dphf3lf0nazql"
Rigoberto Sanchez,"https://static.www.nfl.com/image/upload/f_auto,q_auto/league/i3hjsasd97k3y3z0inc6"
Riley Dixon,"https://static.www.nfl.com/image/upload/f_auto,q_auto/league/wcwfdojcfj0i6y1rb5jn"
Riley Leonard,"https://static.www.nfl.com/image/upload/f_auto,q_auto/league/okxcrf19ylc0hwfefmwl"
Rob Carpenter,"https://static.www.nfl.com/image/private/f_auto,q_auto/league/sg58qe9awqni6r2dapaa"
Rob Hertel,"https://static.www.nfl.com/image/private/f_auto,q_auto/league/adty5odwz7fv9qnr4d2z"
Rob Johnson,"https://static.www.nfl.com/image/private/f_auto,q_auto/league/uz2yoboeoow7si4hmtds"
Rob Moore,"https://static.www.nfl.com/image/private/f_auto,q_auto/league/e7qxf8u4uexvpi1kilf2"
Robb Riddick,"https://static.www.nfl.com/image/private/f_auto,q_auto/league/wgfixue76ddiwzvw3jwr"
Robbie Gould,"https://static.www.nfl.com/image/private/f_auto,q_auto/league/uakpiwhnutg2rvoyrmgh"
Robert Awalt,
Robert Chancey,"https://static.www.nfl.com/image/private/f_auto,q_auto/league/vqwvnbizgbdyfqnonync"
Robert Golden,"https://static.www.nfl.com/image/private/f_auto,q_auto/league/x34qsxf2ita6cddyhped"
Robert Griffin III,"https://static.www.nfl.com/image/private/f_auto,q_auto/league/k7asgb06pdsilmrb378b"
Robert Newhouse,"https://static.www.nfl.com/image/private/f_auto,q_auto/league/reutjtvbbukopwxf8tg6"
Rod Bernstine,"https://static.www.nfl.com/image/private/f_auto,q_auto/league/pjsybp3v70cvn6kp2shu"
Rod Gardner,"https://static.www.nfl.com/image/private/f_auto,q_auto/league/kldt6mfpv0yfextmmyjc"
Rod Smith,"https://static.www.nfl.com/image/private/f_auto,q_auto/league/zmhmhduytwid1kjim5rp"
Rodney Carter,"https://static.www.nfl.com/image/private/f_auto,q_auto/league/ybdmyvmusjf1iq6rrzfj"
Rodney Peete,"https://static.www.nfl.com/image/private/f_auto,q_auto/league/jc5zp43pmkw5qgawmw2v"
Roger LeClerc,
Roger Staubach,"https://static.www.nfl.com/image/private/f_auto,q_auto/league/vlo98smgqsmva1c82tjl"
Roger Wehrli,"https://static.www.nfl.com/image/private/f_auto,q_auto/league/lykwyohaenfqxf036d50"
Rohan Davey,"https://static.www.nfl.com/image/private/f_auto,q_auto/league/nuiz1rgisguz9z4jw4xg"
Rohn Stark,"https://static.www.nfl.com/image/private/f_auto,q_auto/league/qfft9qxvqwqfkzv9cq0g"
Roland Harper,"https://static.www.nfl.com/image/private/f_auto,q_auto/league/tjuuumtp3dr3vtae92q8"
Roman Gabriel,"https://static.www.nfl.com/image/private/f_auto,q_auto/league/covm0ylw2noyhqzejuwe"
Ron Holliday,
Ron Jaworski,"https://static.www.nfl.com/image/private/f_auto,q_auto/league/aamsifwf5pezavdmdtcr"
Ron Jessie,"https://static.www.nfl.com/image/private/f_auto,q_auto/league/zjkid3asp1lfqzw0jtys"
Ron Johnson,"https://static.www.nfl.com/image/private/f_auto,q_auto/league/uejlcrnhkrz2q3vzmf4n"
Ron Meyer,
Ron Miller,
Ron Smith,"https://static.www.nfl.com/image/private/f_auto,q_auto/league/nh49xm9z49dpfox5jnjl"
Ron Springs,"https://static.www.nfl.com/image/private/f_auto,q_auto/league/vr3hkcgggerkqi56uz6s"
Ron Vander Kelen,
Ron Widby,
Ronald Curry,"https://static.www.nfl.com/image/private/f_auto,q_auto/league/mz8oknklwv2dfrqokuco"
Ronald Moore,"https://static.www.nfl.com/image/private/f_auto,q_auto/league/waqedylf2x7jr4yyplq5"
Ronnie Brown,"https://static.www.nfl.com/image/private/f_auto,q_auto/league/hymv5mzqoztkacjoyitr"
Ronnie Bull,
Ronnie Coleman,"https://static.www.nfl.com/image/private/f_auto,q_auto/league/b503rw5rmpquu0oducjc"
Ronnie Lee South,
Roosevelt Leaks,"https://static.www.nfl.com/image/private/f_auto,q_auto/league/brhnwc7y48c0ztjvvf7t"
Roscoe Parrish,"https://static.www.nfl.com/image/private/f_auto,q_auto/league/jxtnct2flkztk99nkeno"
Roy Green,"https://static.www.nfl.com/image/private/f_auto,q_auto/league/wbzkqqfjj5t8l9yyrquc"
Roy Shivers,
Roy Williams,"https://static.www.nfl.com/image/private/f_auto,q_auto/league/dgin3k0ecicww9uphfww"
Ruben Rodriguez,"https://static.www.nfl.com/image/private/f_auto,q_auto/league/qrzjg2hpcnylvdsdhu0j"
Rudy Bukich,
Russ Francis,"https://static.www.nfl.com/image/private/f_auto,q_auto/league/mery59a5g4kfrlcm9rax"
Russell Erxleben,"https://static.www.nfl.com/image/private/f_auto,q_auto/league/ygsesle54pltdrg5u0tb"
Russell Gage,"https://static.www.nfl.com/image/upload/f_auto,q_auto/league/oigboeq0amnbgw7lnda0"
Russell Wilson,"https://static.www.nfl.com/image/upload/f_auto,q_auto/league/vkstxj0evgkjiycu4glc"
Rusty Hilger,"https://static.www.nfl.com/image/private/f_auto,q_auto/league/woyb5rnrjm9klblhks1k"
Rusty Lisch,"https://static.www.nfl.com/image/private/f_auto,q_auto/league/tsixqrsmrpmqv5nluo7c"
Rusty Smith,"https://static.www.nfl.com/image/private/f_auto,q_auto/league/ichtfbw1lycoclaofqtf"
Ryan Finley,"https://static.www.nfl.com/image/private/f_auto,q_auto/league/vz8qctzxuap5nxbaw8ql"
Ryan Fitzpatrick,"https://static.www.nfl.com/image/private/f_auto,q_auto/league/pkhhxwplsawnhln9rsun"
Ryan Griffin,"https://static.www.nfl.com/image/private/f_auto,q_auto/league/mpwu7c3o2lkxwqn1gras"
Ryan Leaf,"https://static.www.nfl.com/image/private/f_auto,q_auto/league/qvnv3syldrnam0y3n4ac"
Ryan Lindley,"https://static.www.nfl.com/image/private/f_auto,q_auto/league/hkcspynbhidpjfs3npao"
Ryan Longwell,"https://static.www.nfl.com/image/private/f_auto,q_auto/league/powkqjr27gfrcapctcti"
Ryan Mallett,"https://static.www.nfl.com/image/private/f_auto,q_auto/league/tvn03oot2ttdoog5x0qr"
Ryan Nassib,"https://static.www.nfl.com/image/private/f_auto,q_auto/league/mwpobkoqx8dcyv4yin6n"
Ryan Quigley,"https://static.www.nfl.com/image/private/f_auto,q_auto/league/x4iusmtkekesjjq4rcvn"
Ryan Tannehill,"https://static.www.nfl.com/image/private/f_auto,q_auto/league/yvwju12dl6haf3r8uzrm"
Ryan Wright,"https://static.www.nfl.com/image/upload/f_auto,q_auto/league/g8j6r8d2ut2a2ln6i3c6"
Sage Rosenfels,"https://static.www.nfl.com/image/private/f_auto,q_auto/league/hzwobipt3ftcvvhf04x3"
Sam Adkins,"https://static.www.nfl.com/image/private/f_auto,q_auto/league/yrc68elxd1fl4r5cw4od"
Sam Baker,"https://static.www.nfl.com/image/private/f_auto,q_auto/league/cfecxm8u7vbcnsnxmtr7"
Sam Bradford,"https://static.www.nfl.com/image/private/f_auto,q_auto/league/fizwrxzfdaw7v2vzzpn6"
Sam Darnold,"https://static.www.nfl.com/image/upload/f_auto,q_auto/league/fyay8vruj0cqmhopufzk"
Sam Ehlinger,"https://static.www.nfl.com/image/upload/f_auto,q_auto/league/imtb2ia03w2ujrl9dprs"
Sam Etcheverry,
Sam Havrilak,"https://static.www.nfl.com/image/private/f_auto,q_auto/league/tkupzdqf0xmw0dpgk5cz"
Sam Howell,"https://static.www.nfl.com/image/upload/f_auto,q_auto/league/sx77bippywnl0dx6m8q9"
Sam Koch,"https://static.www.nfl.com/image/private/f_auto,q_auto/league/dw34lcf6qit1i1knjhpv"
Sam Martin,"https://static.www.nfl.com/image/upload/f_auto,q_auto/league/edhegnq9rbphynrogxzh"
Sam Wyche,"https://static.www.nfl.com/image/private/f_auto,q_auto/league/f66hvmnmtgq1lpiim2vm"
Samkon Gado,"https://static.www.nfl.com/image/private/f_auto,q_auto/league/jkb0g7uoehzec5xv7pvd"
Sammy Garza,"https://static.www.nfl.com/image/private/f_auto,q_auto/league/xesnsss1d0nzpdhgd41n"
Sammy Johnson,"https://static.www.nfl.com/image/private/f_auto,q_auto/league/nqrulg7rfyb4qru8yoqa"
Sammy Watkins,"https://static.www.nfl.com/image/private/f_auto,q_auto/league/nkqk4ac4uncxocqlgp2k"
Sammy Winder,"https://static.www.nfl.com/image/private/f_auto,q_auto/league/v39r535soc9s4rskfhf7"
Sandy Osiecki,"https://static.www.nfl.com/image/private/f_auto,q_auto/league/zfeavifetvejtmhh3rah"
Santonio Holmes,"https://static.www.nfl.com/image/private/f_auto,q_auto/league/dxmxzb9pcyedlf99zejh"
Scott Brunner,"https://static.www.nfl.com/image/private/f_auto,q_auto/league/ozvipaqr9w5xzlermqga"
Scott Bull,"https://static.www.nfl.com/image/private/f_auto,q_auto/league/bycv2hbrzrqdfdwbyorp"
Scott Campbell,"https://static.www.nfl.com/image/private/f_auto,q_auto/league/ltcpr2wxnwcqgq60fm5p"
Scott Covington,"https://static.www.nfl.com/image/private/f_auto,q_auto/league/mfokusuxho5iiwokxp26"
Scott Dierking,"https://static.www.nfl.com/image/private/f_auto,q_auto/league/nm43imvhhgqxcj79i6qj"
Scott Fulhage,"https://static.www.nfl.com/image/private/f_auto,q_auto/league/c61gcd33pzehk40hf3cc"
Scott Hunter,"https://static.www.nfl.com/image/private/f_auto,q_auto/league/jm4vuyn6ey0ldwex3lbv"
Scott Milanovich,"https://static.www.nfl.com/image/private/f_auto,q_auto/league/c2zxxq36nex9zgb0hmqe"
Scott Mitchell,"https://static.www.nfl.com/image/private/f_auto,q_auto/league/fz0nlfjxrivr2uofgv3o"
Scott Secules,"https://static.www.nfl.com/image/private/f_auto,q_auto/league/oepezivuhhf43m7q6gum"
Scott Stankavage,"https://static.www.nfl.com/image/private/f_auto,q_auto/league/yjhnwbgwksygkicwdv0m"
Scott Tinsley,"https://static.www.nfl.com/image/private/f_auto,q_auto/league/arncob3az3ompa4rjcqp"
Scott Tolzien,"https://static.www.nfl.com/image/private/f_auto,q_auto/league/kt8ji3aejylpnpskeqzn"
Scott Zolak,"https://static.www.nfl.com/image/private/f_auto,q_auto/league/iiuw5pvofyiqw9dlbbgb"
Sean Clifford,"https://static.www.nfl.com/image/upload/f_auto,q_auto/league/v0tmzl4x5qf2fo2yimqf"
Sean Landeta,"https://static.www.nfl.com/image/private/f_auto,q_auto/league/ck6so8zwqjsmxhdabvog"
Sean Mannion,"https://static.www.nfl.com/image/private/f_auto,q_auto/league/lcuc7hhiijmt8xtitm77"
Sean Payton,"https://static.www.nfl.com/image/private/f_auto,q_auto/league/o97tkn99gh0gxyqqgw0o"
Sean Renfree,"https://static.www.nfl.com/image/private/f_auto,q_auto/league/em0dfm6g2ozrhjejiaet"
Sean Salisbury,"https://static.www.nfl.com/image/private/f_auto,q_auto/league/i7r8vxt673kc8dunc5lt"
Seneca Wallace,"https://static.www.nfl.com/image/private/f_auto,q_auto/league/ytykneqxk0xwqhcrbq9a"
Shane Buechele,"https://static.www.nfl.com/image/upload/f_auto,q_auto/league/kmbuzxucmmytpuoy8yfc"
Shane Lechler,"https://static.www.nfl.com/image/private/f_auto,q_auto/league/we3oe5jqnrb4ag3d4pqu"
Shane Matthews,"https://static.www.nfl.com/image/private/f_auto,q_auto/league/pmehfk5wltjokhhzedvn"
Shane Vereen,"https://static.www.nfl.com/image/private/f_auto,q_auto/league/grirsvo53nqb22jzb1zk"
Shaun Hill,"https://static.www.nfl.com/image/private/f_auto,q_auto/league/dn42ccbwrshm7uksyphy"
Shaun King,"https://static.www.nfl.com/image/private/f_auto,q_auto/league/zzxt4aw9qbfahfhixu7v"
Shawn Halloran,"https://static.www.nfl.com/image/private/f_auto,q_auto/league/mp7aa5lpctnbswhtlbgv"
Shawn McCarthy,"https://static.www.nfl.com/image/private/f_auto,q_auto/league/lz2jyswl9dftuidijkkl"
Shawn Moore,"https://static.www.nfl.com/image/private/f_auto,q_auto/league/msfas2bfns6betxrfpso"
Shedeur Sanders,"https://static.www.nfl.com/image/upload/f_auto,q_auto/league/joe08hz6to2madpko8zl"
Sherman Smith,"https://static.www.nfl.com/image/private/f_auto,q_auto/league/rctklo6qrh0hzr19lrya"
Sherman Williams,"https://static.www.nfl.com/image/private/f_auto,q_auto/league/qbuytaqlditlumsxwxen"
Sidney Rice,"https://static.www.nfl.com/image/private/f_auto,q_auto/league/gvm2tebxbsm7eajiwaad"
Skylar Thompson,"https://static.www.nfl.com/image/upload/f_auto,q_auto/league/estx7utxpnqif0lto9cq"
Sonny Davis,
Sonny Gibbs,
Sonny Jurgensen,"https://static.www.nfl.com/image/private/f_auto,q_auto/league/lchsfr6kvo3q1dpnyjes"
Spencer Lanning,"https://static.www.nfl.com/image/private/f_auto,q_auto/league/fs56vzwpahenlqxrlt58"
Spencer Rattler,"https://static.www.nfl.com/image/upload/f_auto,q_auto/league/gcgmcf4kex3jsl4rlrng"
Spergon Wynn,"https://static.www.nfl.com/image/private/f_auto,q_auto/league/mgu5aq70jj2xbpyriy0f"
Spike Jones,"https://static.www.nfl.com/image/private/f_auto,q_auto/league/yrouqfqf12yur6qpjaq6"
Stacey Mack,"https://static.www.nfl.com/image/private/f_auto,q_auto/league/yyuwqskm7g1a0ige62em"
Stan Fritts,"https://static.www.nfl.com/image/private/f_auto,q_auto/league/mvsc85ymiqjc7r5xxzu5"
Stan Gelbaugh,"https://static.www.nfl.com/image/private/f_auto,q_auto/league/vrwq2e2pfzkmjrllvi1w"
Stan Humphries,"https://static.www.nfl.com/image/private/f_auto,q_auto/league/nbxa7akeappqggeabpbj"
Stefan Logan,"https://static.www.nfl.com/image/private/f_auto,q_auto/league/nsjznm0rgyybv8rixbkm"
Stefon Diggs,"https://static.www.nfl.com/image/upload/f_auto,q_auto/league/cemcexmscsarpvwhafln"
Stephen McGee,"https://static.www.nfl.com/image/private/f_auto,q_auto/league/uww4isywytxefrfag7q1"
Sterling Sharpe,"https://static.www.nfl.com/image/private/f_auto,q_auto/league/bslcx5nft2cxkr4cjx9k"
Steve Bartalo,"https://static.www.nfl.com/image/private/f_auto,q_auto/league/fgfltjuius2tmzr9kt60"
Steve Bartkowski,"https://static.www.nfl.com/image/private/f_auto,q_auto/league/vezswr0hfnk222ok87ju"
Steve Beuerlein,"https://static.www.nfl.com/image/private/f_auto,q_auto/league/biuxbpl5hymra8j9wg7i"
Steve Bono,"https://static.www.nfl.com/image/private/f_auto,q_auto/league/krkjgs7ldvznzpqytyc6"
Steve Bradley,"https://static.www.nfl.com/image/private/f_auto,q_auto/league/otsoekdnoijgw5zrbgst"
Steve Breaston,"https://static.www.nfl.com/image/private/f_auto,q_auto/league/cozv5t87e6m17icz7dqk"
Steve Broussard,"https://static.www.nfl.com/image/private/f_auto,q_auto/league/aieafpxmobynobzdxvak"
Steve Bryant,"https://static.www.nfl.com/image/private/f_auto,q_auto/league/kakvhh5wseo1xuiuyg1u"
Steve Cox,"https://static.www.nfl.com/image/private/f_auto,q_auto/league/srar2tgv7vh0brzln91b"
Steve DeBerg,"https://static.www.nfl.com/image/private/f_auto,q_auto/league/v07li1l2otq0hlqdeymd"
Steve Dils,"https://static.www.nfl.com/image/private/f_auto,q_auto/league/ih0z25eoj7ommwssthmv"
Steve Fuller,"https://static.www.nfl.com/image/private/f_auto,q_auto/league/pwpriz9wpd0epedysmbl"
Steve Grogan,"https://static.www.nfl.com/image/private/f_auto,q_auto/league/lgtwr9h2e8bey2lyqkco"
Steve Kreider,"https://static.www.nfl.com/image/private/f_auto,q_auto/league/jfkzfz4plvdpczvmj85n"
Steve Largent,"https://static.www.nfl.com/image/private/f_auto,q_auto/league/uwi8mvpiavmova7skp7q"
Steve Little,"https://static.www.nfl.com/image/private/f_auto,q_auto/league/uuowwdotusug1iphhfn7"
Steve Matthews,"https://static.www.nfl.com/image/private/f_auto,q_auto/league/ss5tzeazyaa0axtq7f1d"
Steve McNair,"https://static.www.nfl.com/image/private/f_auto,q_auto/league/ywdddxsuykv3cuslv0xo"
Steve Myer,"https://static.www.nfl.com/image/private/f_auto,q_auto/league/aqdsbchanjaznmvozqpa"
Steve O'Neal,
Steve Pelluer,"https://static.www.nfl.com/image/private/f_auto,q_auto/league/u8z9jeni8iiwf18kzzju"
Steve Pisarkiewicz,"https://static.www.nfl.com/image/private/f_auto,q_auto/league/i0jmaimc8rksdtwqmius"
Steve Preece,"https://static.www.nfl.com/image/private/f_auto,q_auto/league/juddbppdqavnuaj5luqb"
Steve Ramsey,"https://static.www.nfl.com/image/private/f_auto,q_auto/league/mlzbxmtkito7mcjdkzqd"
Steve Sewell,"https://static.www.nfl.com/image/private/f_auto,q_auto/league/qxmxmdal8oxjvcbahplc"
Steve Sloan,
Steve Smith,"https://static.www.nfl.com/image/private/f_auto,q_auto/league/k23e0b8cto93he9rt0zc"
Steve Spurrier,"https://static.www.nfl.com/image/private/f_auto,q_auto/league/wwncsrabzl0h5xnraaca"
Steve Stenstrom,"https://static.www.nfl.com/image/private/f_auto,q_auto/league/ocrooh6d8sdpmrgwsiiu"
Steve Tensi,
Steve Thurlow,
Steve Walsh,"https://static.www.nfl.com/image/private/f_auto,q_auto/league/yt81jzksz5lhcrfjsibt"
Steve Weatherford,"https://static.www.nfl.com/image/private/f_auto,q_auto/league/jkpdalshsrmuxdn1jj4h"
Steve Young,"https://static.www.nfl.com/image/private/f_auto,q_auto/league/kfrm5wzrogcovwymoez8"
Steven Jackson,"https://static.www.nfl.com/image/private/f_auto,q_auto/league/abl5wejuf448xw3jtphm"
Steven Sims,"https://static.www.nfl.com/image/upload/f_auto,q_auto/league/j4wvyoqtwt34h8qamgun"
Stoney Case,"https://static.www.nfl.com/image/private/f_auto,q_auto/league/xcfymbbw9j5rlg6q4frn"
Stump Mitchell,"https://static.www.nfl.com/image/private/f_auto,q_auto/league/cxnaemm0sfhqixlmhemy"
Sylvester Morris,"https://static.www.nfl.com/image/private/f_auto,q_auto/league/ch6sxorty4sizfjbpcdl"
T.J. Duckett,"https://static.www.nfl.com/image/private/f_auto,q_auto/league/tjxtrdxwvqekvrdqbrc6"
T.J. Rubley,"https://static.www.nfl.com/image/private/f_auto,q_auto/league/rzjwucyed4lfynsw9b0f"
T.J. Yates,"https://static.www.nfl.com/image/private/f_auto,q_auto/league/h8x0pbhc1s5dwjuzipsb"
T.Y. Hilton,"https://static.www.nfl.com/image/private/f_auto,q_auto/league/b8kor0sgeynyd8u8cush"
Tanner McEvoy,"https://static.www.nfl.com/image/private/f_auto,q_auto/league/sllikin2krzlnyo7cdvt"
Tanner McKee,"https://static.www.nfl.com/image/upload/f_auto,q_auto/league/oveivzhzv13jrfvkp8zg"
Tarik Cohen,"https://static.www.nfl.com/image/private/f_auto,q_auto/league/pm0uewrl0ugotlc5wbpc"
Tarvaris Jackson,"https://static.www.nfl.com/image/private/f_auto,q_auto/league/bqukmeneztibnhrjko0q"
Tavon Austin,"https://static.www.nfl.com/image/private/f_auto,q_auto/league/ulagxqgjnrft4wub0gus"
Taylor Heinicke,"https://static.www.nfl.com/image/upload/f_auto,q_auto/league/fz9e0aufjyyo5raclwji"
Taysom Hill,"https://static.www.nfl.com/image/upload/f_auto,q_auto/league/q8itjlocg5do60qat4l3"
Ted Brown,"https://static.www.nfl.com/image/private/f_auto,q_auto/league/dcw07qpdqg9ddiqdsdfd"
Ted Ginn Jr.,
Teddy Bridgewater,"https://static.www.nfl.com/image/upload/f_auto,q_auto/league/wggyfg1dgyiwcgxafoen"
Tee Martin,"https://static.www.nfl.com/image/private/f_auto,q_auto/league/l52uxuejljmk4gk0ausk"
Terrell Fletcher,"https://static.www.nfl.com/image/private/f_auto,q_auto/league/wjujd10uh6t0jbybbaek"
Terrelle Pryor,"https://static.www.nfl.com/image/private/f_auto,q_auto/league/ac6blk5o4ztsr7hvtil9"
Terry Baker,
Terry Barr,
Terry Bradshaw,"https://static.www.nfl.com/image/private/f_auto,q_auto/league/xmjv8lqrxaspc8joz0v4"
Terry Glenn,"https://static.www.nfl.com/image/private/f_auto,q_auto/league/uaafdatd9hccayjfwh1e"
Terry Hanratty,"https://static.www.nfl.com/image/private/f_auto,q_auto/league/si5sxjtwhafiqnejrvir"
Terry Joyce,"https://static.www.nfl.com/image/private/f_auto,q_auto/league/x6me3bwzk57tjrh25eop"
Terry Kirby,"https://static.www.nfl.com/image/private/f_auto,q_auto/league/bhvxmn3s2kesdtgg0qkm"
Terry LeCount,"https://static.www.nfl.com/image/private/f_auto,q_auto/league/xyinrizbcndagdteczrd"
Terry Luck,"https://static.www.nfl.com/image/private/f_auto,q_auto/league/rtlhr99enmtj9iuahiyw"
Terry Metcalf,"https://static.www.nfl.com/image/private/f_auto,q_auto/league/qeqfewr3sikilhhuxgn0"
Terry Nofsinger,
Terry Nugent,"https://static.www.nfl.com/image/private/f_auto,q_auto/league/ztnqksofbwoshsa4sznl"
Thaddeus Lewis,
Thomas Jones,"https://static.www.nfl.com/image/private/f_auto,q_auto/league/bmbhldch291mziip7hm4"
Thomas Morstead,"https://static.www.nfl.com/image/upload/f_auto,q_auto/league/uicxa9bwvrenvcwnoklm"
Thurman Thomas,"https://static.www.nfl.com/image/private/f_auto,q_auto/league/oy5j1auukzykwe8mhhhf"
Tiki Barber,"https://static.www.nfl.com/image/private/f_auto,q_auto/league/envscajcftvy5low6aod"
Tim Boyle,"https://static.www.nfl.com/image/upload/f_auto,q_auto/league/zmfyonfo6ohn5bxqwaxg"
Tim Castille,"https://static.www.nfl.com/image/private/f_auto,q_auto/league/pox4lqfkx5cpwnpy8ijr"
Tim Couch,"https://static.www.nfl.com/image/private/f_auto,q_auto/league/uwvfr0sckhgi2r583qyg"
Tim Dwight,"https://static.www.nfl.com/image/private/f_auto,q_auto/league/vbytsq96swkztalryyul"
Tim Hasselbeck,"https://static.www.nfl.com/image/private/f_auto,q_auto/league/h2mfvudojfjyl0kduqxi"
Tim Masthay,"https://static.www.nfl.com/image/private/f_auto,q_auto/league/jfkepy6bjh9ii7iiy5ka"
Tim Rattay,"https://static.www.nfl.com/image/private/f_auto,q_auto/league/sxkzdrtlgxo5khpoar8e"
Tim Riordan,"https://static.www.nfl.com/image/private/f_auto,q_auto/league/t9dkfeoj9c9c1trpfd5a"
Tim Tebow,"https://static.www.nfl.com/image/private/f_auto,q_auto/league/s2erlgjztwbsquplostx"
Tim Van Galder,
Timm Rosenbach,"https://static.www.nfl.com/image/private/f_auto,q_auto/league/nrzjfx4vgxd6m1vp8pck"
Timmy Brown,
Todd Blackledge,"https://static.www.nfl.com/image/private/f_auto,q_auto/league/gy3cxtfxetgbeiorhyga"
Todd Bouman,"https://static.www.nfl.com/image/private/f_auto,q_auto/league/tm23xzlohyhulzy9pg69"
Todd Collins,"https://static.www.nfl.com/image/private/f_auto,q_auto/league/vggpgpp9tb4aoeejafze"
Todd Heap,"https://static.www.nfl.com/image/private/f_auto,q_auto/league/lfwhp1fevjrx1puoon94"
Todd Hons,"https://static.www.nfl.com/image/private/f_auto,q_auto/league/ge0rohvo75fdkqlxq2qr"
Todd Husak,"https://static.www.nfl.com/image/private/f_auto,q_auto/league/lon1wdqsqobo6vhjdylb"
Todd Kinchen,"https://static.www.nfl.com/image/private/f_auto,q_auto/league/ofzpgobbgutvslhy5rm9"
Todd Marinovich,"https://static.www.nfl.com/image/private/f_auto,q_auto/league/by6urgiqy6z6t8proz5f"
Todd Philcox,"https://static.www.nfl.com/image/private/f_auto,q_auto/league/fo2dn1qemzmmgditlcvl"
Todd Sauerbrun,"https://static.www.nfl.com/image/private/f_auto,q_auto/league/n9wzyi0xxpvngarexbtj"
Tom Barrington,
Tom Blanchard,"https://static.www.nfl.com/image/private/f_auto,q_auto/league/sfq53tyv0z9tkzyx17ah"
Tom Brady,"https://static.www.nfl.com/image/private/f_auto,q_auto/league/q7dpdlxyu5rs05rgh1le"
Tom Brandstater,"https://static.www.nfl.com/image/private/f_auto,q_auto/league/gf0g34aefzt5i22bshlm"
Tom Clements,"https://static.www.nfl.com/image/private/f_auto,q_auto/league/gh9yqedqunkvvd1fnfat"
Tom Flick,"https://static.www.nfl.com/image/private/f_auto,q_auto/league/hf9sir6osopx21hr4e9m"
Tom Hodson,"https://static.www.nfl.com/image/private/f_auto,q_auto/league/q374mokioypf8wbtmoyf"
Tom Kennedy,"https://static.www.nfl.com/image/upload/f_auto,q_auto/league/cbpuzvde5zqalmkjo0dv"
Tom Matte,
Tom McNeill,
Tom Moore,
Tom Myers,"https://static.www.nfl.com/image/private/f_auto,q_auto/league/ph3nqdw8ag926pae95v2"
Tom Owen,"https://static.www.nfl.com/image/private/f_auto,q_auto/league/bhf4giw7dijqfcrgnevs"
Tom Ramsey,"https://static.www.nfl.com/image/private/f_auto,q_auto/league/tfibsn8uzg2p40jzb9fg"
Tom Savage,"https://static.www.nfl.com/image/private/f_auto,q_auto/league/ovqvn8ei0thwn7si83n8"
Tom Skladany,"https://static.www.nfl.com/image/private/f_auto,q_auto/league/otpkkxcsss2hseqamdwh"
Tom Tracy,
Tom Tupa,"https://static.www.nfl.com/image/private/f_auto,q_auto/league/aivrd7oomnnawbdnuq8w"
Tom Watkins,
Tom Wittum,"https://static.www.nfl.com/image/private/f_auto,q_auto/league/fbjohytynx2ei4wpgmbg"
Tommie Agee,"https://static.www.nfl.com/image/private/f_auto,q_auto/league/la6jp0ftakejeacqrdxw"
Tommy Barnhardt,"https://static.www.nfl.com/image/private/f_auto,q_auto/league/dkabex0eu0of3al6iwnt"
Tommy Davis,"https://static.www.nfl.com/image/private/f_auto,q_auto/league/ie1zcvrkqiytfvhydih0"
Tommy DeVito,"https://static.www.nfl.com/image/upload/f_auto,q_auto/league/hb3m2zbfb5aprw6vdqx8"
Tommy Kramer,"https://static.www.nfl.com/image/private/f_auto,q_auto/league/a6ritwqkenxrqsrtuvfj"
Tommy Maddox,"https://static.www.nfl.com/image/private/f_auto,q_auto/league/fit1hkkp3q9y4ypcezz6"
Tommy Mason,
Tommy McDonald,
Tommy Townsend,"https://static.www.nfl.com/image/upload/f_auto,q_auto/league/zwolwrghzfucwck0bwld"
Tommy Wade,
Tony Adams,"https://static.www.nfl.com/image/private/f_auto,q_auto/league/hg2szmeexh3xuhyotfwf"
Tony Banks,"https://static.www.nfl.com/image/private/f_auto,q_auto/league/hqkmwrxcl87hziuhdcdv"
Tony Collins,"https://static.www.nfl.com/image/private/f_auto,q_auto/league/hx74hjqlfrm4qnbcufys"
Tony Dorsett,"https://static.www.nfl.com/image/private/f_auto,q_auto/league/b6vvjgq2tpxrzhvwjt1y"
Tony Dungy,"https://static.www.nfl.com/image/private/f_auto,q_auto/league/etlo2zwvjvi8be5kiiye"
Tony Eason,"https://static.www.nfl.com/image/private/f_auto,q_auto/league/myvko8qvzooxmjisnkbo"
Tony Fisher,"https://static.www.nfl.com/image/private/f_auto,q_auto/league/qkkiiatu4riyomiprxzo"
Tony Galbreath,"https://static.www.nfl.com/image/private/f_auto,q_auto/league/gujudr4qtmjewh62evwq"
Tony Gonzalez,"https://static.www.nfl.com/image/private/f_auto,q_auto/league/enbspvy0ahsyznomitre"
Tony Graziani,"https://static.www.nfl.com/image/private/f_auto,q_auto/league/huodkz48bw6qpl3rgmeb"
Tony Hill,"https://static.www.nfl.com/image/private/f_auto,q_auto/league/dl9xmnpwru2bxb1hukad"
Tony Martin,"https://static.www.nfl.com/image/private/f_auto,q_auto/league/l9korpxwgeiywt6nivla"
Tony Nathan,"https://static.www.nfl.com/image/private/f_auto,q_auto/league/zxs41bvgv51zokfcucrc"
Tony Pike,"https://static.www.nfl.com/image/private/f_auto,q_auto/league/dkknksa46t1bcfioyirj"
Tony Reed,"https://static.www.nfl.com/image/private/f_auto,q_auto/league/hdzov7ptwpapgucfentb"
Tony Robinson,"https://static.www.nfl.com/image/private/f_auto,q_auto/league/iethfqpn9k6jqnxvafnf"
Tony Romo,"https://static.www.nfl.com/image/private/f_auto,q_auto/league/rdgaxf7djip2ovlkeqjk"
Tony Sacca,"https://static.www.nfl.com/image/private/f_auto,q_auto/league/p9mnjdyfclsnec8tl5fd"
Tony Zendejas,"https://static.www.nfl.com/image/private/f_auto,q_auto/league/jjxlxoyebzsnrsrpt1aj"
Torrance Small,"https://static.www.nfl.com/image/private/f_auto,q_auto/league/qxbzc6vtbzgblualfdhg"
Trace McSorley,"https://static.www.nfl.com/image/private/f_auto,q_auto/league/gfl6nhrkzshnhcsxfvqy"
Tracy Porter,"https://static.www.nfl.com/image/private/f_auto,q_auto/league/q5vz5dbtpzuxnqh3e2i4"
Travis Benjamin,"https://static.www.nfl.com/image/private/f_auto,q_auto/league/io9silocxbywvisvcvpx"
Travis Brown,"https://static.www.nfl.com/image/private/f_auto,q_auto/league/f1hbul879lhnqs43w6p1"
Travis Henry,"https://static.www.nfl.com/image/private/f_auto,q_auto/league/izgeshdazx2tv7o4g9nb"
Travis Kelce,"https://static.www.nfl.com/image/upload/f_auto,q_auto/league/dpxovcfku6ud2aohgf6a"
Trent Dilfer,"https://static.www.nfl.com/image/private/f_auto,q_auto/league/ssbi0ektdltubjtxsbvv"
Trent Edwards,"https://static.www.nfl.com/image/private/f_auto,q_auto/league/vfm0tkszemtmfvpstc6j"
Trent Green,"https://static.www.nfl.com/image/private/f_auto,q_auto/league/pwsxlc2rah1aqy1tnbsb"
Tress Way,"https://static.www.nfl.com/image/upload/f_auto,q_auto/league/u61eijcazx9o4lb0lwp3"
Trevone Boykin,"https://static.www.nfl.com/image/private/f_auto,q_auto/league/nxf2zqb0u0n171qkase5"
Trevor Lawrence,"https://static.www.nfl.com/image/upload/f_auto,q_auto/league/k9uzdernqkx7oquy7dkg"
Trevor Siemian,"https://static.www.nfl.com/image/private/f_auto,q_auto/league/vmksfbms9zefxezf39sb"
Trey Lance,"https://static.www.nfl.com/image/upload/f_auto,q_auto/league/j3psmvvxo13kmbgi60ej"
Troy Aikman,"https://static.www.nfl.com/image/private/f_auto,q_auto/league/skagdrvhtf6ywlxwlrou"
Troy Brown,"https://static.www.nfl.com/image/private/f_auto,q_auto/league/tejmydwbvuqydw2w3dd2"
Troy Smith,"https://static.www.nfl.com/image/private/f_auto,q_auto/league/of29l0d8dptqlagnvmhl"
Troy Stradford,"https://static.www.nfl.com/image/private/f_auto,q_auto/league/mb82fgilnwwzuehmkxgo"
Troy Taylor,"https://static.www.nfl.com/image/private/f_auto,q_auto/league/iudoakbhdiogditzsiwq"
Tua Tagovailoa,"https://static.www.nfl.com/image/upload/f_auto,q_auto/league/tmm4ohds7qci0vqoobhm"
Tucker Frederickson,
Turk Schonert,"https://static.www.nfl.com/image/private/f_auto,q_auto/league/oc4pdlwogbmau0yi80fq"
Tutu Atwell,"https://static.www.nfl.com/image/upload/f_auto,q_auto/league/tl2aa9ucbtcwhr1yk3tf"
Ty Detmer,"https://static.www.nfl.com/image/private/f_auto,q_auto/league/xfjfwb1uf3ubcey7rzwz"
Ty Long,"https://static.www.nfl.com/image/private/f_auto,q_auto/league/qpn0xr42mkmkhmpd0nmd"
Tyler Boyd,"https://static.www.nfl.com/image/upload/f_auto,q_auto/league/ttifog0hjxprlhkagugu"
Tyler Bray,"https://static.www.nfl.com/image/private/f_auto,q_auto/league/hlzuryxbamsj6di3q6ps"
Tyler Huntley,"https://static.www.nfl.com/image/upload/f_auto,q_auto/league/fxyjf9d5qkwqjdd8ypvv"
Tyler Palko,"https://static.www.nfl.com/image/private/f_auto,q_auto/league/obcd7rd8hlqkhsiahexa"
Tyler Shough,"https://static.www.nfl.com/image/upload/f_auto,q_auto/league/toiafc7qighw86geo7jf"
Tyler Thigpen,"https://static.www.nfl.com/image/private/f_auto,q_auto/league/t5hyo9kscmesf9ymrsnd"
Tyler Warren,"https://static.www.nfl.com/image/upload/f_auto,q_auto/league/f1mfwwrr3qvnxuiackgq"
Tyreek Hill,"https://static.www.nfl.com/image/upload/f_auto,q_auto/league/gg73gnfivrn80oyqwazl"
Tyrod Taylor,"https://static.www.nfl.com/image/upload/f_auto,q_auto/league/whpztm9akd7yefplp37r"
Tyrone Wheatley,"https://static.www.nfl.com/image/private/f_auto,q_auto/league/smwuwye6q5fxpskqc5kk"
Tyson Bagent,"https://static.www.nfl.com/image/upload/f_auto,q_auto/league/ymimvligfyrucu0v3p6a"
Vai Sikahema,"https://static.www.nfl.com/image/private/f_auto,q_auto/league/y7lwo59fjqtax5bamfzs"
Vance Johnson,"https://static.www.nfl.com/image/private/f_auto,q_auto/league/iry5euay1egcjgascqxi"
Vince Evans,"https://static.www.nfl.com/image/private/f_auto,q_auto/league/zfacengwqw596mxqdxgf"
Vince Ferragamo,"https://static.www.nfl.com/image/private/f_auto,q_auto/league/tc2qspexlyzkc3dqreog"
Vince Young,"https://static.www.nfl.com/image/private/f_auto,q_auto/league/wwrmv8nloaoc4pstsm0y"
Vinny Testaverde,"https://static.www.nfl.com/image/private/f_auto,q_auto/league/yebpzovaiscoksnjnq6x"
Virgil Carter,"https://static.www.nfl.com/image/private/f_auto,q_auto/league/oqlsr1nq9undobbwgtyi"
Wade Wilson,"https://static.www.nfl.com/image/private/f_auto,q_auto/league/jqkevkzjckstueaaha3z"
Wally Richardson,"https://static.www.nfl.com/image/private/f_auto,q_auto/league/ktpu3cz37tld72fsvdvp"
Walt Easley,"https://static.www.nfl.com/image/private/f_auto,q_auto/league/gwllajqeviivruhduxgs"
Walt Garrison,"https://static.www.nfl.com/image/private/f_auto,q_auto/league/z8ortpvkywnrdhzowh37"
Walter Briggs,"https://static.www.nfl.com/image/private/f_auto,q_auto/league/tdurxcnf3wt2rsxfw6fl"
Walter Payton,"https://static.www.nfl.com/image/private/f_auto,q_auto/league/yjatyzmf5yhgs0v9qcze"
Walter White,"https://static.www.nfl.com/image/private/f_auto,q_auto/league/yaw6cgnjdekgpnaefh0t"
Warren McVea,
Warren Moon,"https://static.www.nfl.com/image/private/f_auto,q_auto/league/nmnwarb1fy1d8xrefvfc"
Wayne Chrebet,"https://static.www.nfl.com/image/private/f_auto,q_auto/league/lcdhmtmk5j8jbvesqyn0"
Wayne Clark,"https://static.www.nfl.com/image/private/f_auto,q_auto/league/smpz2hkezp6tp2qho50v"
Wes Chandler,"https://static.www.nfl.com/image/private/f_auto,q_auto/league/iyfdyzhifflqyiuywv25"
Wilbert Montgomery,"https://static.www.nfl.com/image/private/f_auto,q_auto/league/hmxwi0xct7i22w1xdk14"
Wilbur Summers,"https://static.www.nfl.com/image/private/f_auto,q_auto/league/ejg9dx9btqlzkdbavbid"
Will Cureton,"https://static.www.nfl.com/image/private/f_auto,q_auto/league/en8uabpjqslceitpjrce"
Will Furrer,"https://static.www.nfl.com/image/private/f_auto,q_auto/league/j6s3wtystta5cogq4r3r"
Will Grier,"https://static.www.nfl.com/image/upload/f_auto,q_auto/league/c8cmoyu2wemjpl6ctk9g"
Will Levis,"https://static.www.nfl.com/image/upload/f_auto,q_auto/league/npovrxpll0gqlkptsn6r"
Willard Harrell,"https://static.www.nfl.com/image/private/f_auto,q_auto/league/x6nmeypknvgyjhraxnts"
William Andrews,"https://static.www.nfl.com/image/private/f_auto,q_auto/league/giqzoqdifmvfrgskpcck"
William Floyd,"https://static.www.nfl.com/image/private/f_auto,q_auto/league/fihsrgr2kjmrjt8qgyef"
Willie Asbury,
Willie Davis,"https://static.www.nfl.com/image/private/f_auto,q_auto/league/jg5pfp4lbm567houvlx2"
Willie Ellison,"https://static.www.nfl.com/image/private/f_auto,q_auto/league/xyvymaliwd9luuidlwct"
Willie Gillus,"https://static.www.nfl.com/image/private/f_auto,q_auto/league/zgl6opdmwevqw7lffpcb"
Willie Miller,"https://static.www.nfl.com/image/private/f_auto,q_auto/league/htokrpmb9tuhenpgkyy4"
Willie Parker,"https://static.www.nfl.com/image/private/f_auto,q_auto/league/wpwxljvys9ghfmteidkc"
Willie Snead,"https://static.www.nfl.com/image/private/f_auto,q_auto/league/fr5xckiwhguuaishnbju"
Willie Totten,"https://static.www.nfl.com/image/private/f_auto,q_auto/league/mxckx1ehxcsnmuifl0k1"
Woodrow Dantzler,
Woody Campbell,
Y.A. Tittle,
Yale Lary,
Zach Mettenberger,"https://static.www.nfl.com/image/private/f_auto,q_auto/league/gzgmz3e71dbcvitge8gs"
Zach Pascal,"https://static.www.nfl.com/image/upload/f_auto,q_auto/league/pfhgz8ofqgoubhnuqtme"
Zach Wilson,"https://static.www.nfl.com/image/upload/f_auto,q_auto/league/i17xpbsar7evcypbhtel"
Zay Jones,"https://static.www.nfl.com/image/upload/f_auto,q_auto/league/qihjjzfk0vwzoyrzztkq"
Zeke Bratkowski,
