Player,Player Image
A.B. Brown,"https://static.www.nfl.com/image/private/f_auto,q_auto/league/jlutfcmkw7k1sl1nnigd"
A.D. Whitfield,
A.J. Brown,"https://static.www.nfl.com/image/upload/f_auto,q_auto/league/qfhvjyssf0lwsh0kienp"
A.J. Feeley,"https://static.www.nfl.com/image/private/f_auto,q_auto/league/bszdpaemb7klxpgf2vkx"
A.J. Green,"https://static.www.nfl.com/image/upload/f_auto,q_auto/league/rnqbv20uhrx6lstzvmq7"
A.J. Jenkins,"https://static.www.nfl.com/image/private/f_auto,q_auto/league/xdmuzb5az8kebkqxwpm6"
A.J. McCarron,
A.J. Schable,"https://static.www.nfl.com/image/private/f_auto,q_auto/league/g79pm9sjio5p9waahpxe"
AJ Barner,"https://static.www.nfl.com/image/upload/f_auto,q_auto/league/i0esiguve9if4ts5mm1q"
AJ Cole III,
AJ Dillon,"https://static.www.nfl.com/image/upload/f_auto,q_auto/league/imxxt8yrbrxptoxr1hw5"
Aaron Bailey,"https://static.www.nfl.com/image/private/f_auto,q_auto/league/yp3warxchoont2d5wyuc"
Aaron Brooks,"https://static.www.nfl.com/image/private/f_auto,q_auto/league/hmlvskmkxcrzwzxker5b"
Aaron Brown,"https://static.www.nfl.com/image/private/f_auto,q_auto/league/ot4tqec3jzevmiwgozrr"
Aaron Craver,"https://static.www.nfl.com/image/private/f_auto,q_auto/league/m3n9nxiskacawfqsnwon"
Aaron Hayden,"https://static.www.nfl.com/image/private/f_auto,q_auto/league/brgrqmqrqruebctfjec1"
Aaron Hernandez,"https://static.www.nfl.com/image/private/f_auto,q_auto/league/uh4csezcdxswrbk1r5nf"
Aaron Jones,"https://static.www.nfl.com/image/upload/f_auto,q_auto/league/bktkfvgfwujkdbzkcfim"
Aaron Pierce,"https://static.www.nfl.com/image/private/f_auto,q_auto/league/nvxtxlxvgrfosbk6w0um"
Aaron Ripkowski,"https://static.www.nfl.com/image/private/f_auto,q_auto/league/aln8oo1hxammcilgzi72"
Aaron Rodgers,"https://static.www.nfl.com/image/upload/f_auto,q_auto/league/dypvakakxhccxs67tb0y"
Aaron Shampklin,"https://static.www.nfl.com/image/upload/f_auto,q_auto/league/iujjn4h87hwnj9tswfey"
Aaron Stecker,"https://static.www.nfl.com/image/private/f_auto,q_auto/league/wfcheuezkamriif0nhiv"
Aaron Thomas,
Abe Woodson,
Ace Sanders,"https://static.www.nfl.com/image/private/f_auto,q_auto/league/bjka2xjipo0b3aabtqdm"
Adam Humphries,"https://static.www.nfl.com/image/private/f_auto,q_auto/league/l56ywjejfpraigzs4qia"
Adam Jennings,"https://static.www.nfl.com/image/private/f_auto,q_auto/league/ykn2kfg4djovxwsuuymz"
Adam Jones,"https://static.www.nfl.com/image/private/f_auto,q_auto/league/hvbjym05mpvfkdhy3bsz"
Adam Podlesh,"https://static.www.nfl.com/image/private/f_auto,q_auto/league/x0e297yhvswis55exynx"
Adam Prentice,"https://static.www.nfl.com/image/upload/f_auto,q_auto/league/xuvyqidnso9ga1dfefoy"
Adam Thielen,"https://static.www.nfl.com/image/upload/f_auto,q_auto/league/pv6gajxtt6zhum2unnsl"
Adam Walker,"https://static.www.nfl.com/image/private/f_auto,q_auto/league/dqh7p6fzjzn76ca3u2lv"
Adger Armstrong,"https://static.www.nfl.com/image/private/f_auto,q_auto/league/u6qeqb6qml00d9srzbuz"
Adimchinobe Echemandu,"https://static.www.nfl.com/image/private/f_auto,q_auto/league/anam3gbuiaqtspyexcxo"
Adonai Mitchell,"https://static.www.nfl.com/image/upload/f_auto,q_auto/league/hwwacoa3pqapd7pgahfx"
Adoree' Jackson,"https://static.www.nfl.com/image/upload/f_auto,q_auto/league/jtskiyzkosuajjatls72"
Adrian Breen,"https://static.www.nfl.com/image/private/f_auto,q_auto/league/rakh0e0fzyloymjeylwq"
Adrian Killins,
Adrian Madise,"https://static.www.nfl.com/image/private/f_auto,q_auto/league/tn1nq1ritqe8pbhcdt7y"
Adrian Martinez,"https://static.www.nfl.com/image/upload/f_auto,q_auto/league/w0ehlpfwk70tqpswllwv"
Adrian Murrell,"https://static.www.nfl.com/image/private/f_auto,q_auto/league/dmscpc4mczzclvw06xss"
Adrian Peterson,"https://static.www.nfl.com/image/private/f_auto,q_auto/league/ug2ua3skqc9f6vkbowxc"
Adrian Wright,"https://static.www.nfl.com/image/private/f_auto,q_auto/league/ph7m3z7adr6y8ja3fval"
Ahmad Bradshaw,"https://static.www.nfl.com/image/private/f_auto,q_auto/league/vlgcz2so2urjgowxz3tz"
Ahmad Merritt,"https://static.www.nfl.com/image/private/f_auto,q_auto/league/oqw6hzx5n7ynq6jngqrg"
Ahmad Rashad,"https://static.www.nfl.com/image/private/f_auto,q_auto/league/nule4ps4yn3fjjholgqe"
Ahman Green,"https://static.www.nfl.com/image/private/f_auto,q_auto/league/jywr5x0yw6oryiiaikbp"
Ahmard Hall,"https://static.www.nfl.com/image/private/f_auto,q_auto/league/oz26baslawhgvld7rgyb"
Aidan O'Connell,"https://static.www.nfl.com/image/upload/f_auto,q_auto/league/bcejxo7ofgk5pszhup12"
Ainias Smith,"https://static.www.nfl.com/image/upload/f_auto,q_auto/league/iaetfkaakeblxepssyj9"
Akeem Hunt,"https://static.www.nfl.com/image/private/f_auto,q_auto/league/mjsxqeuw6ng12xa1z4zy"
Akiem Hicks,"https://static.www.nfl.com/image/private/f_auto,q_auto/league/u6vzbrj6xejni2lks17m"
Akili Smith,"https://static.www.nfl.com/image/private/f_auto,q_auto/league/okkcnzpp0d6ztxc5lnsb"
Al Del Greco,"https://static.www.nfl.com/image/private/f_auto,q_auto/league/u7rxuqu2qo0yc6i0syyo"
Al Denson,
Al Dixon,"https://static.www.nfl.com/image/private/f_auto,q_auto/league/jnagwfswvpvhloplqv4o"
Al Dodd,"https://static.www.nfl.com/image/private/f_auto,q_auto/league/guku97diqwqpstpjlbgt"
Al Edwards,"https://static.www.nfl.com/image/private/f_auto,q_auto/league/tanioalnqis4rdtlshpt"
Al Hunter,"https://static.www.nfl.com/image/private/f_auto,q_auto/league/i2vmkyf5fofgigewgvuz"
Al Johnson,"https://static.www.nfl.com/image/private/f_auto,q_auto/league/dtki3my9p0vc7hpxogsy"
Al Toon,"https://static.www.nfl.com/image/private/f_auto,q_auto/league/lwxs1mder7ymofdetjra"
Al Williams,"https://static.www.nfl.com/image/private/f_auto,q_auto/league/wkd77lk0l8u1nhno4e9b"
Al Wolden,"https://static.www.nfl.com/image/private/f_auto,q_auto/league/pxyhfog7sduus6uobjrp"
Al Woodall,"https://static.www.nfl.com/image/private/f_auto,q_auto/league/qojjko097aspqbawd1ib"
Alan Ameche,
Alan Pastrana,
Alan Ricard,"https://static.www.nfl.com/image/private/f_auto,q_auto/league/apoqaxgzz9dydisavybf"
Alan Risher,"https://static.www.nfl.com/image/private/f_auto,q_auto/league/dchmat8o2ynub95kkpga"
Albert Bentley,"https://static.www.nfl.com/image/private/f_auto,q_auto/league/k0plny2kjljydum221md"
Albert Connell,"https://static.www.nfl.com/image/private/f_auto,q_auto/league/sqcic4cp6meckcxitx3q"
Albert Wilson,"https://static.www.nfl.com/image/private/f_auto,q_auto/league/slythouwdcrug0poiios"
Albert Young,"https://static.www.nfl.com/image/private/f_auto,q_auto/league/oieqlpfszupi9z7lfho0"
Aldrick Robinson,"https://static.www.nfl.com/image/private/f_auto,q_auto/league/lzdmahvzc7tm4pulh2sj"
Alec Ingold,"https://static.www.nfl.com/image/upload/f_auto,q_auto/league/saqgxmq3xrr68byket0r"
Alex Armah,"https://static.www.nfl.com/image/private/f_auto,q_auto/league/pvbqmdwlukehpxovupsg"
Alex Bachman,"https://static.www.nfl.com/image/upload/f_auto,q_auto/league/xebxem8tzjm0yyygaklg"
Alex Collins,"https://static.www.nfl.com/image/private/f_auto,q_auto/league/ddlhbm7zsi5o69wh6z5o"
Alex Erickson,"https://static.www.nfl.com/image/private/f_auto,q_auto/league/tnd77vbkyo8srrrkaisu"
Alex Espinoza,"https://static.www.nfl.com/image/private/f_auto,q_auto/league/vo7vjmqhrbu8get3gg0c"
Alex Green,"https://static.www.nfl.com/image/private/f_auto,q_auto/league/lq3xjl1bmv4ra6ncfz9m"
Alex Hawkins,
Alex Haynes,"https://static.www.nfl.com/image/private/f_auto,q_auto/league/krd1j8vs5pu9qddfb5qy"
Alex Smith,"https://static.www.nfl.com/image/private/f_auto,q_auto/league/hinmlhyjffsmq6bwq6tk"
Alex Van Pelt,"https://static.www.nfl.com/image/private/f_auto,q_auto/league/y2ft15ayxhlqlzhuc1w9"
Alex Webster,
Alexander Mattison,"https://static.www.nfl.com/image/upload/f_auto,q_auto/league/mbcaep8diu9yuo3qrtiz"
Alexander Wright,"https://static.www.nfl.com/image/private/f_auto,q_auto/league/hh3piqouizuuu5cv2uwx"
Alfonso Smith,"https://static.www.nfl.com/image/private/f_auto,q_auto/league/iekv37llp0u4uob0sby6"
Alfred Anderson,"https://static.www.nfl.com/image/private/f_auto,q_auto/league/hcvdjbauj5b86kyzcvgc"
Alfred Blue,"https://static.www.nfl.com/image/private/f_auto,q_auto/league/qt9zmmipmlcin4gxs8wt"
Alfred Jackson,"https://static.www.nfl.com/image/private/f_auto,q_auto/league/z4bnu6xexhgyszxeqslq"
Alfred Jenkins,"https://static.www.nfl.com/image/private/f_auto,q_auto/league/pt8gfvqimtobjlvhet0n"
Alfred Morris,"https://static.www.nfl.com/image/private/f_auto,q_auto/league/igrm4hy4pishp4rdamin"
Allan Clark,"https://static.www.nfl.com/image/private/f_auto,q_auto/league/xvnly2tngpqzseymjrgb"
Allan Webb,
Allen Bradford,"https://static.www.nfl.com/image/private/f_auto,q_auto/league/jwmibchcqvro6p3hdqxi"
Allen Carter,"https://static.www.nfl.com/image/private/f_auto,q_auto/league/wa7a2b06mejjk9opsoew"
Allen Jacobs,
Allen Lazard,"https://static.www.nfl.com/image/upload/f_auto,q_auto/league/b05f33npu1zjtpozfgdk"
Allen Pinkett,"https://static.www.nfl.com/image/private/f_auto,q_auto/league/gi93mlbdgethtwyg8z7p"
Allen Rice,"https://static.www.nfl.com/image/private/f_auto,q_auto/league/orunbqyzq19qttbuur3l"
Allen Robinson,"https://static.www.nfl.com/image/upload/f_auto,q_auto/league/fyukft9lraurbsq0laom"
Allen Rossum,"https://static.www.nfl.com/image/private/f_auto,q_auto/league/gvp0ie148htxbefffbjn"
Alois Blackwell,"https://static.www.nfl.com/image/private/f_auto,q_auto/league/s3vazpwqests3axgwsgs"
Alonzo Harris,"https://static.www.nfl.com/image/private/f_auto,q_auto/league/huk6z3s9eh6bqg1xvexz"
Alonzo Highsmith,"https://static.www.nfl.com/image/private/f_auto,q_auto/league/ituhvchdspx8wbdg5m8y"
Alonzo Williams,"https://static.www.nfl.com/image/private/f_auto,q_auto/league/ndbkjtfnb0tpgxqprpwb"
Alshon Jeffery,"https://static.www.nfl.com/image/private/f_auto,q_auto/league/qrbsgwhzlsmwgkdfjryh"
Altie Taylor,"https://static.www.nfl.com/image/private/f_auto,q_auto/league/qm6uzgpwnhtnip3e5hro"
Alvin Blount,"https://static.www.nfl.com/image/private/f_auto,q_auto/league/ddgw6mmc49ebqvtajina"
Alvin Garrett,"https://static.www.nfl.com/image/private/f_auto,q_auto/league/mcv4d8maozl8ftqbzdng"
Alvin Harper,"https://static.www.nfl.com/image/private/f_auto,q_auto/league/oybjuhxua9jsnw8cdohe"
Alvin Kamara,"https://static.www.nfl.com/image/upload/f_auto,q_auto/league/yxebpuskandivlh2iil4"
Alvin Maxson,"https://static.www.nfl.com/image/private/f_auto,q_auto/league/d0nbxc9jpssrkbu6r9e7"
Alvin Moore,"https://static.www.nfl.com/image/private/f_auto,q_auto/league/ajpl7vgdfbom1ytxejmu"
Alvin Pearman,"https://static.www.nfl.com/image/private/f_auto,q_auto/league/wepvsczdcsxmhx8djpzc"
Alvin Ross,"https://static.www.nfl.com/image/private/f_auto,q_auto/league/k5wt7lllzf1gwqrx0euq"
Alvis Whitted,"https://static.www.nfl.com/image/private/f_auto,q_auto/league/u4iqkf6su2v2orjpyens"
Amani Hooker,"https://static.www.nfl.com/image/upload/f_auto,q_auto/league/h2jriwibpvmgdc33zsjc"
Amani Toomer,"https://static.www.nfl.com/image/private/f_auto,q_auto/league/qsfr7nbtbq4ugcfb357w"
Amar Johnson,"https://static.www.nfl.com/image/upload/f_auto,q_auto/league/qw1s7luuaia2f08p19aq"
Amari Cooper,"https://static.www.nfl.com/image/upload/f_auto,q_auto/league/zmtzqznqui37unmo5xv9"
Amari Rodgers,"https://static.www.nfl.com/image/private/f_auto,q_auto/league/g85ohsk2pgbf7xz2f1a8"
Ameer Abdullah,"https://static.www.nfl.com/image/upload/f_auto,q_auto/league/k8teyeiqchljlm0h5te4"
Amon-Ra St. Brown,"https://static.www.nfl.com/image/upload/f_auto,q_auto/league/fd8nwhm6pvxfyzphzl6i"
Amos Bullocks,
Amos Lawrence,"https://static.www.nfl.com/image/private/f_auto,q_auto/league/nlvfxepxkg9bczmpjuh0"
Amos Marsh,
Amos Zereoue,"https://static.www.nfl.com/image/private/f_auto,q_auto/league/iyscsvtdi9eeepjnm8zf"
Amp Lee,"https://static.www.nfl.com/image/private/f_auto,q_auto/league/v5ldrodqvugmwzq2xtfb"
Andra Franklin,"https://static.www.nfl.com/image/private/f_auto,q_auto/league/bttaocoeywkha2fvlaeu"
Andre Brown,"https://static.www.nfl.com/image/private/f_auto,q_auto/league/ttxme2j6sztztjd1wmfh"
Andre Caldwell,"https://static.www.nfl.com/image/private/f_auto,q_auto/league/afshg08orl4bbixigzke"
Andre Coleman,"https://static.www.nfl.com/image/private/f_auto,q_auto/league/xqsnydt998dkyn6aerx6"
Andre Ellington,"https://static.www.nfl.com/image/private/f_auto,q_auto/league/seb6k3tjdcgi8tqmzt2z"
Andre Hall,"https://static.www.nfl.com/image/private/f_auto,q_auto/league/mhd7wesc2cdywnt9odwj"
Andre Hardy,"https://static.www.nfl.com/image/private/f_auto,q_auto/league/zxtdk2xc2qewadizcrok"
Andre Hastings,"https://static.www.nfl.com/image/private/f_auto,q_auto/league/tt2bbaqdihadpecpqhuv"
Andre Johnson,"https://static.www.nfl.com/image/private/f_auto,q_auto/league/iavrftkbpw4bekzl7zfv"
Andre Reed,"https://static.www.nfl.com/image/private/f_auto,q_auto/league/dvoxixlob0avjbmgmazk"
Andre Rison,"https://static.www.nfl.com/image/private/f_auto,q_auto/league/uogm8ckgcd1juwc0qdyo"
Andre Roberts,"https://static.www.nfl.com/image/private/f_auto,q_auto/league/hjoyjewh7knoafxt4k93"
Andre Thomas,"https://static.www.nfl.com/image/private/f_auto,q_auto/league/eni77aj4wmremlktn3zb"
Andre Ware,"https://static.www.nfl.com/image/private/f_auto,q_auto/league/dpubmulllxfyspxvs9zu"
Andre Williams,"https://static.www.nfl.com/image/private/f_auto,q_auto/league/bkjjrp3sdtq2ubuzywyd"
Andre' Davis,
Andrei Iosivas,"https://static.www.nfl.com/image/upload/f_auto,q_auto/league/xhrvbt81iohroyftuyj2"
Andrew Beck,"https://static.www.nfl.com/image/upload/f_auto,q_auto/league/zv8xb3nfxamq7sqa1xqt"
Andrew Hawkins,"https://static.www.nfl.com/image/private/f_auto,q_auto/league/u8pdn7pvsmizedc80gto"
Andrew Jackson,"https://static.www.nfl.com/image/private/f_auto,q_auto/league/s391nf4kre5xl1naua8r"
Andrew Jones,"https://static.www.nfl.com/image/private/f_auto,q_auto/league/co2mrdkocg0q4f5moh2x"
Andrew Luck,"https://static.www.nfl.com/image/private/f_auto,q_auto/league/ojix2ha2u58zqozaw756"
Andrew Pinnock,"https://static.www.nfl.com/image/private/f_auto,q_auto/league/r5taqs4zsic6jhwr2d9p"
Andrew Sendejo,"https://static.www.nfl.com/image/private/f_auto,q_auto/league/siupf4yvtt6m2vo8eed9"
Andrew Walter,"https://static.www.nfl.com/image/private/f_auto,q_auto/league/vehhkkfmq2hmqimcudii"
Andrew Wingard,"https://static.www.nfl.com/image/upload/f_auto,q_auto/league/lueoe3vqsknnvax0gnmf"
Andy Bolton,"https://static.www.nfl.com/image/private/f_auto,q_auto/league/ghidtgtq5f4ryo0zuujt"
Andy Dalton,"https://static.www.nfl.com/image/upload/f_auto,q_auto/league/sfsneh0bn46e2kwve7sr"
Andy Hopkins,
Andy Isabella,"https://static.www.nfl.com/image/upload/f_auto,q_auto/league/qpqphhsofn96dvojfsx1"
Andy Janovich,"https://static.www.nfl.com/image/private/f_auto,q_auto/league/kf26fsuyxdvkloora0ox"
Andy Johnson,"https://static.www.nfl.com/image/private/f_auto,q_auto/league/xfxy71vopesyqclmjvua"
Andy Lee,"https://static.www.nfl.com/image/private/f_auto,q_auto/league/bfozbs2h9jueavslvw3z"
Andy Livingston,
Angelo Coia,
Anquan Boldin,"https://static.www.nfl.com/image/private/f_auto,q_auto/league/ajabgwxbliupgkwjbnut"
Anthony Allen,"https://static.www.nfl.com/image/private/f_auto,q_auto/league/rfqu5zb7az7hkbddbej6"
Anthony Anderson,"https://static.www.nfl.com/image/private/f_auto,q_auto/league/xbf2qanh5itwczk2bgxp"
Anthony Armstrong,"https://static.www.nfl.com/image/private/f_auto,q_auto/league/xakb7zm1f3etsnshhaiw"
Anthony Brown,"https://static.www.nfl.com/image/upload/f_auto,q_auto/league/b0di12hyti7dtrbs9stm"
Anthony Carter,"https://static.www.nfl.com/image/private/f_auto,q_auto/league/i29qbx0wpfyv6szk04nv"
Anthony Corley,"https://static.www.nfl.com/image/private/f_auto,q_auto/league/it2drafrwrok0nnmo8rp"
Anthony Davis,"https://static.www.nfl.com/image/private/f_auto,q_auto/league/s8q8t33fpf9jrasxjpde"
Anthony Dilweg,"https://static.www.nfl.com/image/private/f_auto,q_auto/league/t2aosznuw3rvokoognxr"
Anthony Dixon,"https://static.www.nfl.com/image/private/f_auto,q_auto/league/lvbgbxspmjn0xo1kw8g9"
Anthony Edwards,"https://static.www.nfl.com/image/private/f_auto,q_auto/league/chltcquj2mhn8mfylrgc"
Anthony Hutchison,"https://static.www.nfl.com/image/private/f_auto,q_auto/league/eydvwgs0hadmv8sdf9mn"
Anthony Johnson,"https://static.www.nfl.com/image/private/f_auto,q_auto/league/n8lrvxidbxfpitenqrg3"
Anthony Levine,"https://static.www.nfl.com/image/private/f_auto,q_auto/league/gew5y4jtrh2jd7guowwk"
Anthony Lynn,"https://static.www.nfl.com/image/private/f_auto,q_auto/league/rjuyvrayo0c8btfvlmwy"
Anthony McDowell,"https://static.www.nfl.com/image/private/f_auto,q_auto/league/xc0mhljvuzg5nxqrrctk"
Anthony McFarland,"https://static.www.nfl.com/image/private/f_auto,q_auto/league/dwt64mh92t2qztepvswo"
Anthony McFarland Jr.,
Anthony Miller,"https://static.www.nfl.com/image/upload/f_auto,q_auto/league/wyblvutn6o4g6cunyhc2"
Anthony Morgan,"https://static.www.nfl.com/image/private/f_auto,q_auto/league/rpzqe4kkhslnjemgyxyt"
Anthony Mosley,"https://static.www.nfl.com/image/private/f_auto,q_auto/league/suhqa23gefw50zb30mem"
Anthony Richardson,"https://static.www.nfl.com/image/upload/f_auto,q_auto/league/wrddeyklfcgk9qybgofq"
Anthony Schwartz,"https://static.www.nfl.com/image/upload/f_auto,q_auto/league/wqrxhwwlgpjkb6w8edgo"
Anthony Sherman,"https://static.www.nfl.com/image/private/f_auto,q_auto/league/ue0kpbo7b9trtkeuhvjx"
Anthony Steels,"https://static.www.nfl.com/image/private/f_auto,q_auto/league/wf7oewibqlegmlgugjyo"
Anthony Thomas,"https://static.www.nfl.com/image/private/f_auto,q_auto/league/ptc0qke4gckl4hfhl9l3"
Anthony Thompson,"https://static.www.nfl.com/image/private/f_auto,q_auto/league/t9dfx0jrooztcemu8y8n"
Anthony Toney,"https://static.www.nfl.com/image/private/f_auto,q_auto/league/fvmquf3j9kabputxnu6i"
Anthony Wright,"https://static.www.nfl.com/image/private/f_auto,q_auto/league/tot1rumaduxp1ixjqmlp"
Antone Smith,"https://static.www.nfl.com/image/private/f_auto,q_auto/league/m45j6r43nwv5bsy0ooyo"
Antonio Andrews,"https://static.www.nfl.com/image/private/f_auto,q_auto/league/wwy4g14dflaelkretfzv"
Antonio Brown,"https://static.www.nfl.com/image/private/f_auto,q_auto/league/ecxsx9t7bfg42bgfwj3v"
Antonio Bryant,"https://static.www.nfl.com/image/private/f_auto,q_auto/league/ugyqtss0kiseazpznwos"
Antonio Callaway,"https://static.www.nfl.com/image/private/f_auto,q_auto/league/qebxtrpadsvtqkgvfy2u"
Antonio Chatman,"https://static.www.nfl.com/image/private/f_auto,q_auto/league/f4vrbhakrpiyw97mzmcd"
Antonio Cromartie,"https://static.www.nfl.com/image/private/f_auto,q_auto/league/xlndx1ktvw4ubay7sl14"
Antonio Freeman,"https://static.www.nfl.com/image/private/f_auto,q_auto/league/k13f45sxomyljubafc1d"
Antonio Gandy-Golden,"https://static.www.nfl.com/image/private/f_auto,q_auto/league/hi80cnzcbmyma7vq1b2w"
Antonio Gibson,"https://static.www.nfl.com/image/upload/f_auto,q_auto/league/j7ixpkm7u4tdoqwzmbt4"
Antonio Pittman,"https://static.www.nfl.com/image/private/f_auto,q_auto/league/zxutnur563uvnkqythav"
Antonio Williams,"https://static.www.nfl.com/image/private/f_auto,q_auto/league/lrv5bhws8lzbwqernv6s"
Antowain Smith,"https://static.www.nfl.com/image/private/f_auto,q_auto/league/fryt8zlqmqjryov4czow"
Antrel Rolle,"https://static.www.nfl.com/image/private/f_auto,q_auto/league/issrtvdibba1d0c1msjb"
Antwaan Randle El,"https://static.www.nfl.com/image/private/f_auto,q_auto/league/oipoorlgo1xgdzzphzvo"
Antwon Blake,
ArDarius Stewart,"https://static.www.nfl.com/image/private/f_auto,q_auto/league/veeghpn7eg95a4yfr0uk"
Archie Griffin,"https://static.www.nfl.com/image/private/f_auto,q_auto/league/gtztnvyntjvjrmbmfisv"
Archie Manning,"https://static.www.nfl.com/image/private/f_auto,q_auto/league/g9vyzturkqi7oguzxqry"
Arian Foster,"https://static.www.nfl.com/image/private/f_auto,q_auto/league/b7zvp5go7e86i7wd1qyh"
Arian Smith,"https://static.www.nfl.com/image/upload/f_auto,q_auto/league/asywvwrn6zhlidxothqn"
Arlen Harris,"https://static.www.nfl.com/image/private/f_auto,q_auto/league/xgo9ljfqhrqw3cacywyf"
Armando Allen,"https://static.www.nfl.com/image/private/f_auto,q_auto/league/jrnomsfbklofqgnfk817"
Armani Rogers,"https://static.www.nfl.com/image/upload/f_auto,q_auto/league/g6lmbmhaju4jkhkcbk8u"
Armanti Edwards,"https://static.www.nfl.com/image/private/f_auto,q_auto/league/wa2chl8wz6dthhfqt6je"
Armond Smith,"https://static.www.nfl.com/image/private/f_auto,q_auto/league/demc89lt5im7o9jaaxxm"
Arnaz Battle,"https://static.www.nfl.com/image/private/f_auto,q_auto/league/frafersvx9wxpazu726z"
Arnold Morgado,"https://static.www.nfl.com/image/private/f_auto,q_auto/league/rwznkingu4q1fzmcm8lf"
Arrelious Benn,"https://static.www.nfl.com/image/private/f_auto,q_auto/league/mrdtswjobu20gukdl2cp"
Art Anderson,
Art Best,"https://static.www.nfl.com/image/private/f_auto,q_auto/league/cuvvel4bk7oftzzrq0v6"
Art Malone,"https://static.www.nfl.com/image/private/f_auto,q_auto/league/xkdzxtkkb6ef1l2irgor"
Art Monk,"https://static.www.nfl.com/image/private/f_auto,q_auto/league/lhnetc7kndqwtytjysi3"
Art Perkins,
Art Schlichter,"https://static.www.nfl.com/image/private/f_auto,q_auto/league/ajizynzp512ccmfvnyyt"
Artavis Pierce,"https://static.www.nfl.com/image/private/f_auto,q_auto/league/yyb62mnfyphbutq3hpy7"
Arthur Green,
Arthur Marshall,"https://static.www.nfl.com/image/private/f_auto,q_auto/league/cpfogydhnyf3t9voqxtm"
Arthur Whittington,
Artie Owens,"https://static.www.nfl.com/image/private/f_auto,q_auto/league/mdsi42zd1anphkubxytt"
Artose Pinner,"https://static.www.nfl.com/image/private/f_auto,q_auto/league/y5j8niw0qyyxgwflvpmc"
Ashley Lelie,"https://static.www.nfl.com/image/private/f_auto,q_auto/league/ecqltk8nfsaeakqb67tm"
Ashton Dulin,"https://static.www.nfl.com/image/upload/f_auto,q_auto/league/ux55cx0r9iwqwmfmaip6"
Ashton Jeanty,"https://static.www.nfl.com/image/upload/f_auto,q_auto/league/syspis1mntov9kgspb7r"
Ashtyn Davis,"https://static.www.nfl.com/image/upload/f_auto,q_auto/league/e0ppdz8rxegnsmgkj31q"
Aubrey Matthews,"https://static.www.nfl.com/image/private/f_auto,q_auto/league/zpeazokvh0kjclrrtiyg"
Audric Estimé,"https://static.www.nfl.com/image/upload/f_auto,q_auto/league/lcoend1mysjfhl8f4rrt"
Aundra Thompson,"https://static.www.nfl.com/image/private/f_auto,q_auto/league/no2qxbgwhpveoevech6c"
Aundrae Allison,"https://static.www.nfl.com/image/private/f_auto,q_auto/league/qrxwqugp1ezy82nztsve"
Austin Collie,"https://static.www.nfl.com/image/private/f_auto,q_auto/league/eux50ombnqizgxlh2fdy"
Austin Davis,"https://static.www.nfl.com/image/private/f_auto,q_auto/league/egt2ca8u47nytorcia3e"
Austin Denney,
Austin Ekeler,"https://static.www.nfl.com/image/upload/f_auto,q_auto/league/sldndpn2zwt4uhkj2zks"
Austin Johnson,"https://static.www.nfl.com/image/private/f_auto,q_auto/league/se6aqbzkyvpmtcr46bwz"
Austin Pettis,"https://static.www.nfl.com/image/private/f_auto,q_auto/league/kqic6oayt2jkoi3ezeuf"
Austin Walter,"https://static.www.nfl.com/image/private/f_auto,q_auto/league/ra41toaybxgxojhemusk"
Autry Denson,"https://static.www.nfl.com/image/private/f_auto,q_auto/league/ydzqqrnx3xk3byu5dpts"
Aveion Cason,"https://static.www.nfl.com/image/private/f_auto,q_auto/league/dni24dgzcshivdpztlkn"
Avery Williams,"https://static.www.nfl.com/image/upload/f_auto,q_auto/league/udxcy5ukuuppfhemywfn"
Avon Cobourne,"https://static.www.nfl.com/image/private/f_auto,q_auto/league/fthniq4bzmg67keep2aj"
Az-Zahir Hakim,"https://static.www.nfl.com/image/private/f_auto,q_auto/league/mejrrdu6zfd1muziriw6"
B.J. Askew,"https://static.www.nfl.com/image/private/f_auto,q_auto/league/p1c0hws42t8vfirum5xp"
B.J. Raji,"https://static.www.nfl.com/image/private/f_auto,q_auto/league/bzwbflnlm7rx6hwmje81"
B.J. Sams,"https://static.www.nfl.com/image/private/f_auto,q_auto/league/leg3dzyfnwv2um29giwk"
B.J. Sander,"https://static.www.nfl.com/image/private/f_auto,q_auto/league/kc0na6hoqq053ohumzla"
Babe Laufenberg,"https://static.www.nfl.com/image/private/f_auto,q_auto/league/vqjkbtphevpzecmse0za"
Bailey Zappe,"https://static.www.nfl.com/image/upload/f_auto,q_auto/league/b6ntwwdcbjnzv2gml8tk"
Bake Turner,
Baker Mayfield,"https://static.www.nfl.com/image/upload/f_auto,q_auto/league/gjb8e69jtt1ffqf1afue"
Bam Knight,"https://static.www.nfl.com/image/upload/f_auto,q_auto/league/mjxnlzlnnwlfqayeybut"
Bam Morris,"https://static.www.nfl.com/image/private/f_auto,q_auto/league/xfamzuumuo1jqoibkcvu"
Barkevious Mingo,"https://static.www.nfl.com/image/private/f_auto,q_auto/league/pirk5vkp0ugwl84rzxq0"
Baron Batch,"https://static.www.nfl.com/image/private/f_auto,q_auto/league/nyi8aktufcwzie1nzhev"
Barry Foster,"https://static.www.nfl.com/image/private/f_auto,q_auto/league/qgqgfzp8qjys26h9ezsf"
Barry Helton,"https://static.www.nfl.com/image/private/f_auto,q_auto/league/wh3ricyvzfqx6moivhyb"
Barry Krauss,"https://static.www.nfl.com/image/private/f_auto,q_auto/league/vvg6wjboszaytgpxfa37"
Barry Pearson,"https://static.www.nfl.com/image/private/f_auto,q_auto/league/mrmzhvyr4icpk29sxvs5"
Barry Pryor,
Barry Redden,"https://static.www.nfl.com/image/private/f_auto,q_auto/league/vhjzix2e1okqhigctwlo"
Barry Sanders,"https://static.www.nfl.com/image/private/f_auto,q_auto/league/pj2ldftirqvwh3c9pljr"
Barry Smith,"https://static.www.nfl.com/image/private/f_auto,q_auto/league/cpfgvsi8ylndxgoadesw"
Barry Word,"https://static.www.nfl.com/image/private/f_auto,q_auto/league/jk7p0dttfmrmjjmvc7hq"
Bart Starr,
Barty Smith,"https://static.www.nfl.com/image/private/f_auto,q_auto/league/ivdovcvbnorq2cka3e6o"
Basil Mitchell,"https://static.www.nfl.com/image/private/f_auto,q_auto/league/ye06atxor0eeh9mv8xzc"
Beanie Wells,
Bear Pascoe,"https://static.www.nfl.com/image/private/f_auto,q_auto/league/hhb76d36m5l6x2i12liw"
Ben Bennett,"https://static.www.nfl.com/image/private/f_auto,q_auto/league/xqpz8hxs3yma3olpy83z"
Ben Coates,"https://static.www.nfl.com/image/private/f_auto,q_auto/league/ih0cnctc2jkc0c67gpch"
Ben DiNucci,"https://static.www.nfl.com/image/private/f_auto,q_auto/league/o1gjqpevru8k8d98y2qn"
Ben Garry,"https://static.www.nfl.com/image/private/f_auto,q_auto/league/oweplyo7mzx1wfo7cmzv"
Ben Gay,
Ben Graham,"https://static.www.nfl.com/image/private/f_auto,q_auto/league/rn4n6km2mxgvzg117oim"
Ben Hawkins,"https://static.www.nfl.com/image/private/f_auto,q_auto/league/mj940peiqtcmkqeulzsk"
Ben Obomanu,"https://static.www.nfl.com/image/private/f_auto,q_auto/league/txlk0aevckbim8dvlnam"
Ben Roethlisberger,"https://static.www.nfl.com/image/private/f_auto,q_auto/league/vziogpnyp9d0xtpiuqhr"
Ben Skowronek,"https://static.www.nfl.com/image/upload/f_auto,q_auto/league/etozk8ja4u8lpjcvvo6l"
Ben Tate,"https://static.www.nfl.com/image/private/f_auto,q_auto/league/hary8s6dxf5sjtqctymx"
Ben Troupe,"https://static.www.nfl.com/image/private/f_auto,q_auto/league/gnriyvlwwoyatyjej7qv"
Ben Watson,
Ben Wilson,
BenJarvus Green-Ellis,"https://static.www.nfl.com/image/private/f_auto,q_auto/league/hv8rz1hhlqkxkv7fx32j"
Bennie Fowler,"https://static.www.nfl.com/image/private/f_auto,q_auto/league/d3jxciybumul74f3kdnb"
Benny Cunningham,"https://static.www.nfl.com/image/private/f_auto,q_auto/league/yo9hvf3gnoxj7prmruo8"
Benny Malone,"https://static.www.nfl.com/image/private/f_auto,q_auto/league/ahtccfa63ich1h5z62gh"
Benny Perrin,"https://static.www.nfl.com/image/private/f_auto,q_auto/league/hffrt8kjaa4jrcga3ukb"
Benny Snell,"https://static.www.nfl.com/image/private/f_auto,q_auto/league/fo3ppnx6djkougdmpthf"
Benny Snell Jr.,
Beno Bryant,"https://static.www.nfl.com/image/private/f_auto,q_auto/league/o4gvas1qwuob1eubradh"
Bernard Berrian,"https://static.www.nfl.com/image/private/f_auto,q_auto/league/po856tj2o11fbfjjafpa"
Bernard Pierce,"https://static.www.nfl.com/image/private/f_auto,q_auto/league/fpkdvnu4uzvwxhwaryzm"
Bernard Quarles,"https://static.www.nfl.com/image/private/f_auto,q_auto/league/s3bytgvwocqxzrzmfrm3"
Bernard Scott,"https://static.www.nfl.com/image/private/f_auto,q_auto/league/qui3hyqvk5k44phgo0ns"
Bernie Casey,
Bernie Kosar,"https://static.www.nfl.com/image/private/f_auto,q_auto/league/j5kwb9rb36prfdwyr71q"
Bernie Parmalee,"https://static.www.nfl.com/image/private/f_auto,q_auto/league/resfephz4u73o52trfks"
Bert Emanuel,"https://static.www.nfl.com/image/private/f_auto,q_auto/league/lc3z0qk31ezffm2zex2w"
Bert Jones,"https://static.www.nfl.com/image/private/f_auto,q_auto/league/yxv9nbawmjlhmsudaobo"
Bethel Johnson,"https://static.www.nfl.com/image/private/f_auto,q_auto/league/yjggfy4ckvjanngrrt2f"
Bhayshul Tuten,"https://static.www.nfl.com/image/upload/f_auto,q_auto/league/ryjnphuyjbedmgpx5qqj"
Bijan Robinson,"https://static.www.nfl.com/image/upload/f_auto,q_auto/league/esii5yb8yn9edboi4mlq"
Bilal Powell,"https://static.www.nfl.com/image/private/f_auto,q_auto/league/a5qlloemeetaqawzwuf7"
Bill Anderson,
Bill Bates,"https://static.www.nfl.com/image/private/f_auto,q_auto/league/ndyfdkwheeqpurjhinx1"
Bill Bell,
Bill Bradley,"https://static.www.nfl.com/image/private/f_auto,q_auto/league/neiajcdawd9yd7pogfml"
Bill Brooks,"https://static.www.nfl.com/image/private/f_auto,q_auto/league/ukecrbmiopviabjt2rqz"
Bill Brown,"https://static.www.nfl.com/image/private/f_auto,q_auto/league/j4nrgfayaeihcyibthtv"
Bill Butler,"https://static.www.nfl.com/image/private/f_auto,q_auto/league/urdarihhwhqnxusvj796"
Bill Cappleman,
Bill Cooper,
Bill Demory,"https://static.www.nfl.com/image/private/f_auto,q_auto/league/xpfe421uzybkugrpzchc"
Bill Dusenbery,
Bill Enyart,
Bill Johnson,"https://static.www.nfl.com/image/private/f_auto,q_auto/league/twhsgi72ypmosqles3t3"
Bill Jones,"https://static.www.nfl.com/image/private/f_auto,q_auto/league/ssdmlhvl6cuzkve4syjw"
Bill Kenney,"https://static.www.nfl.com/image/private/f_auto,q_auto/league/p4hyyptwqvmfmor75d7m"
Bill LaFleur,
Bill McWatters,
Bill Munson,"https://static.www.nfl.com/image/private/f_auto,q_auto/league/cougml4dr9a5i5tlts1g"
Bill Musgrave,"https://static.www.nfl.com/image/private/f_auto,q_auto/league/fqbtac0ds5rq4s6lmk5q"
Bill Nelsen,
Bill Olds,"https://static.www.nfl.com/image/private/f_auto,q_auto/league/py8np2w2fg6vqbrjy2pa"
Bill Renner,"https://static.www.nfl.com/image/private/f_auto,q_auto/league/mfq2yrn6hl9jwso7ad6z"
Bill Ring,"https://static.www.nfl.com/image/private/f_auto,q_auto/league/c7kn1jj6lpu6tbrpcqwq"
Bill Schroeder,"https://static.www.nfl.com/image/private/f_auto,q_auto/league/xtharhdrjchxqtltrk30"
Bill Thomas,"https://static.www.nfl.com/image/private/f_auto,q_auto/league/gicqjhuqkrdxwbsxzhtb"
Bill Thornton,
Bill Triplett,
Bill Troup,"https://static.www.nfl.com/image/private/f_auto,q_auto/league/mq6qhwiizj3m5bfxlhhb"
Bill Tucker,
Billy Brooks,"https://static.www.nfl.com/image/private/f_auto,q_auto/league/vxbo8ddsbwcvykzhx3uf"
Billy Campfield,"https://static.www.nfl.com/image/private/f_auto,q_auto/league/n4pa3yu5mttasunqdmb2"
Billy Cannon,"https://static.www.nfl.com/image/private/f_auto,q_auto/league/d2xlw6o3yrh6lkqphplx"
Billy Davis,"https://static.www.nfl.com/image/private/f_auto,q_auto/league/ogis0bcpy1elld5ip2p0"
Billy Gambrell,
Billy Harris,
Billy Howton,
Billy Jackson,"https://static.www.nfl.com/image/private/f_auto,q_auto/league/db1mpa2aeszh4y3ccwnn"
Billy Joe DuPree,"https://static.www.nfl.com/image/private/f_auto,q_auto/league/qahvvy6nst7jk98iwmbg"
Billy Joe Hobert,"https://static.www.nfl.com/image/private/f_auto,q_auto/league/rlmdajsgucn5bednqaiw"
Billy Joe Tolliver,"https://static.www.nfl.com/image/private/f_auto,q_auto/league/gicrwvf1hnole5b41azb"
Billy Johnson,"https://static.www.nfl.com/image/private/f_auto,q_auto/league/th3wsugu08xgopwdevbl"
Billy Kilmer,"https://static.www.nfl.com/image/private/f_auto,q_auto/league/zjtagkdyapup1acwzywp"
Billy Lefear,"https://static.www.nfl.com/image/private/f_auto,q_auto/league/kfgk9qynzfyo0cjx9wzf"
Billy Lothridge,
Billy Martin,
Billy Masters,"https://static.www.nfl.com/image/private/f_auto,q_auto/league/bbiyy5irjbakcr9rmva4"
Billy Parks,"https://static.www.nfl.com/image/private/f_auto,q_auto/league/ddyuu1bbfdtsmqgf53kq"
Billy Pricer,
Billy Pritchett,"https://static.www.nfl.com/image/private/f_auto,q_auto/league/ntaoh1tuwurlruehgjoh"
Billy Ray Barnes,
Billy Sims,"https://static.www.nfl.com/image/private/f_auto,q_auto/league/klbuonro96ludylbxd0d"
Billy Taylor,"https://static.www.nfl.com/image/private/f_auto,q_auto/league/cdj0zca8qmfavugoxwkm"
Billy Van Heusen,"https://static.www.nfl.com/image/private/f_auto,q_auto/league/mqjflh1wtvs7wwrsrfnh"
Billy Volek,"https://static.www.nfl.com/image/private/f_auto,q_auto/league/jei3uos0woj4u7exp8ih"
Billy Waddy,"https://static.www.nfl.com/image/private/f_auto,q_auto/league/e87hbudunnf0zekwbsqt"
Billy Wade,
Bishop Sankey,"https://static.www.nfl.com/image/private/f_auto,q_auto/league/igga9u3pw5h2rlcgs80c"
Blaine Gabbert,"https://static.www.nfl.com/image/private/f_auto,q_auto/league/fphhd3wedamgkps6e0dl"
Blair Kiel,"https://static.www.nfl.com/image/private/f_auto,q_auto/league/eignwoh0c1ywbbkd20pz"
Blair Thomas,"https://static.www.nfl.com/image/private/f_auto,q_auto/league/srltcukdwty3b1j12ydx"
Blake Bell,"https://static.www.nfl.com/image/private/f_auto,q_auto/league/eqrmmjto8koqqc9j2kjj"
Blake Bortles,"https://static.www.nfl.com/image/private/f_auto,q_auto/league/jvoui3bptgsfvgkz5e1b"
Blake Corum,"https://static.www.nfl.com/image/upload/f_auto,q_auto/league/axzqbqjkrbwfzodwwakq"
Blake Ezor,"https://static.www.nfl.com/image/private/f_auto,q_auto/league/z1v8mfpkjawekysfwexr"
Blake Gillikin,"https://static.www.nfl.com/image/upload/f_auto,q_auto/league/pgasxtghfviimlj55tn0"
Blake Watson,"https://static.www.nfl.com/image/upload/f_auto,q_auto/league/fqa3khjrz3ngvq27wgzz"
Bo Cornell,"https://static.www.nfl.com/image/private/f_auto,q_auto/league/gqswqdw0o7rviahwpsgy"
Bo Farrington,
Bo Jackson,"https://static.www.nfl.com/image/private/f_auto,q_auto/league/rtnqjubogruter4mez7n"
Bo Matthews,"https://static.www.nfl.com/image/private/f_auto,q_auto/league/warqn4wrsdysbsvbggvl"
Bo Melton,"https://static.www.nfl.com/image/upload/f_auto,q_auto/league/d7hxvsyeufobjykcxhls"
Bo Nix,"https://static.www.nfl.com/image/upload/f_auto,q_auto/league/zvo9xatffmqn9lnukpgk"
Bo Rather,"https://static.www.nfl.com/image/private/f_auto,q_auto/league/jitqqst1dze02dyfdg24"
Bo Robinson,"https://static.www.nfl.com/image/private/f_auto,q_auto/league/ysgcoshxhlqzg1vtnlga"
Bo Scaife,"https://static.www.nfl.com/image/private/f_auto,q_auto/league/eboft3twopepfxs60yvw"
Bo Scarbrough,"https://static.www.nfl.com/image/private/f_auto,q_auto/league/y9zcmooqisc5cex2tqxb"
Bo Scott,"https://static.www.nfl.com/image/private/f_auto,q_auto/league/dykkewtrsthevsilaomf"
Bob Adams,"https://static.www.nfl.com/image/private/f_auto,q_auto/league/gqvqcnyjvsffksmpimjr"
Bob Anderson,
Bob Avellini,"https://static.www.nfl.com/image/private/f_auto,q_auto/league/tgl1g39ujpswzxt64yci"
Bob Berry,"https://static.www.nfl.com/image/private/f_auto,q_auto/league/bddbcr3vmrqbsowwgtq8"
Bob Bleier,"https://static.www.nfl.com/image/private/f_auto,q_auto/league/x2zxf7wdlilwxuwq8j4x"
Bob Briggs,"https://static.www.nfl.com/image/private/f_auto,q_auto/league/j1y7opoxytqh0z27u4xo"
Bob Bruer,"https://static.www.nfl.com/image/private/f_auto,q_auto/league/ilftw1x27njvnfomp6ej"
Bob Brunet,"https://static.www.nfl.com/image/private/f_auto,q_auto/league/zpkeidh2bo1auta0qtow"
Bob Campbell,
Bob Chandler,"https://static.www.nfl.com/image/private/f_auto,q_auto/league/z2jen0feyqxavkzkszsc"
Bob Christian,"https://static.www.nfl.com/image/private/f_auto,q_auto/league/t1o81bpnihwhsofw3gdc"
Bob Clemens,
Bob Coronado,
Bob Davis,
Bob Ferguson,
Bob Ferrell,"https://static.www.nfl.com/image/private/f_auto,q_auto/league/vhwsnmbvdxox9dub2yzi"
Bob Gagliano,"https://static.www.nfl.com/image/private/f_auto,q_auto/league/ggbwrkjsbtezz4mmnnwt"
Bob Gaiters,
Bob Gladieux,
Bob Gresham,"https://static.www.nfl.com/image/private/f_auto,q_auto/league/whjcv4soni6grvue7v4x"
Bob Griese,"https://static.www.nfl.com/image/private/f_auto,q_auto/league/ganvnmltnuhgmnmdhed5"
Bob Grim,"https://static.www.nfl.com/image/private/f_auto,q_auto/league/mgqsdzrjmcphlynsh0w8"
Bob Grupp,"https://static.www.nfl.com/image/private/f_auto,q_auto/league/c1wsic58pljbaikxyhns"
Bob Hayes,"https://static.www.nfl.com/image/private/f_auto,q_auto/league/o95jzm34aduoh9libdlk"
Bob Holly,"https://static.www.nfl.com/image/private/f_auto,q_auto/league/iyn6arywmtzoakrpyrbp"
Bob Hudson,"https://static.www.nfl.com/image/private/f_auto,q_auto/league/nrlwppdvtnvndwc5lfab"
Bob Klein,"https://static.www.nfl.com/image/private/f_auto,q_auto/league/fc3pxq6m24i9rzc0dtrk"
Bob Leahy,
Bob Lee,"https://static.www.nfl.com/image/private/f_auto,q_auto/league/unrg2tx8kapf7ctnqpra"
Bob McCall,
Bob Moore,"https://static.www.nfl.com/image/private/f_auto,q_auto/league/ggsvz6fhprqxuesogjuh"
Bob Naponic,
Bob Newland,"https://static.www.nfl.com/image/private/f_auto,q_auto/league/msvmpdr7jwrvnareaurl"
Bob Paremore,
Bob Parsons,"https://static.www.nfl.com/image/private/f_auto,q_auto/league/zyvnzwqhi6wkx2tawd41"
Bob Perryman,"https://static.www.nfl.com/image/private/f_auto,q_auto/league/bvb2m3jjcwdebhcwrjeu"
Bob Pickard,"https://static.www.nfl.com/image/private/f_auto,q_auto/league/tgndyttmb6osdooxv1ho"
Bob Thomas,"https://static.www.nfl.com/image/private/f_auto,q_auto/league/f4xc6jkywrnzl7u0tkfv"
Bob Tucker,"https://static.www.nfl.com/image/private/f_auto,q_auto/league/geexl9uk2hcnc4eaipbw"
Bob Wallace,
Bob Waters,
Bob Windsor,"https://static.www.nfl.com/image/private/f_auto,q_auto/league/ejlhtzvturbbjva5yycp"
Bobby Anderson,"https://static.www.nfl.com/image/private/f_auto,q_auto/league/vuvhmcyndbhbrjpnsgg7"
Bobby Batton,"https://static.www.nfl.com/image/private/f_auto,q_auto/league/mhtzipvhsxbakzlcmf4h"
Bobby Boyd,
Bobby Douglass,"https://static.www.nfl.com/image/private/f_auto,q_auto/league/txqy2dejziysmk3wsvu2"
Bobby Duhon,
Bobby Engram,"https://static.www.nfl.com/image/private/f_auto,q_auto/league/u18aupjv3gtlivfcnkyv"
Bobby Felts,
Bobby Fowler,"https://static.www.nfl.com/image/private/f_auto,q_auto/league/z03ovrdsko1is3nu563n"
Bobby Franklin,
Bobby Hammond,"https://static.www.nfl.com/image/private/f_auto,q_auto/league/ciaz4cp8sqgp4kupgoum"
Bobby Hebert,"https://static.www.nfl.com/image/private/f_auto,q_auto/league/ivn7okbglfqcc8lbyhkz"
Bobby Howard,"https://static.www.nfl.com/image/private/f_auto,q_auto/league/kk2aaogzapukdkbevuek"
Bobby Hoying,"https://static.www.nfl.com/image/private/f_auto,q_auto/league/ffg9s34rxb3vz2hbdmow"
Bobby Humphery,"https://static.www.nfl.com/image/private/f_auto,q_auto/league/habw1vaak3axpdzytdxh"
Bobby Humphrey,"https://static.www.nfl.com/image/private/f_auto,q_auto/league/pgpih7oxuyavnqofnx8p"
Bobby Joe Conrad,
Bobby Joe Edmonds,"https://static.www.nfl.com/image/private/f_auto,q_auto/league/idctoo2tbzvtp7tcjokd"
Bobby Joe Green,
Bobby Johnson,"https://static.www.nfl.com/image/private/f_auto,q_auto/league/days2nshb3qjaaxhibt2"
Bobby Jones,"https://static.www.nfl.com/image/private/f_auto,q_auto/league/ooqbzkq7vqvxok3blaty"
Bobby Layne,
Bobby Micho,"https://static.www.nfl.com/image/private/f_auto,q_auto/league/qfbiqsmzdeeljyxazrwh"
Bobby Mitchell,
Bobby Morse,"https://static.www.nfl.com/image/private/f_auto,q_auto/league/bt5bfyligo2jeiqm7hxl"
Bobby Phillips,"https://static.www.nfl.com/image/private/f_auto,q_auto/league/uhxbmgycwrabpsidoakr"
Bobby Rainey,"https://static.www.nfl.com/image/private/f_auto,q_auto/league/vf2lmyxgjhrah1hfed1x"
Bobby Reed,
Bobby Scott,"https://static.www.nfl.com/image/private/f_auto,q_auto/league/lfydxufv5kftwagogh8c"
Bobby Smith,
Bobby Thompson,"https://static.www.nfl.com/image/private/f_auto,q_auto/league/eldnfje4yv4gjacybjzi"
Bobby Wade,"https://static.www.nfl.com/image/private/f_auto,q_auto/league/gukxvk5jls1wpg4bnmwx"
Bobby Walden,"https://static.www.nfl.com/image/private/f_auto,q_auto/league/rlfdnnxdek6mskatg60f"
Bobo Wilson,"https://static.www.nfl.com/image/private/f_auto,q_auto/league/dxmqeel8jwf3yokvtg9a"
Boobie Clark,"https://static.www.nfl.com/image/private/f_auto,q_auto/league/y60gw18midyp8sqlppcj"
Booker Moore,"https://static.www.nfl.com/image/private/f_auto,q_auto/league/hgllge2lwfmyt1aavy8m"
Booker Russell,"https://static.www.nfl.com/image/private/f_auto,q_auto/league/dxoedptw6rw5uabfg4ff"
Boomer Esiason,"https://static.www.nfl.com/image/private/f_auto,q_auto/league/afg59qxfnusj3ebuqwyv"
Boston Scott,"https://static.www.nfl.com/image/upload/f_auto,q_auto/league/drf1wvqkjdvtu1rtxvfe"
Boyce Green,"https://static.www.nfl.com/image/private/f_auto,q_auto/league/mkhcvuo0lto0imshljbw"
Boyd Dowler,
Brad Baxter,"https://static.www.nfl.com/image/private/f_auto,q_auto/league/dyogwgx2xvmftaoz2trk"
Brad Costello,"https://static.www.nfl.com/image/private/f_auto,q_auto/league/dblsi4khf1x0hrlkwr0e"
Brad Goebel,"https://static.www.nfl.com/image/private/f_auto,q_auto/league/guzpdc7y5nkfxomnhqpi"
Brad Hoover,"https://static.www.nfl.com/image/private/f_auto,q_auto/league/nkihbcljztyofowib4cy"
Brad Hubbert,
Brad Johnson,"https://static.www.nfl.com/image/private/f_auto,q_auto/league/rnzt7iobyak7at4wf6uf"
Brad Maynard,"https://static.www.nfl.com/image/private/f_auto,q_auto/league/hnmyqljakbuycwcxw8ez"
Brad Muster,"https://static.www.nfl.com/image/private/f_auto,q_auto/league/ewpuh5pmckrbhlxmgqdh"
Brad Nortman,"https://static.www.nfl.com/image/private/f_auto,q_auto/league/aps6fvcgwuqcpsnlkcy5"
Brad Smith,"https://static.www.nfl.com/image/private/f_auto,q_auto/league/bsr5rikxqhr1h8luu0ev"
Brad Wing,"https://static.www.nfl.com/image/private/f_auto,q_auto/league/breqxoaezzig1jriolcm"
Braden Mann,"https://static.www.nfl.com/image/upload/f_auto,q_auto/league/eizeojehmxkvvfahj1tk"
Bradlee Van Pelt,"https://static.www.nfl.com/image/private/f_auto,q_auto/league/fyudhqgmbqgadcdvql1o"
Bradley Marquez,"https://static.www.nfl.com/image/private/f_auto,q_auto/league/p6olxbyymypgryvxovy3"
Brady Cook,"https://static.www.nfl.com/image/upload/f_auto,q_auto/league/sk8u7zzg7e3t4vu7xesg"
Brady Keys,
Brady Quinn,"https://static.www.nfl.com/image/private/f_auto,q_auto/league/ezqavugaagjzhsqhoicz"
Braelon Allen,"https://static.www.nfl.com/image/upload/f_auto,q_auto/league/fmpzgmfjmcbrv1gmqbdn"
Bralon Addison,"https://static.www.nfl.com/image/private/f_auto,q_auto/league/otwc8iuqmogqjh2j8zow"
Branden Oliver,"https://static.www.nfl.com/image/private/f_auto,q_auto/league/wuvcmhjtwgqanezt6f79"
Brandin Cooks,"https://static.www.nfl.com/image/upload/f_auto,q_auto/league/krz3gv9jjs92arlctvqf"
Brandon Aiyuk,"https://static.www.nfl.com/image/upload/f_auto,q_auto/league/avzzxycxyculxxqce5k7"
Brandon Allen,"https://static.www.nfl.com/image/upload/f_auto,q_auto/league/zljq6177ohvxucfq7fl9"
Brandon Aubrey,"https://static.www.nfl.com/image/upload/f_auto,q_auto/league/bgwg06zmyohjxvzznbf6"
Brandon Banks,"https://static.www.nfl.com/image/private/f_auto,q_auto/league/ugumsdejedfjeemhgzon"
Brandon Bennett,"https://static.www.nfl.com/image/private/f_auto,q_auto/league/whclaaky7vs2albge9yz"
Brandon Bolden,"https://static.www.nfl.com/image/private/f_auto,q_auto/league/kqqwz35z9brhkzbs4bcn"
Brandon Burks,"https://static.www.nfl.com/image/private/f_auto,q_auto/league/wlizjeb1gickkrsrz8r8"
Brandon Fields,"https://static.www.nfl.com/image/private/f_auto,q_auto/league/wanoipfufy1xfdlzg5ex"
Brandon Gibson,"https://static.www.nfl.com/image/private/f_auto,q_auto/league/surhprm3dsmqjollulmn"
Brandon Jackson,"https://static.www.nfl.com/image/private/f_auto,q_auto/league/uy3xpotebhao3y1ohedi"
Brandon Jacobs,"https://static.www.nfl.com/image/private/f_auto,q_auto/league/uqirxeaumckg6jrckfg3"
Brandon Jones,"https://static.www.nfl.com/image/upload/f_auto,q_auto/league/vsc57i9kmaaquegceqtt"
Brandon LaFell,"https://static.www.nfl.com/image/private/f_auto,q_auto/league/x4wifb5arw0neuwg1cch"
Brandon Lloyd,"https://static.www.nfl.com/image/private/f_auto,q_auto/league/ljx2jldvqmlkncplteve"
Brandon Manumaleuna,"https://static.www.nfl.com/image/private/f_auto,q_auto/league/pea5lmdbjmnnjwqxgobi"
Brandon Marshall,"https://static.www.nfl.com/image/private/f_auto,q_auto/league/jhziqh0scfksvxen6f3s"
Brandon McManus,"https://static.www.nfl.com/image/upload/f_auto,q_auto/league/qvwi9b1vfkn0wlmdl7ej"
Brandon Powell,"https://static.www.nfl.com/image/upload/f_auto,q_auto/league/kpggzzkazhxoq4e77xho"
Brandon Saine,"https://static.www.nfl.com/image/private/f_auto,q_auto/league/geerv1mt8m61vq70jvla"
Brandon Stokley,"https://static.www.nfl.com/image/private/f_auto,q_auto/league/u28x9vmd7ca8k2qnakua"
Brandon Tate,"https://static.www.nfl.com/image/private/f_auto,q_auto/league/uzpf58ijo44jfqakwv83"
Brandon Weeden,"https://static.www.nfl.com/image/private/f_auto,q_auto/league/m8oocp4p9nskilnakgnw"
Brandon Wilds,"https://static.www.nfl.com/image/private/f_auto,q_auto/league/pnkbbcmp3qmc3ncxfm7a"
Brandon Zylstra,"https://static.www.nfl.com/image/private/f_auto,q_auto/league/arx0mz7gc5dm0wfc5kfx"
Brant Boyer,"https://static.www.nfl.com/image/private/f_auto,q_auto/league/uw8vhq7rtg5qsfa2tups"
Brashard Smith,"https://static.www.nfl.com/image/upload/f_auto,q_auto/league/xnf4x6b9a2yunsc0gaej"
Braxton Berrios,"https://static.www.nfl.com/image/upload/f_auto,q_auto/league/striwxmn9t0ixherw7l8"
Braxton Miller,"https://static.www.nfl.com/image/private/f_auto,q_auto/league/ya38kjppomtdyqbq5cyg"
Braylon Edwards,"https://static.www.nfl.com/image/private/f_auto,q_auto/league/ryuel7mxiqtyhyqn4lyn"
Breece Hall,"https://static.www.nfl.com/image/upload/f_auto,q_auto/league/i01xtqbfajfq68lb6orh"
Brent Fullwood,"https://static.www.nfl.com/image/private/f_auto,q_auto/league/geezupgpuwfed9ddfqc2"
Brent McClanahan,"https://static.www.nfl.com/image/private/f_auto,q_auto/league/chnpwilhr9sbxkbeh33g"
Brent Moss,"https://static.www.nfl.com/image/private/f_auto,q_auto/league/cmzwds51hmgh1umniny0"
Brent Pease,"https://static.www.nfl.com/image/private/f_auto,q_auto/league/xjcai92wba5np8xljymu"
Breshad Perriman,"https://static.www.nfl.com/image/private/f_auto,q_auto/league/zpwov1n42bi5lsqdlxhh"
Bret Clark,"https://static.www.nfl.com/image/private/f_auto,q_auto/league/ginbpo6yt0yjcjaoqh2f"
Brett Basanez,"https://static.www.nfl.com/image/private/f_auto,q_auto/league/osljtnrsfhkfcksem8vo"
Brett Favre,"https://static.www.nfl.com/image/private/f_auto,q_auto/league/m3sggjgdqlp4jqpxktvr"
Brett Hundley,"https://static.www.nfl.com/image/private/f_auto,q_auto/league/lgplktjykzjrnjsn9x8y"
Brett Kern,"https://static.www.nfl.com/image/private/f_auto,q_auto/league/dbph1kuozunx3aorpeiw"
Brett Perriman,"https://static.www.nfl.com/image/private/f_auto,q_auto/league/u4ishjtpm0xpglwcm39f"
Brett Rypien,"https://static.www.nfl.com/image/upload/f_auto,q_auto/league/aagqym9xmd5rligbbacq"
Brett Wilson,"https://static.www.nfl.com/image/private/f_auto,q_auto/league/fzk6na1mfqrus1v8bqwm"
Brian Baschnagel,"https://static.www.nfl.com/image/private/f_auto,q_auto/league/twq94ryzif5zg74wt7in"
Brian Blades,"https://static.www.nfl.com/image/private/f_auto,q_auto/league/vbxdefulc7devsxnjuln"
Brian Brohm,"https://static.www.nfl.com/image/private/f_auto,q_auto/league/higwz87n2wlxhnud6jsb"
Brian Calhoun,"https://static.www.nfl.com/image/private/f_auto,q_auto/league/eqcqvuofmn0r1ooc0hav"
Brian Dowling,"https://static.www.nfl.com/image/private/f_auto,q_auto/league/ryygxniuqnxuwjrx8c3v"
Brian Duncan,"https://static.www.nfl.com/image/private/f_auto,q_auto/league/stcyovkazyddfptlufpo"
Brian Griese,"https://static.www.nfl.com/image/private/f_auto,q_auto/league/h4yl6l8aqzgdqcjrckvk"
Brian Hansen,"https://static.www.nfl.com/image/private/f_auto,q_auto/league/la6gqkslk3l3bxl6fpp6"
Brian Hartline,"https://static.www.nfl.com/image/private/f_auto,q_auto/league/vuqaw5utqkgyqtp7hwbu"
Brian Hill,"https://static.www.nfl.com/image/private/f_auto,q_auto/league/bsgtdhaylnpxdhfxtx0y"
Brian Hoyer,"https://static.www.nfl.com/image/private/f_auto,q_auto/league/japt3mj2xctm7saqndxn"
Brian Kelley,"https://static.www.nfl.com/image/private/f_auto,q_auto/league/bpuswrkix01o7jy1ktdb"
Brian Leonard,"https://static.www.nfl.com/image/private/f_auto,q_auto/league/a4ijk8zs4l7m3deikdib"
Brian McClure,"https://static.www.nfl.com/image/private/f_auto,q_auto/league/tring4b3bgkhfuuupzjg"
Brian Milne,"https://static.www.nfl.com/image/private/f_auto,q_auto/league/j209xllpalbqfr5acltu"
Brian Mitchell,"https://static.www.nfl.com/image/private/f_auto,q_auto/league/bwm0n70rbfm6zo2xyjrr"
Brian Moorman,"https://static.www.nfl.com/image/private/f_auto,q_auto/league/g86ulimylspinpupgt3l"
Brian Piccolo,
Brian Robinson,"https://static.www.nfl.com/image/upload/f_auto,q_auto/league/n1xhex1ytisxcbcggqu7"
Brian Russell,"https://static.www.nfl.com/image/private/f_auto,q_auto/league/uotrqywyp57c7jo1bqcm"
Brian Sipe,"https://static.www.nfl.com/image/private/f_auto,q_auto/league/jhbdhtvt0rltvbzlgzlx"
Brian St. Pierre,"https://static.www.nfl.com/image/private/f_auto,q_auto/league/zusihxxqq20yclhzcijf"
Brian Taylor,"https://static.www.nfl.com/image/private/f_auto,q_auto/league/o8mestxn8cwtwxxdmu5c"
Brian Thomas Jr.,"https://static.www.nfl.com/image/upload/f_auto,q_auto/league/plnekkriys4cm11rnxwl"
Brian Westbrook,"https://static.www.nfl.com/image/private/f_auto,q_auto/league/xerjzdet52uvvhqovape"
Brit Miller,"https://static.www.nfl.com/image/private/f_auto,q_auto/league/k21prnlapgfh9rxvl7o8"
British Brooks,"https://static.www.nfl.com/image/upload/f_auto,q_auto/league/jethzcwj6oeitvdprnk8"
Brittain Brown,"https://static.www.nfl.com/image/upload/f_auto,q_auto/league/xo28viloq6rjkgca3gpz"
Britton Colquitt,"https://static.www.nfl.com/image/private/f_auto,q_auto/league/fih0fomatqdzjicowoze"
Brock Berlin,"https://static.www.nfl.com/image/private/f_auto,q_auto/league/oxkpflmrqjh6mb5h7fzw"
Brock Bolen,"https://static.www.nfl.com/image/private/f_auto,q_auto/league/vglxfug0iflyct5wtzaw"
Brock Bowers,"https://static.www.nfl.com/image/upload/f_auto,q_auto/league/waorceny0ggpaeckaol8"
Brock Forsey,"https://static.www.nfl.com/image/private/f_auto,q_auto/league/d3rky62yjut32coelh7f"
Brock Huard,"https://static.www.nfl.com/image/private/f_auto,q_auto/league/emvt28h4jcox0ve35nhq"
Brock Olivo,"https://static.www.nfl.com/image/private/f_auto,q_auto/league/cbtxjedul1l4b0cip9ap"
Brock Osweiler,"https://static.www.nfl.com/image/private/f_auto,q_auto/league/pwkmtgeitdi79qtumb2x"
Brock Purdy,"https://static.www.nfl.com/image/upload/f_auto,q_auto/league/xs2fyj1sqdgwvt9ihbri"
Broderick Sargent,"https://static.www.nfl.com/image/private/f_auto,q_auto/league/u05xm3rsm3xkjyqr648m"
Brodie Croyle,"https://static.www.nfl.com/image/private/f_auto,q_auto/league/ypraex2eb8whvtwzfgr9"
Bronson Hill,"https://static.www.nfl.com/image/private/f_auto,q_auto/league/plws0l63xcalmdkv9wwb"
Brooks Bollinger,"https://static.www.nfl.com/image/private/f_auto,q_auto/league/r2jiwdsifzzmcjfhwyou"
Browning Nagle,"https://static.www.nfl.com/image/private/f_auto,q_auto/league/lk5zappcpcjpzrvftohz"
Bruce Coslet,"https://static.www.nfl.com/image/private/f_auto,q_auto/league/i65xdhrdwxcdt2o1hoen"
Bruce Davis,"https://static.www.nfl.com/image/private/f_auto,q_auto/league/nmbjereseu4aasrhy5yn"
Bruce Elia,"https://static.www.nfl.com/image/private/f_auto,q_auto/league/uwaf5kata4pn9pkdmiug"
Bruce Ellington,"https://static.www.nfl.com/image/private/f_auto,q_auto/league/qqlup3kfumh2ifrixmfn"
Bruce Gradkowski,"https://static.www.nfl.com/image/private/f_auto,q_auto/league/mihpjxwfsrgjyqwikwsa"
Bruce Hansen,"https://static.www.nfl.com/image/private/f_auto,q_auto/league/ofbfyzhdhqgkcn1gth2f"
Bruce Hardy,"https://static.www.nfl.com/image/private/f_auto,q_auto/league/oyizimpyuouhekqebzcd"
Bruce Harper,"https://static.www.nfl.com/image/private/f_auto,q_auto/league/onfg0i2gzwpjpbaxs34u"
Bruce Hill,"https://static.www.nfl.com/image/private/f_auto,q_auto/league/yeydt9wp5vkvatzoaezf"
Bruce King,"https://static.www.nfl.com/image/private/f_auto,q_auto/league/yalszcys492fnoyas4oe"
Bruce Lemmerman,
Bruce Maher,
Bruce Mathison,"https://static.www.nfl.com/image/private/f_auto,q_auto/league/mfh4naoydptvc7d80oy9"
Bruce Maxwell,
Bruce McLenna,
Bruce Miller,"https://static.www.nfl.com/image/private/f_auto,q_auto/league/xmxfgtmbvqxhpp3ldkwq"
Bruce Perkins,"https://static.www.nfl.com/image/private/f_auto,q_auto/league/hwwsakhu58wmzg2lcrp8"
Bruce Perry,"https://static.www.nfl.com/image/private/f_auto,q_auto/league/cshmwq65vvzoz8s02hqg"
Bruce Smith,"https://static.www.nfl.com/image/private/f_auto,q_auto/league/z1isuze9urlmeriqctgo"
Bryan Anger,"https://static.www.nfl.com/image/upload/f_auto,q_auto/league/e1fozrp2fhprrkheqt0x"
Bryan Barker,"https://static.www.nfl.com/image/private/f_auto,q_auto/league/ppydumh0icqagm0wiebm"
Bryan Edwards,"https://static.www.nfl.com/image/private/f_auto,q_auto/league/duzbn0dd5ss2lnrsovyn"
Bryan Gilmore,"https://static.www.nfl.com/image/private/f_auto,q_auto/league/mrjlorr5e094c3nq58nk"
Bryan Johnson,"https://static.www.nfl.com/image/private/f_auto,q_auto/league/anbwxbszmibti2vuhqdl"
Bryan Reeves,"https://static.www.nfl.com/image/private/f_auto,q_auto/league/t95stfdjdkcuotguunbn"
Bryan Wagner,"https://static.www.nfl.com/image/private/f_auto,q_auto/league/uapc5yasyiwqsuxpcfcj"
Bryan Walters,"https://static.www.nfl.com/image/private/f_auto,q_auto/league/u58mrjpxghm6ajfjbcfz"
Bryant Johnson,"https://static.www.nfl.com/image/private/f_auto,q_auto/league/yx3wawkjsqdsyvsh8psw"
Bryant McFadden,"https://static.www.nfl.com/image/private/f_auto,q_auto/league/bgoaiebtjvyqxram7cd3"
Bryce Brown,"https://static.www.nfl.com/image/private/f_auto,q_auto/league/sf0mz0q1kzqu2v3lmmsa"
Bryce Perkins,"https://static.www.nfl.com/image/private/f_auto,q_auto/league/mouuxpmyg8wgcrtfc0tr"
Bryce Petty,"https://static.www.nfl.com/image/private/f_auto,q_auto/league/ptb0vcf2vqqittc5qown"
Bryce Treggs,"https://static.www.nfl.com/image/private/f_auto,q_auto/league/o0cfgtzur0b0zyar1iir"
Bryce Young,"https://static.www.nfl.com/image/upload/f_auto,q_auto/league/vcvhmxvxw2a3armle0af"
Bubba Bean,"https://static.www.nfl.com/image/private/f_auto,q_auto/league/wploobxfsi7jlqoi6s6c"
Bubby Brister,"https://static.www.nfl.com/image/private/f_auto,q_auto/league/lzu8o971sntflaerjakm"
Bucky Dilts,"https://static.www.nfl.com/image/private/f_auto,q_auto/league/myie8to2h51ywoqffjps"
Bucky Irving,"https://static.www.nfl.com/image/upload/f_auto,q_auto/league/vkc00rvnix3f2b96vkwo"
Bucky Pope,
Bucky Richardson,"https://static.www.nfl.com/image/private/f_auto,q_auto/league/vzgiabpu5orbfyperlhy"
Bucky Scribner,"https://static.www.nfl.com/image/private/f_auto,q_auto/league/iq6qjxfvrlkt0qrric8g"
Buddy Dial,
Buddy Hardeman,"https://static.www.nfl.com/image/private/f_auto,q_auto/league/knzuek3fac8jwjagvj3c"
Buddy Howell,"https://static.www.nfl.com/image/private/f_auto,q_auto/league/fekpyavfdcqs88tgj3dj"
Buddy Humphrey,
Buford Jordan,"https://static.www.nfl.com/image/private/f_auto,q_auto/league/qbyygrepuudeomdbdnqm"
Buford McGee,"https://static.www.nfl.com/image/private/f_auto,q_auto/league/lyfvklpazdfgl1atc7tr"
Butch Johnson,"https://static.www.nfl.com/image/private/f_auto,q_auto/league/wvtpsv8h47cm39up9qt6"
Butch Woolfolk,"https://static.www.nfl.com/image/private/f_auto,q_auto/league/ighcwwwvcf3kwrcmysy2"
Byron Franklin,"https://static.www.nfl.com/image/private/f_auto,q_auto/league/syjusuxvtlkhyaask1ql"
Byron Hanspard,"https://static.www.nfl.com/image/private/f_auto,q_auto/league/gcczko1mq5gkcgwgmedt"
Byron Leftwich,"https://static.www.nfl.com/image/private/f_auto,q_auto/league/zmv2cxypb5s0nhtpq3nq"
Byron Marshall,"https://static.www.nfl.com/image/private/f_auto,q_auto/league/sdfnye7daaffwtre1mbl"
Byron Williams,"https://static.www.nfl.com/image/private/f_auto,q_auto/league/inke3ouslcp7wizbrm1a"
C.J. Anderson,"https://static.www.nfl.com/image/private/f_auto,q_auto/league/jqqdxuowpdgl06zy0g0a"
C.J. Beathard,"https://static.www.nfl.com/image/private/f_auto,q_auto/league/yw8euaevcvwswbx5w27w"
C.J. Board,"https://static.www.nfl.com/image/private/f_auto,q_auto/league/pzshlaz0iihftpmg9imt"
C.J. Ham,"https://static.www.nfl.com/image/upload/f_auto,q_auto/league/evssvutwjy6szq7dpelm"
C.J. Moore,"https://static.www.nfl.com/image/upload/f_auto,q_auto/league/lnna9lfl2zadwrtpkhea"
C.J. Prosise,"https://static.www.nfl.com/image/private/f_auto,q_auto/league/rcutby5hu0vtijh6adle"
C.J. Spiller,"https://static.www.nfl.com/image/private/f_auto,q_auto/league/jqbnrdpq9c2nbchzntxt"
C.J. Stroud,"https://static.www.nfl.com/image/upload/f_auto,q_auto/league/tt4zrtxlhifaljhj0rn7"
C.R. Roberts,
Cade McNown,"https://static.www.nfl.com/image/private/f_auto,q_auto/league/m8v7lbfvronpjqfr7k3e"
Cade Otton,"https://static.www.nfl.com/image/upload/f_auto,q_auto/league/yanr6h9aplae3jyzimf7"
Cade Stover,"https://static.www.nfl.com/image/upload/f_auto,q_auto/league/ur3ihcg0rkeqbfiksj5y"
Cadillac Williams,"https://static.www.nfl.com/image/private/f_auto,q_auto/league/izl4babukq5ucpbmcx5l"
Caleb Hanie,"https://static.www.nfl.com/image/private/f_auto,q_auto/league/tndlddsxf4ounmnjc6xm"
Caleb Huntley,"https://static.www.nfl.com/image/private/f_auto,q_auto/league/xzzb2fcp1ovzekumnjga"
Caleb Williams,"https://static.www.nfl.com/image/upload/f_auto,q_auto/league/h4qs11kutwiw7whekmyt"
Calvin Austin III,"https://static.www.nfl.com/image/private/f_auto,q_auto/league/qlt6ztqcbu0uzad6aavt"
Calvin Hill,"https://static.www.nfl.com/image/private/f_auto,q_auto/league/jlbh324i1zihwkcfio6w"
Calvin Johnson,"https://static.www.nfl.com/image/private/f_auto,q_auto/league/z6dxib9sientn4m9cljh"
Calvin Jones,"https://static.www.nfl.com/image/private/f_auto,q_auto/league/nsxhaxy3gzwxako7y6od"
Calvin Murray,"https://static.www.nfl.com/image/private/f_auto,q_auto/league/o7sjhnzf87ato5qanqoo"
Calvin Ridley,"https://static.www.nfl.com/image/upload/f_auto,q_auto/league/zrv8bjm7zdtboyka2jvr"
Calvin Sweeney,"https://static.www.nfl.com/image/private/f_auto,q_auto/league/fcmhixvtrnmee4iz40vy"
Calvin Thomas,"https://static.www.nfl.com/image/private/f_auto,q_auto/league/bw6sirik6acjjdmqtjbb"
Calvin Williams,"https://static.www.nfl.com/image/private/f_auto,q_auto/league/sxjsjtmckwaurri8rxdg"
Cam Akers,"https://static.www.nfl.com/image/upload/f_auto,q_auto/league/dutj0wamu7giwghnmr4m"
Cam Cleeland,
Cam Newton,"https://static.www.nfl.com/image/private/f_auto,q_auto/league/zwmgw2gmnn2kch4nquft"
Cam Sims,"https://static.www.nfl.com/image/private/f_auto,q_auto/league/rskkpergva4snsvgathy"
Cam Skattebo,"https://static.www.nfl.com/image/upload/f_auto,q_auto/league/hlggiqdfvj1f4kntkafr"
Cam Ward,"https://static.www.nfl.com/image/upload/f_auto,q_auto/league/l7switu6stlwd2irm8yo"
Cameron Artis-Payne,"https://static.www.nfl.com/image/private/f_auto,q_auto/league/vaeghufm3dkzmsjhb8hg"
Cameron Batson,"https://static.www.nfl.com/image/private/f_auto,q_auto/league/pow47zamr7jdcca5ibsl"
Cameron Johnston,"https://static.www.nfl.com/image/upload/f_auto,q_auto/league/ppcxjnntytozgd78mhzz"
Cameron Meredith,"https://static.www.nfl.com/image/private/f_auto,q_auto/league/galvhjzccy4mw0ipexho"
Cameron Morrah,"https://static.www.nfl.com/image/private/f_auto,q_auto/league/ccoqqkxjvjwus0wy09ig"
Cannonball Butler,
Cardale Jones,"https://static.www.nfl.com/image/private/f_auto,q_auto/league/we5tadbw4htpyierf8qv"
Carey Davis,"https://static.www.nfl.com/image/private/f_auto,q_auto/league/sz7g5qfktgv3eqpu2p6h"
Carl Aikens,"https://static.www.nfl.com/image/private/f_auto,q_auto/league/fblns6xugrcwinqq4jr9"
Carl Birdsong,"https://static.www.nfl.com/image/private/f_auto,q_auto/league/flek8qed6tbsmfrkncy3"
Carl Bland,"https://static.www.nfl.com/image/private/f_auto,q_auto/league/xihk7g5lwolevgfari8n"
Carl Byrum,"https://static.www.nfl.com/image/private/f_auto,q_auto/league/m5pbzltfflh3zofvbjap"
Carl Garrett,"https://static.www.nfl.com/image/private/f_auto,q_auto/league/sysqv2gqvikillhx9mdr"
Carl Monroe,"https://static.www.nfl.com/image/private/f_auto,q_auto/league/vkd8i4yrx9l0si81ufu2"
Carl Painter,"https://static.www.nfl.com/image/private/f_auto,q_auto/league/p8bbt22zs2rldbrohyh3"
Carl Pickens,"https://static.www.nfl.com/image/private/f_auto,q_auto/league/axgwysdsgh0q1yeb2r83"
Carl Summerell,"https://static.www.nfl.com/image/private/f_auto,q_auto/league/kunvi1lsjunwrf7xg0eu"
Carl Taseff,
Carl Woods,"https://static.www.nfl.com/image/private/f_auto,q_auto/league/snrorspvhcq29vdqc5a7"
Carlos Brown,"https://static.www.nfl.com/image/private/f_auto,q_auto/league/wnqelm69jeuneensj8zv"
Carlos Carson,"https://static.www.nfl.com/image/private/f_auto,q_auto/league/lvwrky7vpnqv1fwuitds"
Carlos Hyde,"https://static.www.nfl.com/image/private/f_auto,q_auto/league/qpmv42ldpkpdf1gpgeua"
Carlos Pennywell,"https://static.www.nfl.com/image/private/f_auto,q_auto/league/lxv88zji84ykphrvzhsh"
Carlton Mitchell,"https://static.www.nfl.com/image/private/f_auto,q_auto/league/sxsinmo8rt5l5nvublrn"
Carroll Dale,
Carson Palmer,"https://static.www.nfl.com/image/private/f_auto,q_auto/league/belgna3tokxga0gjjmwk"
Carson Steele,"https://static.www.nfl.com/image/upload/f_auto,q_auto/league/q6dciqten6frfdm1takb"
Carson Wentz,"https://static.www.nfl.com/image/upload/f_auto,q_auto/league/vuolixdvigc8axelug66"
Carver Shannon,
Carwell Gardner,"https://static.www.nfl.com/image/private/f_auto,q_auto/league/d6mefzqvbqnyqderapkr"
Cary Conklin,"https://static.www.nfl.com/image/private/f_auto,q_auto/league/qvbq9eydwu2oul0bry23"
Case Keenum,"https://static.www.nfl.com/image/upload/f_auto,q_auto/league/weixhyzal4ntsyszyepu"
Casey Weldon,"https://static.www.nfl.com/image/private/f_auto,q_auto/league/tvwz7qljivozzmydzmu5"
Cecil Collins,"https://static.www.nfl.com/image/private/f_auto,q_auto/league/jausxjeb3v2t7ozng3aq"
Cecil Martin,"https://static.www.nfl.com/image/private/f_auto,q_auto/league/v5jlaczxd8vpykygg3az"
Cecil Sapp,"https://static.www.nfl.com/image/private/f_auto,q_auto/league/tuqjmknw3iiuyvw6irav"
Cecil Shorts,"https://static.www.nfl.com/image/private/f_auto,q_auto/league/zdsyqinswn0k8664k9qs"
Cecil Turner,
Cedric Benson,"https://static.www.nfl.com/image/private/f_auto,q_auto/league/zylz83taoocxvkphhyru"
Cedric Cobbs,"https://static.www.nfl.com/image/private/f_auto,q_auto/league/wvtdkhupsabzkqmeyitl"
Cedric Houston,"https://static.www.nfl.com/image/private/f_auto,q_auto/league/xe5vgjtbyhxikyusalx6"
Cedric Jackson,"https://static.www.nfl.com/image/private/f_auto,q_auto/league/gb6j261w58fkqqlffynh"
Cedric Jones,"https://static.www.nfl.com/image/private/f_auto,q_auto/league/kk9zvv7mikxfeztfk6kq"
Cedric Minter,"https://static.www.nfl.com/image/private/f_auto,q_auto/league/jyxd8eobrnshaacfb8a0"
Cedric Peerman,"https://static.www.nfl.com/image/private/f_auto,q_auto/league/a2vztwdw7rtpl9q9hzds"
Cedric Smith,"https://static.www.nfl.com/image/private/f_auto,q_auto/league/vku1qxplolhugyvwdqwg"
Cedric Tillman,"https://static.www.nfl.com/image/upload/f_auto,q_auto/league/xust9v3gob1qqwhziugh"
Cedrick Wilson,"https://static.www.nfl.com/image/private/f_auto,q_auto/league/nocwjs6usj2ytmpblq6p"
Cedrick Wilson Jr.,"https://static.www.nfl.com/image/upload/f_auto,q_auto/league/esfxvl8f7kl9othclvl0"
CeeDee Lamb,"https://static.www.nfl.com/image/upload/f_auto,q_auto/league/mbblzwtynxr15ovzkevi"
Chad Hall,"https://static.www.nfl.com/image/private/f_auto,q_auto/league/ip86dsmrve29cjzqipkf"
Chad Henne,"https://static.www.nfl.com/image/private/f_auto,q_auto/league/ornr9pcnzveqlntqc7jx"
Chad Hutchinson,"https://static.www.nfl.com/image/private/f_auto,q_auto/league/owr2ulkwnwna0dp7yi3x"
Chad Jackson,"https://static.www.nfl.com/image/private/f_auto,q_auto/league/nxt0i9axkjpy9qqrzpiv"
Chad Johnson,"https://static.www.nfl.com/image/private/f_auto,q_auto/league/mgqjdvtaexisxrtayew2"
Chad Kelly,"https://static.www.nfl.com/image/private/f_auto,q_auto/league/vm3zbbbmm13xuipdkids"
Chad Levitt,"https://static.www.nfl.com/image/private/f_auto,q_auto/league/kq6vtmawlte3hynwme8o"
Chad Morton,"https://static.www.nfl.com/image/private/f_auto,q_auto/league/gusuhjnafaan2frip2qj"
Chad Pennington,"https://static.www.nfl.com/image/private/f_auto,q_auto/league/jnzw6ssk5byxcwugbr6x"
Chad Simpson,"https://static.www.nfl.com/image/private/f_auto,q_auto/league/gdyr9nmfkggnf6foqxen"
Chad Stanley,"https://static.www.nfl.com/image/private/f_auto,q_auto/league/ckmnclpehwmvguxlpfkn"
Chad Williams,"https://static.www.nfl.com/image/private/f_auto,q_auto/league/kzbc8yd4lmtr3npzai2w"
Champ Bailey,"https://static.www.nfl.com/image/private/f_auto,q_auto/league/nxtpe8xo54kxbkyabih6"
Champ Henson,"https://static.www.nfl.com/image/private/f_auto,q_auto/league/pdramhrcm4y1myxzrzkc"
Chansi Stuckey,"https://static.www.nfl.com/image/private/f_auto,q_auto/league/smitiykmbdjg63nwoizi"
Charcandrick West,"https://static.www.nfl.com/image/private/f_auto,q_auto/league/ccvw7oos9bzr4ojdiuac"
Charle Young,"https://static.www.nfl.com/image/private/f_auto,q_auto/league/jzxovblfenppxgfifcor"
Charles Alexander,"https://static.www.nfl.com/image/private/f_auto,q_auto/league/yitbmkbvblyb19jtrkhd"
Charles Clay,"https://static.www.nfl.com/image/private/f_auto,q_auto/league/gbfhfjn5cxtou5aazegt"
Charles Crawford,"https://static.www.nfl.com/image/private/f_auto,q_auto/league/mgz2mg8c3fmrhuwkczhz"
Charles Evans,
Charles Gladman,"https://static.www.nfl.com/image/private/f_auto,q_auto/league/bpbl78lflcqvhx9lbutf"
Charles Johnson,"https://static.www.nfl.com/image/private/f_auto,q_auto/league/ymhie4lk7pifrufdoy9w"
Charles Jordan,"https://static.www.nfl.com/image/private/f_auto,q_auto/league/hrkfklazca8kgduppobu"
Charles Lee,"https://static.www.nfl.com/image/private/f_auto,q_auto/league/hede66ml5hvu2adkamfz"
Charles Rogers,"https://static.www.nfl.com/image/private/f_auto,q_auto/league/mnjhc8caqeailo3dgec8"
Charles Sims,"https://static.www.nfl.com/image/private/f_auto,q_auto/league/w1yff81pb8rfp9sytx5l"
Charles Stackhouse,"https://static.www.nfl.com/image/private/f_auto,q_auto/league/fbzueezf9sx4rritlgee"
Charles Way,"https://static.www.nfl.com/image/private/f_auto,q_auto/league/g8yxh9aiyqxaueuslbmc"
Charles White,"https://static.www.nfl.com/image/private/f_auto,q_auto/league/nqtmdvvvyr0xu7t2rypf"
Charles Wilson,"https://static.www.nfl.com/image/private/f_auto,q_auto/league/kuuqkpnhuau8xdm718r3"
Charles Woodson,"https://static.www.nfl.com/image/private/f_auto,q_auto/league/gohbupnj3mhletq96zzu"
Charley Johnson,"https://static.www.nfl.com/image/private/f_auto,q_auto/league/yg2xwz7tamnbhcxjhdny"
Charley Taylor,"https://static.www.nfl.com/image/private/f_auto,q_auto/league/ii7rywjrtsizqsmm5nqu"
Charley Young,"https://static.www.nfl.com/image/private/f_auto,q_auto/league/j0dktlwoi2l9tjquvymo"
Charlie Adams,"https://static.www.nfl.com/image/private/f_auto,q_auto/league/u36athj3mdl3ka6lk2ve"
Charlie Batch,"https://static.www.nfl.com/image/private/f_auto,q_auto/league/isysgvqm3qaxybeyhece"
Charlie Bivins,
Charlie Brown,"https://static.www.nfl.com/image/private/f_auto,q_auto/league/vvwahlufdsozrn26w7ka"
Charlie Bryant,"https://static.www.nfl.com/image/private/f_auto,q_auto/league/kmdlyskllldzzk1spfvo"
Charlie Conerly,
Charlie Davis,"https://static.www.nfl.com/image/private/f_auto,q_auto/league/yb5punfybj3p48qt9gso"
Charlie Evans,"https://static.www.nfl.com/image/private/f_auto,q_auto/league/elmof3ynber3mduzhgb4"
Charlie Frye,"https://static.www.nfl.com/image/private/f_auto,q_auto/league/tzagnaxc5mk9gsgdfzch"
Charlie Garner,"https://static.www.nfl.com/image/private/f_auto,q_auto/league/i6vgoizxzlnf1ecxnzbq"
Charlie Harraway,
Charlie Joiner,"https://static.www.nfl.com/image/private/f_auto,q_auto/league/rvnwuud1omemquowcor7"
Charlie Jones,"https://static.www.nfl.com/image/upload/f_auto,q_auto/league/poy4ph18jx211xbe6ajt"
Charlie Killett,
Charlie Kolar,"https://static.www.nfl.com/image/upload/f_auto,q_auto/league/g75ws8vkqz9cqwifhcy7"
Charlie Leigh,"https://static.www.nfl.com/image/private/f_auto,q_auto/league/xlp4960nuywt4o5cufyw"
Charlie Pittman,
Charlie Sanders,"https://static.www.nfl.com/image/private/f_auto,q_auto/league/lx8khgic5evf987ldvpt"
Charlie Scales,
Charlie Smith,"https://static.www.nfl.com/image/private/f_auto,q_auto/league/bunerwba9wtkzszcnlmn"
Charlie Wade,"https://static.www.nfl.com/image/private/f_auto,q_auto/league/xvt9onumukt9gdxyolcp"
Charlie Waters,"https://static.www.nfl.com/image/private/f_auto,q_auto/league/ahbwrgd8qx4r2ifxg9xz"
Charlie White,"https://static.www.nfl.com/image/private/f_auto,q_auto/league/kpk8dx4meyyzvihpwj7d"
Charlie Whitehurst,"https://static.www.nfl.com/image/private/f_auto,q_auto/league/taj8zdymlqd9vscjitk0"
Chase Brown,"https://static.www.nfl.com/image/upload/f_auto,q_auto/league/tch3y6jlj7khvyi9jg0c"
Chase Claypool,"https://static.www.nfl.com/image/upload/f_auto,q_auto/league/intpee5tvgt6rhzxhquc"
Chase Daniel,"https://static.www.nfl.com/image/private/f_auto,q_auto/league/jt8fvgeyuhsbpo9m9t4x"
Chase Edmonds,"https://static.www.nfl.com/image/upload/f_auto,q_auto/league/nbnqxhjafvg2vg6lc2ls"
Chauncey Washington,"https://static.www.nfl.com/image/private/f_auto,q_auto/league/ga8hqpmjxx5gmxgb46c2"
Chaz Schilens,"https://static.www.nfl.com/image/private/f_auto,q_auto/league/wwqcdxs7wvbxeu749y0r"
Chester Rogers,"https://static.www.nfl.com/image/private/f_auto,q_auto/league/lkszsifhpwtjpvjvlxw5"
Chester Taylor,"https://static.www.nfl.com/image/private/f_auto,q_auto/league/ay2c42ghmrgmxqcdsmdi"
Chester Willis,"https://static.www.nfl.com/image/private/f_auto,q_auto/league/sgb0ezqjnygbwddz6s1c"
Chig Okonkwo,"https://static.www.nfl.com/image/upload/f_auto,q_auto/league/pzcez6pi9tpdqkmjjnzk"
Chimere Dike,"https://static.www.nfl.com/image/upload/f_auto,q_auto/league/cbcpv4931dqmgsu3anvo"
Chris Brewer,"https://static.www.nfl.com/image/private/f_auto,q_auto/league/ymypzski8kgpz2cnagpn"
Chris Brooks,"https://static.www.nfl.com/image/upload/f_auto,q_auto/league/ityat7ltppdxe9t0imjd"
Chris Brown,"https://static.www.nfl.com/image/private/f_auto,q_auto/league/h4qcaktzf1wa11jgc9zv"
Chris Burkett,"https://static.www.nfl.com/image/private/f_auto,q_auto/league/lw9pu8shduge0g6z8zde"
Chris Calloway,"https://static.www.nfl.com/image/private/f_auto,q_auto/league/zttcfvieeohnynyu4lpa"
Chris Carson,"https://static.www.nfl.com/image/private/f_auto,q_auto/league/zxjqunrgf4j8p2eg4xyl"
Chris Chambers,"https://static.www.nfl.com/image/private/f_auto,q_auto/league/gdsezycexvr0esyddrqf"
Chris Chandler,"https://static.www.nfl.com/image/private/f_auto,q_auto/league/yrkv7xnpwcfljbhpgz6w"
Chris Clemons,"https://static.www.nfl.com/image/private/f_auto,q_auto/league/iiodgd9qgyn4qhoythj9"
Chris Cole,"https://static.www.nfl.com/image/private/f_auto,q_auto/league/ssbf6sizrqt0hexxyjli"
Chris Collier,"https://static.www.nfl.com/image/upload/f_auto,q_auto/league/ljfhyvlszo4qs63fo4ow"
Chris Conley,"https://static.www.nfl.com/image/upload/f_auto,q_auto/league/mr4h7vx02uwpr7xlfk6y"
Chris Cooley,"https://static.www.nfl.com/image/private/f_auto,q_auto/league/fvuuyskqr5koylr0ebcc"
Chris Crocker,"https://static.www.nfl.com/image/private/f_auto,q_auto/league/pisfp6ftnv2jibnrnm6a"
Chris Davis,"https://static.www.nfl.com/image/private/f_auto,q_auto/league/yh7l3d0ehn7hbrktdwi3"
Chris Dressel,"https://static.www.nfl.com/image/private/f_auto,q_auto/league/yeaqgecblizp0nljeug8"
Chris Evans,"https://static.www.nfl.com/image/upload/f_auto,q_auto/league/r7f5vinm6aqdzxtjf4yx"
Chris Floyd,"https://static.www.nfl.com/image/private/f_auto,q_auto/league/r7gbgku7msbjrqcqbo0z"
Chris Fuamatu-Ma'afala,"https://static.www.nfl.com/image/private/f_auto,q_auto/league/g4qj5wnwrwfqzjzog3yk"
Chris Gannon,"https://static.www.nfl.com/image/private/f_auto,q_auto/league/yjizttexjmh0v4dukx6u"
Chris Gedney,"https://static.www.nfl.com/image/private/f_auto,q_auto/league/fawt4mqabakxxzhjo6dz"
Chris Givens,"https://static.www.nfl.com/image/private/f_auto,q_auto/league/crnbi2k4ju3dnvyftpau"
Chris Godwin,
Chris Godwin Jr.,"https://static.www.nfl.com/image/upload/f_auto,q_auto/league/ilkheljdx4hbjpisulke"
Chris Greisen,"https://static.www.nfl.com/image/private/f_auto,q_auto/league/tmjmwlhacslgjsest3mt"
Chris Gronkowski,"https://static.www.nfl.com/image/private/f_auto,q_auto/league/yeozslpudsqn42irkcen"
Chris Hanson,"https://static.www.nfl.com/image/private/f_auto,q_auto/league/tk0pr4kpvdiph4quruuf"
Chris Henry,"https://static.www.nfl.com/image/private/f_auto,q_auto/league/wv7yhfbi3c2cbepff3rg"
Chris Hetherington,"https://static.www.nfl.com/image/private/f_auto,q_auto/league/na19cxqwjrdruhs2ysep"
Chris Hogan,"https://static.www.nfl.com/image/private/f_auto,q_auto/league/fmpqnciwjqicsjzy63mc"
Chris Horn,"https://static.www.nfl.com/image/private/f_auto,q_auto/league/r0d3gaqzqqw3bfucjlrv"
Chris Howard,"https://static.www.nfl.com/image/private/f_auto,q_auto/league/jzipeoi6fg8c3elhnkan"
Chris Ivory,"https://static.www.nfl.com/image/private/f_auto,q_auto/league/wuhrkffigvt55hcqd4yw"
Chris Jennings,"https://static.www.nfl.com/image/private/f_auto,q_auto/league/immfrf26b7jpol1jblsz"
Chris Johnson,"https://static.www.nfl.com/image/private/f_auto,q_auto/league/ryf9nc84eovvdbf0cz79"
Chris Jones,"https://static.www.nfl.com/image/upload/f_auto,q_auto/league/oxaqzhq5bvdoqfcvgy3g"
Chris Kluwe,"https://static.www.nfl.com/image/private/f_auto,q_auto/league/h6geox2bfvpftj5whjge"
Chris Maragos,"https://static.www.nfl.com/image/private/f_auto,q_auto/league/pojk8qu8tparbcu35qxo"
Chris Massey,"https://static.www.nfl.com/image/private/f_auto,q_auto/league/drz7v5cb7kgkpoe5ha8l"
Chris Miller,"https://static.www.nfl.com/image/private/f_auto,q_auto/league/ppxeyf80pzb4fjqz3i46"
Chris Mohr,"https://static.www.nfl.com/image/private/f_auto,q_auto/league/q3zrf7ahoxnmphscv7cy"
Chris Moore,"https://static.www.nfl.com/image/upload/f_auto,q_auto/league/o0s29hnpztyxqotqdx8h"
Chris Norman,"https://static.www.nfl.com/image/private/f_auto,q_auto/league/xmklt6zj8uj7ow5bhhyy"
Chris Ogbonnaya,"https://static.www.nfl.com/image/private/f_auto,q_auto/league/asbf4eskpit7fggsiazo"
Chris Oladokun,"https://static.www.nfl.com/image/upload/f_auto,q_auto/league/zlcmvcyi6laaklmjv1j2"
Chris Olave,"https://static.www.nfl.com/image/upload/f_auto,q_auto/league/onmxufsprtvglhejg94o"
Chris Penn,"https://static.www.nfl.com/image/private/f_auto,q_auto/league/uopvhqndictxcq13ojfy"
Chris Perry,"https://static.www.nfl.com/image/private/f_auto,q_auto/league/rfnary1kpd4vpp5q8x9s"
Chris Polk,"https://static.www.nfl.com/image/private/f_auto,q_auto/league/yuwqhwdnbrd2ie34zxz8"
Chris Pressley,"https://static.www.nfl.com/image/private/f_auto,q_auto/league/yhlckhtcfgzrfdzd3nib"
Chris Prosinski,"https://static.www.nfl.com/image/private/f_auto,q_auto/league/i33hoobrfihsekxbvsew"
Chris Rainey,"https://static.www.nfl.com/image/private/f_auto,q_auto/league/jhezdyvrfaxztxts3fty"
Chris Redman,"https://static.www.nfl.com/image/private/f_auto,q_auto/league/slil2r5ubipg0eu3l3ae"
Chris Rodriguez Jr.,"https://static.www.nfl.com/image/upload/f_auto,q_auto/league/pknd5uajvpvfd8c744im"
Chris Samuels,"https://static.www.nfl.com/image/private/f_auto,q_auto/league/z7qpyt9i11mv3arqfofd"
Chris Sanders,"https://static.www.nfl.com/image/private/f_auto,q_auto/league/zrcqcc9sv8cxe94rrsjw"
Chris Simms,"https://static.www.nfl.com/image/private/f_auto,q_auto/league/w518cn63vg4detgszuzp"
Chris Smith,"https://static.www.nfl.com/image/private/f_auto,q_auto/league/scuk45wbxcq12c8u4hxb"
Chris Streveler,"https://static.www.nfl.com/image/private/f_auto,q_auto/league/epyvfplm9neqqvzsj2q8"
Chris Taylor,"https://static.www.nfl.com/image/private/f_auto,q_auto/league/eyibxx4exktzfm5xr0ad"
Chris Thompson,"https://static.www.nfl.com/image/private/f_auto,q_auto/league/ypyldro2efcy5jcrytft"
Chris Warren,"https://static.www.nfl.com/image/private/f_auto,q_auto/league/vm5wme4wxfmaz4otdx4o"
Chris Weinke,"https://static.www.nfl.com/image/private/f_auto,q_auto/league/vxvuxyebud8nijct31u3"
Chris Williams,"https://static.www.nfl.com/image/upload/f_auto,q_auto/league/vznnciqhfciaxujb2a8i"
Christian Kirk,"https://static.www.nfl.com/image/upload/f_auto,q_auto/league/ffp75mtwnqgrv0qz0txz"
Christian McCaffrey,"https://static.www.nfl.com/image/upload/f_auto,q_auto/league/st82s2ytyzanatcmkqck"
Christian Okoye,"https://static.www.nfl.com/image/private/f_auto,q_auto/league/bhkq33vthswayyygjrx9"
Christian Ponder,"https://static.www.nfl.com/image/private/f_auto,q_auto/league/zbs6aql0ucbsqdrclqrs"
Christian Watson,"https://static.www.nfl.com/image/upload/f_auto,q_auto/league/tumeg4d32sirkab2xzu5"
Christine Michael,"https://static.www.nfl.com/image/private/f_auto,q_auto/league/qlysbozgkexeoohnqrvz"
Chuba Hubbard,"https://static.www.nfl.com/image/upload/f_auto,q_auto/league/rzsvnt0pxsaize2ndhxm"
Chuck Banks,"https://static.www.nfl.com/image/private/f_auto,q_auto/league/cjupu9r0bjc5wtkipdtq"
Chuck Clements,"https://static.www.nfl.com/image/private/f_auto,q_auto/league/hg39xatz1vouhpylamzf"
Chuck Dicus,
Chuck Foreman,"https://static.www.nfl.com/image/private/f_auto,q_auto/league/a3h17dlr4bau5y8gdnqi"
Chuck Fusina,"https://static.www.nfl.com/image/private/f_auto,q_auto/league/orae1kznn5sm43irzrnp"
Chuck Latourette,
Chuck Levy,"https://static.www.nfl.com/image/private/f_auto,q_auto/league/zmrbk2iskbqaqssyokv5"
Chuck Long,"https://static.www.nfl.com/image/private/f_auto,q_auto/league/v0dburnmc8qsown5ylbc"
Chuck McSwain,"https://static.www.nfl.com/image/private/f_auto,q_auto/league/oztzersmbj4q3qwdhpcc"
Chuck Mercein,
Chuck Muncie,"https://static.www.nfl.com/image/private/f_auto,q_auto/league/mpmj684cfreiqk9vmxzi"
Chuck Ramsey,"https://static.www.nfl.com/image/private/f_auto,q_auto/league/wjthxpkta5ifnjxtdeon"
Chuck Sanders,"https://static.www.nfl.com/image/private/f_auto,q_auto/league/xkmq4y1ov27qjtififjm"
Ciatrick Fason,"https://static.www.nfl.com/image/private/f_auto,q_auto/league/r9cqa5v5vgmeu7nuldgn"
Cid Edwards,"https://static.www.nfl.com/image/private/f_auto,q_auto/league/kj1zkswy7yvmjybptdyd"
Cierre Wood,"https://static.www.nfl.com/image/private/f_auto,q_auto/league/m3yfsak9gf6s9ioab39h"
Clancy Williams,
Clarence Bailey,"https://static.www.nfl.com/image/private/f_auto,q_auto/league/zvjql6pkflhvirwsyt0o"
Clarence Childs,
Clarence Davis,"https://static.www.nfl.com/image/private/f_auto,q_auto/league/oilat264tlkwlqn0chpz"
Clarence Harmon,"https://static.www.nfl.com/image/private/f_auto,q_auto/league/nwy1f4cumhbwyhmhxrxm"
Clarence Hawkins,"https://static.www.nfl.com/image/private/f_auto,q_auto/league/s0keh7kamglfnn5hn44g"
Clarence Peaks,
Clarence Verdin,"https://static.www.nfl.com/image/private/f_auto,q_auto/league/dweh63atieg63v9dnxbz"
Clarence Weathers,"https://static.www.nfl.com/image/private/f_auto,q_auto/league/jzb6xucn8dwwjcbbohg6"
Clarence Williams,"https://static.www.nfl.com/image/private/f_auto,q_auto/league/vyvv5uxqjvwvvyydvs2s"
Clark Gaines,"https://static.www.nfl.com/image/private/f_auto,q_auto/league/hx0hxm56i6nq7nzxaqjl"
Claudis James,
Claxton Welch,
Clayton Fejedelem,"https://static.www.nfl.com/image/private/f_auto,q_auto/league/mlxzah8tensxhgwc7z3x"
Clayton Tune,"https://static.www.nfl.com/image/upload/f_auto,q_auto/league/qf8khbyllgjzfyqd3yuz"
Clem Daniels,
Clem Turner,
Clendon Thomas,
Cleo Lemon,"https://static.www.nfl.com/image/private/f_auto,q_auto/league/aod0obzhjjdrvqpqgsum"
Cleo Miller,"https://static.www.nfl.com/image/private/f_auto,q_auto/league/bofv94j0ollo9oqp8gt4"
Cleo Montgomery,"https://static.www.nfl.com/image/private/f_auto,q_auto/league/xsm3trvhar2oev9swayk"
Cleve Wester,"https://static.www.nfl.com/image/private/f_auto,q_auto/league/hazv9ukrvgkmyx20kio5"
Cleveland Franklin,"https://static.www.nfl.com/image/private/f_auto,q_auto/league/bu3aizkmzfr116blp4za"
Cleveland Gary,"https://static.www.nfl.com/image/private/f_auto,q_auto/league/exyvghdj2ppjh7mr9e1l"
Clif Groce,"https://static.www.nfl.com/image/private/f_auto,q_auto/league/b9tuknosag4lebyuqtgy"
Cliff Austin,"https://static.www.nfl.com/image/private/f_auto,q_auto/league/besikxbcnvhdnbb7zyhe"
Cliff Benson,"https://static.www.nfl.com/image/private/f_auto,q_auto/league/ku4ztunxndzffwhmpbc8"
Cliff Branch,"https://static.www.nfl.com/image/private/f_auto,q_auto/league/ldgr9ahzhwqvujkxtsxi"
Cliff Chatman,"https://static.www.nfl.com/image/private/f_auto,q_auto/league/mxtybbildejrtafizziq"
Cliff McClain,
Cliff Olander,"https://static.www.nfl.com/image/private/f_auto,q_auto/league/yg2adbkvexc1jr0xe7vv"
Cliff Russell,"https://static.www.nfl.com/image/private/f_auto,q_auto/league/ggwmhmghtn5rrzadmyzy"
Cliff Stoudt,"https://static.www.nfl.com/image/private/f_auto,q_auto/league/lhkeihzoy2tletzrlfn9"
Cliff Taylor,"https://static.www.nfl.com/image/private/f_auto,q_auto/league/h6nbstdpabl9qdask8n4"
Clifton McNeil,
Clifton Smith,"https://static.www.nfl.com/image/private/f_auto,q_auto/league/avl76b2ddrfggxriybke"
Clint Jones,
Clint Longley,"https://static.www.nfl.com/image/private/f_auto,q_auto/league/qpt2zsa70sfljwqdlavl"
Clint Stoerner,"https://static.www.nfl.com/image/private/f_auto,q_auto/league/ltypnq9otpteo5qqwg4i"
Clinton Portis,"https://static.www.nfl.com/image/private/f_auto,q_auto/league/nuj4tdazwyxp6cfhac7h"
Clyde Edwards-Helaire,"https://static.www.nfl.com/image/upload/f_auto,q_auto/league/er6tfnyxampiwn74zrui"
Clyde Gates,"https://static.www.nfl.com/image/private/f_auto,q_auto/league/z5scsuahpatlxg9kykgt"
Coby Fleener,"https://static.www.nfl.com/image/private/f_auto,q_auto/league/csj8khi0e2rpkvqqjmc1"
Cody Carlson,"https://static.www.nfl.com/image/private/f_auto,q_auto/league/zqe8bpj3sz3gj7xmlurz"
Cody Kessler,"https://static.www.nfl.com/image/private/f_auto,q_auto/league/gkvutiyutml2atftmu09"
Cody Latimer,"https://static.www.nfl.com/image/private/f_auto,q_auto/league/whgchcrp9pqx0waocewu"
Cody Pickett,"https://static.www.nfl.com/image/private/f_auto,q_auto/league/wxgg1ppgzum8llkt9fad"
Cody Schrader,"https://static.www.nfl.com/image/upload/f_auto,q_auto/league/snrwsjepuvkatdjjokp8"
Cole Beasley,"https://static.www.nfl.com/image/private/f_auto,q_auto/league/y5r0fhwctl6ljwvmktvu"
Cole Kmet,"https://static.www.nfl.com/image/upload/f_auto,q_auto/league/ysnui8mzlu2fo70ub0yt"
Coleman Zeno,
Colin Jones,"https://static.www.nfl.com/image/private/f_auto,q_auto/league/gtpcd4mvricoawwynceu"
Colin Kaepernick,"https://static.www.nfl.com/image/private/f_auto,q_auto/league/qgwfhbsrryni5fcxbl6a"
Collin Mooney,"https://static.www.nfl.com/image/private/f_auto,q_auto/league/scivmrrlmtunlsbun22w"
Colston Loveland,"https://static.www.nfl.com/image/upload/f_auto,q_auto/league/cnxiyi76jeahgx94nh6d"
Colt Anderson,"https://static.www.nfl.com/image/private/f_auto,q_auto/league/rknpd9m4mm4aflc5k6ff"
Colt McCoy,"https://static.www.nfl.com/image/private/f_auto,q_auto/league/jqdwuhtcovhdnqno0mhg"
Colton Schmidt,"https://static.www.nfl.com/image/private/f_auto,q_auto/league/ljknmshvxkk85fkaq8ar"
Connor Heyward,"https://static.www.nfl.com/image/upload/f_auto,q_auto/league/nbbhxtutzvbj0ejljyyp"
Connor Shaw,"https://static.www.nfl.com/image/private/f_auto,q_auto/league/wni9fjikvlbolbnhmcbw"
Cooper Kupp,"https://static.www.nfl.com/image/upload/f_auto,q_auto/league/kjixprihktsfog6wx9sq"
Cooper Rush,"https://static.www.nfl.com/image/upload/f_auto,q_auto/league/mwrtykpswz7nbfisqlmj"
Cordarrelle Patterson,"https://static.www.nfl.com/image/upload/f_auto,q_auto/league/jktdrwmujfuqp94csnav"
Corey Bojorquez,"https://static.www.nfl.com/image/private/f_auto,q_auto/league/eiuli9dmspe6d4cwwa00"
Corey Bradford,"https://static.www.nfl.com/image/private/f_auto,q_auto/league/nm3dgcfd1c0vrf3ajpmw"
Corey Brown,"https://static.www.nfl.com/image/private/f_auto,q_auto/league/lgk5rlkpxd0vw28nhrrq"
Corey Clement,"https://static.www.nfl.com/image/private/f_auto,q_auto/league/rrbdxl0frmnyr1qcgexd"
Corey Coleman,"https://static.www.nfl.com/image/private/f_auto,q_auto/league/yawvrg2sh7ryru2z2kwe"
Corey Croom,"https://static.www.nfl.com/image/private/f_auto,q_auto/league/rkdlae2eaejbzzlvhubf"
Corey Davis,"https://static.www.nfl.com/image/private/f_auto,q_auto/league/hr0uv4ai1zhkn7nof2a2"
Corey Dillon,"https://static.www.nfl.com/image/private/f_auto,q_auto/league/fkbrkwz0nztu20g3ljde"
Corey Grant,"https://static.www.nfl.com/image/private/f_auto,q_auto/league/gj5yoyyx8nulm8ss037t"
Corey Kiner,"https://static.www.nfl.com/image/upload/f_auto,q_auto/league/tpnamrgzfbytwlzhhyf8"
Corey McIntyre,"https://static.www.nfl.com/image/private/f_auto,q_auto/league/ovijvmrmt333plngqjsc"
Corey Walker,"https://static.www.nfl.com/image/private/f_auto,q_auto/league/vtvvzspspqb2rmwlo6jb"
Correll Buckhalter,"https://static.www.nfl.com/image/private/f_auto,q_auto/league/p4vivjprh7wfmr6powdk"
Cory Ross,"https://static.www.nfl.com/image/private/f_auto,q_auto/league/rrhjbdmvfqphbdcu6nr9"
Cory Sauter,"https://static.www.nfl.com/image/private/f_auto,q_auto/league/nh16y9ssyil8o6ohhpxs"
Cory Schlesinger,"https://static.www.nfl.com/image/private/f_auto,q_auto/league/fkm7gvy2gxogjiw1j9o7"
Cotton Speyrer,"https://static.www.nfl.com/image/private/f_auto,q_auto/league/m52ktjb3c7nvbtnp4kli"
Courtland Sutton,"https://static.www.nfl.com/image/upload/f_auto,q_auto/league/kqwmqcrlrwmqcvfuguhs"
Courtney Hawkins,"https://static.www.nfl.com/image/private/f_auto,q_auto/league/utgzfxhrl49iw2likcot"
Courtney Roby,"https://static.www.nfl.com/image/private/f_auto,q_auto/league/bu4xwrlfflxgdxz1ervu"
Craig Baynham,
Craig Colquitt,"https://static.www.nfl.com/image/private/f_auto,q_auto/league/qhwxlhrhmdm9az70cynz"
Craig Dahl,"https://static.www.nfl.com/image/private/f_auto,q_auto/league/ikx6ey1gv9nbfwwpzq31"
Craig Davis,"https://static.www.nfl.com/image/private/f_auto,q_auto/league/xsch6mtrqbeadp7e6nw9"
Craig Ellis,"https://static.www.nfl.com/image/private/f_auto,q_auto/league/vf92lr3mtwxgnuqt6lry"
Craig Erickson,"https://static.www.nfl.com/image/private/f_auto,q_auto/league/im5vivd8jjrofw9iwswn"
Craig Hentrich,"https://static.www.nfl.com/image/private/f_auto,q_auto/league/yi7vmomfipszmzkaapds"
Craig Heyward,"https://static.www.nfl.com/image/private/f_auto,q_auto/league/z3nbkg7umsrmbsjlenwc"
Craig James,"https://static.www.nfl.com/image/private/f_auto,q_auto/league/fareq05djtkfjiqlkscr"
Craig Krenzel,"https://static.www.nfl.com/image/private/f_auto,q_auto/league/qhzxwubnl7x0yts6d5no"
Craig Kupp,"https://static.www.nfl.com/image/private/f_auto,q_auto/league/kcvneihmknoqng0guhsg"
Craig Morton,"https://static.www.nfl.com/image/private/f_auto,q_auto/league/l6oeiikjiactlghgkf6o"
Craig Nall,"https://static.www.nfl.com/image/private/f_auto,q_auto/league/jdnc4zi1r6b0r9ksd0kq"
Craig Penrose,"https://static.www.nfl.com/image/private/f_auto,q_auto/league/vmpeojoc8ejd0lhxv4oh"
Craig Reynolds,"https://static.www.nfl.com/image/upload/f_auto,q_auto/league/f5zuttg3hinfqgronrsg"
Craig Taylor,"https://static.www.nfl.com/image/private/f_auto,q_auto/league/k4nv0rg2lty1pjvfx108"
Craig Whelihan,"https://static.www.nfl.com/image/private/f_auto,q_auto/league/no123axcwoni3gmbxa4d"
Craig Yeast,"https://static.www.nfl.com/image/private/f_auto,q_auto/league/gzsxkfc5egpzzewrzcun"
Cris Carter,"https://static.www.nfl.com/image/private/f_auto,q_auto/league/tb52fk83tmdpmbzwliuk"
Cris Collinsworth,"https://static.www.nfl.com/image/private/f_auto,q_auto/league/fim4z7r60ne7auyeivr4"
Cullen Bryant,"https://static.www.nfl.com/image/private/f_auto,q_auto/league/mdok1lltawqo9jylcyyq"
Curt Warner,"https://static.www.nfl.com/image/private/f_auto,q_auto/league/ixigsctdlqxfp14edflm"
Curtis Adams,"https://static.www.nfl.com/image/private/f_auto,q_auto/league/m4vkaojzdmqtiwzddb9q"
Curtis Bledsoe,"https://static.www.nfl.com/image/private/f_auto,q_auto/league/mklck2x2hiljzeufjxhd"
Curtis Brinkley,"https://static.www.nfl.com/image/private/f_auto,q_auto/league/dcncivwannanufjddkdu"
Curtis Brown,"https://static.www.nfl.com/image/private/f_auto,q_auto/league/y2qgdytosjr9s6a0zg8s"
Curtis Conway,"https://static.www.nfl.com/image/private/f_auto,q_auto/league/xi2qseh2pqknw9xseuhw"
Curtis Dickey,"https://static.www.nfl.com/image/private/f_auto,q_auto/league/e9wmuxaybikgvjnjgtik"
Curtis Duncan,"https://static.www.nfl.com/image/private/f_auto,q_auto/league/plxlckyr5yijvsujugtr"
Curtis Enis,"https://static.www.nfl.com/image/private/f_auto,q_auto/league/njqff7inehiv5pryf5pi"
Curtis Keaton,"https://static.www.nfl.com/image/private/f_auto,q_auto/league/dvqbi5kkyp26iw0or6o2"
Curtis Marsh,"https://static.www.nfl.com/image/private/f_auto,q_auto/league/qqkomd4vv1ugsockgcln"
Curtis Martin,"https://static.www.nfl.com/image/private/f_auto,q_auto/league/ikb6en50ga5g4wc8oekd"
Curtis Painter,"https://static.www.nfl.com/image/private/f_auto,q_auto/league/c4ukkuonh3ol8o7dc25y"
Curtis Samuel,"https://static.www.nfl.com/image/upload/f_auto,q_auto/league/vyibrxegz375ntjby5zs"
Curvin Richards,"https://static.www.nfl.com/image/private/f_auto,q_auto/league/re8r5v40rvjpm4z5nlql"
Cyril Grayson,"https://static.www.nfl.com/image/private/f_auto,q_auto/league/klv5np9csnnm6p6zpkcs"
Cyril Pinder,
Cyrus Gray,"https://static.www.nfl.com/image/private/f_auto,q_auto/league/vhsbeenxltrsykgsd2xb"
D'Andre Swift,"https://static.www.nfl.com/image/upload/f_auto,q_auto/league/owpmwzoilitcodc6cmxo"
D'Ernest Johnson,"https://static.www.nfl.com/image/upload/f_auto,q_auto/league/gbe2eojaxid4n3pmo0rj"
D'Onta Foreman,"https://static.www.nfl.com/image/upload/f_auto,q_auto/league/shlxaet74pmn8arznphw"
D'Wayne Bates,"https://static.www.nfl.com/image/private/f_auto,q_auto/league/vjprsnrzpipv7jrk8j96"
D.J. Dozier,"https://static.www.nfl.com/image/private/f_auto,q_auto/league/sj6ktujeel8bdumm4edx"
D.J. Foster,"https://static.www.nfl.com/image/private/f_auto,q_auto/league/jjizp7deudsht2dqmzvq"
D.J. Moore,"https://static.www.nfl.com/image/private/f_auto,q_auto/league/qqwugxxnxe62smcbibwg"
D.K. Metcalf,
DJ Chark,"https://static.www.nfl.com/image/upload/f_auto,q_auto/league/skuieceh50r31ulwpo5s"
DJ Giddens,"https://static.www.nfl.com/image/upload/f_auto,q_auto/league/y2vrgvb9kbvfpmyb3yzu"
DJ Moore,"https://static.www.nfl.com/image/upload/f_auto,q_auto/league/lsavpxtqoqu25emwcnvy"
DJ Turner,"https://static.www.nfl.com/image/upload/f_auto,q_auto/league/os5eurhh1y45sixa8phl"
DK Metcalf,"https://static.www.nfl.com/image/upload/f_auto,q_auto/league/kxql4sjfelubhxawu2zh"
Da'Mari Scott,"https://static.www.nfl.com/image/private/f_auto,q_auto/league/nebin0nevleumqvsk0fu"
Da'Rel Scott,"https://static.www.nfl.com/image/private/f_auto,q_auto/league/mvopxdgumla0ypn7yisg"
Da'Rick Rogers,"https://static.www.nfl.com/image/private/f_auto,q_auto/league/hl9v7ytdq0nrpy0nzea0"
Daimon Shelton,"https://static.www.nfl.com/image/private/f_auto,q_auto/league/xdc22edgyrj8e3nnff1y"
Dak Prescott,"https://static.www.nfl.com/image/upload/f_auto,q_auto/league/yvscmqq1qki8zfsemmcd"
Dale Carter,"https://static.www.nfl.com/image/private/f_auto,q_auto/league/p0lamz2eofttqjhqvcva"
Dale Hatcher,"https://static.www.nfl.com/image/private/f_auto,q_auto/league/a29pj7wsjnqhtbndj5c9"
Dale Livingston,
Dale Messer,
Dallas Clark,"https://static.www.nfl.com/image/private/f_auto,q_auto/league/oqhmamvx6w1aetfoalpw"
Dallas Goedert,"https://static.www.nfl.com/image/upload/f_auto,q_auto/league/bafepstxu7vvxb9v5vua"
Dallin Leavitt,"https://static.www.nfl.com/image/private/f_auto,q_auto/league/puozg5rjuz6vf3cudgx5"
Dalton Hilliard,"https://static.www.nfl.com/image/private/f_auto,q_auto/league/tnuburatvvej9fh2d10f"
Dalvin Cook,"https://static.www.nfl.com/image/upload/f_auto,q_auto/league/uurolop9ktcloxqh4fid"
Dalyn Dawkins,"https://static.www.nfl.com/image/private/f_auto,q_auto/league/loz7fcvw2grvnn9zplud"
Damarea Crockett,"https://static.www.nfl.com/image/private/f_auto,q_auto/league/bhihbxc1ert3qwrlyx7t"
Damaris Johnson,"https://static.www.nfl.com/image/private/f_auto,q_auto/league/fbcf86kaohvtyvoz2t0y"
Dameon Pierce,"https://static.www.nfl.com/image/upload/f_auto,q_auto/league/oai3defivyfyofxxh4ux"
Dameyune Craig,"https://static.www.nfl.com/image/private/f_auto,q_auto/league/px34d4jf9tw1e32fkw4l"
Damian Williams,"https://static.www.nfl.com/image/private/f_auto,q_auto/league/xpwxm5fu6ywk9mpxzamm"
Damien Anderson,"https://static.www.nfl.com/image/private/f_auto,q_auto/league/hzf1euye460niokyshx5"
Damien Harris,"https://static.www.nfl.com/image/private/f_auto,q_auto/league/s0cagglk6qh9ciuddjmu"
Damien Nash,"https://static.www.nfl.com/image/private/f_auto,q_auto/league/sizgsvjjvxqzaenbag67"
Damien Williams,"https://static.www.nfl.com/image/private/f_auto,q_auto/league/ga4vusnfwfvhp2ksqw7x"
Damiere Byrd,"https://static.www.nfl.com/image/private/f_auto,q_auto/league/cskulleqxehtrgkqsl3u"
Damon Gibson,"https://static.www.nfl.com/image/private/f_auto,q_auto/league/q5htjj90zt3yubdxfugl"
Damon Huard,"https://static.www.nfl.com/image/private/f_auto,q_auto/league/xertseiinipmodedwo4b"
Damon Washington,"https://static.www.nfl.com/image/private/f_auto,q_auto/league/dopywzw6xrw1spidqqmk"
Dan Darragh,
Dan Doornink,"https://static.www.nfl.com/image/private/f_auto,q_auto/league/h3ruav3buu8wlsdjjovm"
Dan Fouts,"https://static.www.nfl.com/image/private/f_auto,q_auto/league/jubsyezxh2cl5gzo4dow"
Dan Herron,"https://static.www.nfl.com/image/private/f_auto,q_auto/league/vdxm5ggdcokhzn1yfnza"
Dan Klecko,"https://static.www.nfl.com/image/private/f_auto,q_auto/league/l8f72ct2lihcafibxr8q"
Dan Kreider,"https://static.www.nfl.com/image/private/f_auto,q_auto/league/dmxuhoow7t3vwvc6ahdj"
Dan Land,"https://static.www.nfl.com/image/private/f_auto,q_auto/league/csqwwdbggxfb7kh0uwbu"
Dan Lewis,
Dan Manucci,"https://static.www.nfl.com/image/private/f_auto,q_auto/league/jot949cryyg8md5op1d9"
Dan Marino,"https://static.www.nfl.com/image/private/f_auto,q_auto/league/jk97vzadmthvdyu8mbr2"
Dan McGwire,"https://static.www.nfl.com/image/private/f_auto,q_auto/league/kuculoenhcm9ytzfa6g9"
Dan Melville,"https://static.www.nfl.com/image/private/f_auto,q_auto/league/d4hno9xaxkyjyl7ou8dj"
Dan Neal,"https://static.www.nfl.com/image/private/f_auto,q_auto/league/ihjq9umens3szwrdmf0c"
Dan Orlovsky,"https://static.www.nfl.com/image/private/f_auto,q_auto/league/vr8juuraecwssjnviglf"
Dan Pastorini,"https://static.www.nfl.com/image/private/f_auto,q_auto/league/mu1zq5rtlvvdlaeb4sfa"
Dan Reeder,"https://static.www.nfl.com/image/private/f_auto,q_auto/league/nskkeere3eacxgwrjjvv"
Dan Reeves,
Dan Rice,"https://static.www.nfl.com/image/private/f_auto,q_auto/league/xkl3z2tr3ynbgmmncbv4"
Dan Stryzinski,"https://static.www.nfl.com/image/private/f_auto,q_auto/league/c7i9oicqgtjauvncuseo"
Dana Brinson,"https://static.www.nfl.com/image/private/f_auto,q_auto/league/bfosivqmrts4cei9nqxm"
Dana Wright,"https://static.www.nfl.com/image/private/f_auto,q_auto/league/xti3pregz1wuz6guaquw"
Danan Hughes,"https://static.www.nfl.com/image/private/f_auto,q_auto/league/lwv7un988uwapema7sye"
Dane Belton,"https://static.www.nfl.com/image/upload/f_auto,q_auto/league/iiss6ltg2ajuabrisoqw"
Dane Looker,"https://static.www.nfl.com/image/private/f_auto,q_auto/league/yaekv9wmvkduhdzsvdrb"
Dane Sanzenbacher,"https://static.www.nfl.com/image/private/f_auto,q_auto/league/jwt2ofzidwm2tuvh2fem"
Daniel Bellinger,"https://static.www.nfl.com/image/upload/f_auto,q_auto/league/nvabdu88h2cvroeygabo"
Daniel Jones,"https://static.www.nfl.com/image/upload/f_auto,q_auto/league/ohvvctuykzwrpqer7xgl"
Daniel Lasco,"https://static.www.nfl.com/image/private/f_auto,q_auto/league/bqwslkxtdxyq5cihdvas"
Daniel Pope,"https://static.www.nfl.com/image/private/f_auto,q_auto/league/keg1uctegzir7fldxtgn"
Daniel Thomas,"https://static.www.nfl.com/image/private/f_auto,q_auto/league/vskzvdncbtm9dn5orl50"
Danny Abramowicz,"https://static.www.nfl.com/image/private/f_auto,q_auto/league/njn7ibtbvpkrkvwwclhe"
Danny Amendola,"https://static.www.nfl.com/image/private/f_auto,q_auto/league/etz06w7s0ardf49mnayz"
Danny Buggs,"https://static.www.nfl.com/image/private/f_auto,q_auto/league/bdw2fpbbib3qxzjbk0ft"
Danny Gray,"https://static.www.nfl.com/image/upload/f_auto,q_auto/league/qu9ojb3kaf3rhjotlycy"
Danny Kanell,"https://static.www.nfl.com/image/private/f_auto,q_auto/league/xfagnwy90alhzdypsnn4"
Danny McCray,"https://static.www.nfl.com/image/private/f_auto,q_auto/league/v9sdrp20tlu0pyikb2gy"
Danny Peebles,"https://static.www.nfl.com/image/private/f_auto,q_auto/league/hoscvjzluyraaeh3wsou"
Danny Pierce,
Danny Pittman,"https://static.www.nfl.com/image/private/f_auto,q_auto/league/shksqdtvao3vtitehust"
Danny Villanueva,
Danny Vitale,"https://static.www.nfl.com/image/private/f_auto,q_auto/league/x9z1hqodjhb8dio4dr1w"
Danny Ware,
Danny White,"https://static.www.nfl.com/image/private/f_auto,q_auto/league/z0qceljtywyvmj2z0jis"
Danny Woodhead,"https://static.www.nfl.com/image/private/f_auto,q_auto/league/gorlqe0etvc8ek5wob7j"
Danny Wuerffel,"https://static.www.nfl.com/image/private/f_auto,q_auto/league/uitgt9ptnhl2c0bxmwow"
Dante Brown,"https://static.www.nfl.com/image/private/f_auto,q_auto/league/g8fuzdugnw58vwrwshtz"
Dante Hall,"https://static.www.nfl.com/image/private/f_auto,q_auto/league/kbnhi4dslz0xvp9iwz2y"
Dante Pettis,"https://static.www.nfl.com/image/upload/f_auto,q_auto/league/xz70t2ahl2ak2q9mqtia"
Dante Rosario,"https://static.www.nfl.com/image/private/f_auto,q_auto/league/soq9rrcsvdsvwygnz7ih"
Dantrell Savage,"https://static.www.nfl.com/image/private/f_auto,q_auto/league/udkwnazm3xfoiwd0htzo"
Dare Ogunbowale,"https://static.www.nfl.com/image/upload/f_auto,q_auto/league/bsm0k0jkytuiej2riudv"
Darian Barnes,"https://static.www.nfl.com/image/private/f_auto,q_auto/league/qwmwkpw9tzczuimdxgd2"
Darian Thompson,"https://static.www.nfl.com/image/private/f_auto,q_auto/league/nfzpwopmrdccg8or1hj4"
Darick Holmes,"https://static.www.nfl.com/image/private/f_auto,q_auto/league/vv7dn6gmzzeigsukz8am"
Darius Jennings,"https://static.www.nfl.com/image/private/f_auto,q_auto/league/a5hbv77h2qaienl37ptf"
Darius Reynaud,"https://static.www.nfl.com/image/private/f_auto,q_auto/league/wjqan177hlgxynua9yxo"
Darius Slayton,"https://static.www.nfl.com/image/upload/f_auto,q_auto/league/otksyfjll5waf0vsczeu"
Darius Walker,"https://static.www.nfl.com/image/private/f_auto,q_auto/league/mscahsqlxn9orcs7whsp"
Darius Watts,"https://static.www.nfl.com/image/private/f_auto,q_auto/league/amk2z6ocbrcmfglcwiur"
Darnay Scott,"https://static.www.nfl.com/image/private/f_auto,q_auto/league/parvdthv81x0j4z6jlb6"
Darnell Autry,"https://static.www.nfl.com/image/private/f_auto,q_auto/league/ledkrjklk2lyswmowzgw"
Darnell Mooney,"https://static.www.nfl.com/image/upload/f_auto,q_auto/league/eaejonwaflt9drrs9ika"
Darnell Powell,"https://static.www.nfl.com/image/private/f_auto,q_auto/league/ah5u38wqo4a5lvufydsn"
Darnerien McCants,"https://static.www.nfl.com/image/private/f_auto,q_auto/league/yvolmah9viarzeilxq6c"
Darrel Williams,"https://static.www.nfl.com/image/private/f_auto,q_auto/league/qloiwle7db59cznhqhub"
Darrel Young,"https://static.www.nfl.com/image/private/f_auto,q_auto/league/znfzmkdrjpzxrhv8j0r7"
Darrell Green,"https://static.www.nfl.com/image/private/f_auto,q_auto/league/cwcts1c4ok7r03ssniua"
Darrell Henderson,"https://static.www.nfl.com/image/private/f_auto,q_auto/league/trvk8n0wjne7edxbajgw"
Darrell Jackson,"https://static.www.nfl.com/image/private/f_auto,q_auto/league/a2frfenrullgrcq1ceme"
Darrell Lester,
Darrell Thompson,"https://static.www.nfl.com/image/private/f_auto,q_auto/league/jawaow4h2ogpfuvberyq"
Darren Bennett,"https://static.www.nfl.com/image/private/f_auto,q_auto/league/i6gctxpcthg8dlk9pbkm"
Darren Lewis,"https://static.www.nfl.com/image/private/f_auto,q_auto/league/mxmvhgwrmseoub4p5dkz"
Darren McFadden,"https://static.www.nfl.com/image/private/f_auto,q_auto/league/bfvionxxsfckmjqtw4kv"
Darren Sproles,"https://static.www.nfl.com/image/private/f_auto,q_auto/league/gvj5ng27blmwuz170aeo"
Darren Waller,"https://static.www.nfl.com/image/upload/f_auto,q_auto/league/loyehiyzcu2lexjk7plq"
Darrin Chiaverini,"https://static.www.nfl.com/image/private/f_auto,q_auto/league/rggucotcwc2thchkgvg0"
Darrin Nelson,"https://static.www.nfl.com/image/private/f_auto,q_auto/league/hncynvsmnndttnutlszs"
Darrin Reaves,"https://static.www.nfl.com/image/private/f_auto,q_auto/league/cao4naqrbmjavj4glrmc"
Darrius Heyward-Bey,"https://static.www.nfl.com/image/private/f_auto,q_auto/league/d5otkkbb0z2rdd2bjatd"
Darryl Clack,"https://static.www.nfl.com/image/private/f_auto,q_auto/league/cj1hebxwmfdrp6yztqr7"
Darryl Clark,"https://static.www.nfl.com/image/private/f_auto,q_auto/league/s2bne68aihiaedxslxla"
Darryl Harris,"https://static.www.nfl.com/image/private/f_auto,q_auto/league/clnfqsdbrzkeow8b6yet"
Darryl Oliver,"https://static.www.nfl.com/image/private/f_auto,q_auto/league/shvxwfyh6apvfwf0zaun"
Darryl Stingley,"https://static.www.nfl.com/image/private/f_auto,q_auto/league/nuiyaaq0q6nlrfvlgnpo"
Darrynton Evans,"https://static.www.nfl.com/image/upload/f_auto,q_auto/league/akmrd72vwsbpsnuh9775"
Darvell Huffman,"https://static.www.nfl.com/image/private/f_auto,q_auto/league/iaubcgnwqwpnnnlzbbif"
Darwin Thompson,"https://static.www.nfl.com/image/private/f_auto,q_auto/league/l1hcf7i4flghdacmhorc"
Daryl Johnston,"https://static.www.nfl.com/image/private/f_auto,q_auto/league/oedbekojj3qxlibchwuo"
Daryl Jones,"https://static.www.nfl.com/image/private/f_auto,q_auto/league/fpbpjr55ueqf1wlghpr0"
Daryl Richardson,"https://static.www.nfl.com/image/private/f_auto,q_auto/league/taqrenf1eqcvd1nibre5"
Daryl Sanders,
Daryle Lamonica,"https://static.www.nfl.com/image/private/f_auto,q_auto/league/hwx2mzehcjxjxtpwzba1"
Dashon Goldson,"https://static.www.nfl.com/image/private/f_auto,q_auto/league/wkw6tgmp3xngaiqhe44h"
Daunte Culpepper,"https://static.www.nfl.com/image/private/f_auto,q_auto/league/vmvl5xojgtwm6jadhy7l"
Davante Adams,"https://static.www.nfl.com/image/upload/f_auto,q_auto/league/tdzluk4xau3arxqk9zsl"
Dave Atkins,"https://static.www.nfl.com/image/private/f_auto,q_auto/league/ctaikzlv0hyciikztpus"
Dave Barr,"https://static.www.nfl.com/image/private/f_auto,q_auto/league/ovdl4tx6bxojrprazuml"
Dave Brown,"https://static.www.nfl.com/image/private/f_auto,q_auto/league/dufnybaaskdsr6ax2sps"
Dave Casper,"https://static.www.nfl.com/image/private/f_auto,q_auto/league/njpwjyzxtmgh7jt6oznj"
Dave Chapple,"https://static.www.nfl.com/image/private/f_auto,q_auto/league/jdwxghhbw7scvtmmjeqh"
Dave D'Addio,"https://static.www.nfl.com/image/private/f_auto,q_auto/league/tvsqhubgww58pkswde0g"
Dave Davis,"https://static.www.nfl.com/image/private/f_auto,q_auto/league/r5gush00uoldytqfyqgg"
Dave Dunaway,
Dave Finzer,"https://static.www.nfl.com/image/private/f_auto,q_auto/league/ulon9rtskqyz72tafiht"
Dave Gagnon,"https://static.www.nfl.com/image/private/f_auto,q_auto/league/aqwnfcm4tjtmtibuwfne"
Dave Green,"https://static.www.nfl.com/image/private/f_auto,q_auto/league/bpompxrbpkdhq0ia6ogo"
Dave Hampton,"https://static.www.nfl.com/image/private/f_auto,q_auto/league/uex5xddcse6d5cqtoc37"
Dave Jennings,"https://static.www.nfl.com/image/private/f_auto,q_auto/league/cyz1jmnzrjkhirfdnakm"
Dave Kopay,
Dave Krieg,"https://static.www.nfl.com/image/private/f_auto,q_auto/league/srx5ku7mit9cvbapch11"
Dave Lewis,"https://static.www.nfl.com/image/private/f_auto,q_auto/league/khb5gzc1cr8i73c7uubm"
Dave Mays,"https://static.www.nfl.com/image/private/f_auto,q_auto/league/ivnrbfnfzblngqsiuvlw"
Dave Meggett,"https://static.www.nfl.com/image/private/f_auto,q_auto/league/czc5ehkkhtpepzzv3uun"
Dave Middleton,
Dave Moore,"https://static.www.nfl.com/image/private/f_auto,q_auto/league/dpkynnhekynii7fskyll"
Dave Osborn,"https://static.www.nfl.com/image/private/f_auto,q_auto/league/ndwhigkojzkl6gtycbpa"
Dave Parks,
Dave Preston,"https://static.www.nfl.com/image/private/f_auto,q_auto/league/zxklvhixlchytojf8ggy"
Dave Ragone,"https://static.www.nfl.com/image/private/f_auto,q_auto/league/ao5q2tsim1s1l97bxarq"
Dave Smith,"https://static.www.nfl.com/image/private/f_auto,q_auto/league/vq3ewtdtwr9uapxymeec"
Dave Stief,"https://static.www.nfl.com/image/private/f_auto,q_auto/league/gsbn9ncddqtfxqzv7vhb"
Dave Walter,"https://static.www.nfl.com/image/private/f_auto,q_auto/league/llxrbqgnrila6pmw4s9p"
Dave Whitsell,
Dave Williams,"https://static.www.nfl.com/image/private/f_auto,q_auto/league/ljq6ab6ehmjwvcq2knbv"
Dave Wilson,"https://static.www.nfl.com/image/private/f_auto,q_auto/league/lxppdhwvuubfppm4uuzd"
Dave Zastudil,"https://static.www.nfl.com/image/private/f_auto,q_auto/league/h15ktbiagctphhbq4hp8"
David Adams,"https://static.www.nfl.com/image/private/f_auto,q_auto/league/wcid4j0nzil7v9f7wwl3"
David Akers,"https://static.www.nfl.com/image/private/f_auto,q_auto/league/emsxaumip79uaj7bq8jd"
David Allen,"https://static.www.nfl.com/image/private/f_auto,q_auto/league/ynozvrxhctiibfpp2gpe"
David Archer,"https://static.www.nfl.com/image/private/f_auto,q_auto/league/evvc9571w3sqipjkkxl0"
David Ausberry,"https://static.www.nfl.com/image/private/f_auto,q_auto/league/sq2a1uiugibsy4j9z5qi"
David Beverly,"https://static.www.nfl.com/image/private/f_auto,q_auto/league/wfkvlrwkinvheuktie4z"
David Blough,"https://static.www.nfl.com/image/private/f_auto,q_auto/league/enumsdgbnfykd6znzeck"
David Boston,"https://static.www.nfl.com/image/private/f_auto,q_auto/league/efvdgyy0lnmdok7k2us0"
David Bruton,"https://static.www.nfl.com/image/private/f_auto,q_auto/league/fbvirolakhlptilkzahw"
David Carr,"https://static.www.nfl.com/image/private/f_auto,q_auto/league/raoec7zczzr8ooz0vutw"
David Clowney,"https://static.www.nfl.com/image/private/f_auto,q_auto/league/htp19mbraxc7gzwtj2r2"
David Cobb,"https://static.www.nfl.com/image/private/f_auto,q_auto/league/ldrbbzqpoup10wofflob"
David Dunn,"https://static.www.nfl.com/image/private/f_auto,q_auto/league/bjv8dzqir9jvvk2uk9id"
David Fales,"https://static.www.nfl.com/image/private/f_auto,q_auto/league/ia2suxqu26medpwikspy"
David Fluellen,"https://static.www.nfl.com/image/private/f_auto,q_auto/league/hw3jqryjpuw3hhackwsm"
David Garrard,"https://static.www.nfl.com/image/private/f_auto,q_auto/league/ogcdepv291fwwguy3zho"
David Gettis,"https://static.www.nfl.com/image/private/f_auto,q_auto/league/epak7gcrrzjv7bp5ic23"
David Gilreath,"https://static.www.nfl.com/image/private/f_auto,q_auto/league/peyaklnytov9wonv9kcf"
David Givens,"https://static.www.nfl.com/image/private/f_auto,q_auto/league/mohq1lhnq54inmwhsred"
David Hill,"https://static.www.nfl.com/image/private/f_auto,q_auto/league/cuasnlb47l6i9wqkyp4h"
David Hughes,"https://static.www.nfl.com/image/private/f_auto,q_auto/league/qtwrqk9oswiiuh1u68tk"
David Humm,"https://static.www.nfl.com/image/private/f_auto,q_auto/league/jmsabgyygnp8aig2qpfr"
David Jaynes,"https://static.www.nfl.com/image/private/f_auto,q_auto/league/ver88bze6qpxh9jjrb0n"
David Johnson,"https://static.www.nfl.com/image/private/f_auto,q_auto/league/y7dtsyyjnoafefkbylbb"
David Klingler,"https://static.www.nfl.com/image/private/f_auto,q_auto/league/awileyiayqolyddhirtg"
David Lang,"https://static.www.nfl.com/image/private/f_auto,q_auto/league/e2idhvmxeqrbcbvj7ovs"
David Lee,"https://static.www.nfl.com/image/private/f_auto,q_auto/league/d0tz3bgqqrvrnhbbpmaa"
David McCluskey,"https://static.www.nfl.com/image/private/f_auto,q_auto/league/ildu16bwqyjq1hejplkw"
David Mims,"https://static.www.nfl.com/image/private/f_auto,q_auto/league/xwxajqwlieug2ebf0uj3"
David Montgomery,"https://static.www.nfl.com/image/upload/f_auto,q_auto/league/csz0c9roa4pqsccothxg"
David Moore,"https://static.www.nfl.com/image/upload/f_auto,q_auto/league/iyawzolvibsds35fwapv"
David Nelson,"https://static.www.nfl.com/image/private/f_auto,q_auto/league/c1u0gcx0gxviyvgrnkyj"
David Njoku,"https://static.www.nfl.com/image/upload/f_auto,q_auto/league/y4g1iayqrbrhdvkqywpx"
David Norrie,"https://static.www.nfl.com/image/private/f_auto,q_auto/league/jpsjleiemkqynj7l5jbs"
David Overstreet,"https://static.www.nfl.com/image/private/f_auto,q_auto/league/a0kaftdaqcec9gvlcm7f"
David Palmer,"https://static.www.nfl.com/image/private/f_auto,q_auto/league/zmqay7fglka2khxx9tvl"
David Patten,"https://static.www.nfl.com/image/private/f_auto,q_auto/league/zzybbpvmsjs093ikw5ex"
David Reed,"https://static.www.nfl.com/image/private/f_auto,q_auto/league/si1ityf354bhjpq0kock"
David Sims,"https://static.www.nfl.com/image/private/f_auto,q_auto/league/aaakh5qfkffb1wigwzbl"
David Terrell,"https://static.www.nfl.com/image/private/f_auto,q_auto/league/gr3tk5ambqkdvlhreqei"
David Thompson,"https://static.www.nfl.com/image/private/f_auto,q_auto/league/ysydkmbh0ppnyjnqscm4"
David Tyree,"https://static.www.nfl.com/image/private/f_auto,q_auto/league/jdwv4lgsjgsme2xyxfht"
David Verser,"https://static.www.nfl.com/image/private/f_auto,q_auto/league/bjm8qrilulysp1bwx32l"
David Whitehurst,"https://static.www.nfl.com/image/private/f_auto,q_auto/league/llgg5esqg5yxw961lonq"
David Williams,"https://static.www.nfl.com/image/private/f_auto,q_auto/league/pfbvaraqo5m9w9nvlds3"
David Wilson,"https://static.www.nfl.com/image/private/f_auto,q_auto/league/f1ihxrw9bi520l4egiw2"
David Woodley,"https://static.www.nfl.com/image/private/f_auto,q_auto/league/oopqirpipkq1coe9z8dg"
Davis Mills,"https://static.www.nfl.com/image/upload/f_auto,q_auto/league/jh9e97vjzmeafx8jz0sn"
Davis Webb,"https://static.www.nfl.com/image/private/f_auto,q_auto/league/rxvilxbyuvwvorzzxhxf"
Davone Bess,"https://static.www.nfl.com/image/private/f_auto,q_auto/league/s48y8mu0chhsigt5kuit"
Dawson Knox,"https://static.www.nfl.com/image/upload/f_auto,q_auto/league/k8bi9ppahwfmoxs8ij4w"
Dax Milne,"https://static.www.nfl.com/image/upload/f_auto,q_auto/league/is6qfhpfr82xc3udysfu"
De Dorsey,
De'Andre Presley,"https://static.www.nfl.com/image/private/f_auto,q_auto/league/iz6chjwqcmvuabln8vee"
De'Angelo Henderson,
De'Anthony Thomas,"https://static.www.nfl.com/image/private/f_auto,q_auto/league/ubevvtu8f1snobsxnnwl"
De'Lance Turner,"https://static.www.nfl.com/image/private/f_auto,q_auto/league/eyoauplfm4yffbfu9ijf"
De'Michael Harris,"https://static.www.nfl.com/image/private/f_auto,q_auto/league/mrren8m5euy8x1amvqus"
De'Mond Parker,"https://static.www.nfl.com/image/private/f_auto,q_auto/league/lrmjzt22xxkpdwqqrm5a"
De'Von Achane,"https://static.www.nfl.com/image/upload/f_auto,q_auto/league/xk1xwio0bryfxo1ylweu"
DeAndre Carter,"https://static.www.nfl.com/image/upload/f_auto,q_auto/league/jx4io3owliw3l5xve6ta"
DeAndre Hopkins,"https://static.www.nfl.com/image/upload/f_auto,q_auto/league/snvo6holyfdjmrlqxqxu"
DeAndre Washington,"https://static.www.nfl.com/image/private/f_auto,q_auto/league/r89dcprs99qahleja3mz"
DeAngelo Williams,"https://static.www.nfl.com/image/private/f_auto,q_auto/league/oky9ooitgqa1fgwdll6b"
DeMarco Murray,"https://static.www.nfl.com/image/private/f_auto,q_auto/league/lu4pqg7cvxbz7z4oormo"
DeMario Douglas,"https://static.www.nfl.com/image/upload/f_auto,q_auto/league/cm9vnzqu5phlmsocjwgc"
DeSean Jackson,"https://static.www.nfl.com/image/private/f_auto,q_auto/league/pr5m864fqvnoozihylrh"
DeShaun Foster,"https://static.www.nfl.com/image/private/f_auto,q_auto/league/jujycv6ylthhpis3i3wl"
DeShawn Wynn,"https://static.www.nfl.com/image/private/f_auto,q_auto/league/a03bbuzkwbby2j4azumb"
DeShone Kizer,"https://static.www.nfl.com/image/private/f_auto,q_auto/league/ajaqaaxoogjnfgxduv4u"
DeVier Posey,"https://static.www.nfl.com/image/private/f_auto,q_auto/league/neyvfbqn4cma8ecy22hb"
DeVonta Smith,"https://static.www.nfl.com/image/upload/f_auto,q_auto/league/k724kq3hyv7jc0y9s03x"
Deacon Turner,"https://static.www.nfl.com/image/private/f_auto,q_auto/league/zrlfiljl6aavoyr5btam"
Dean Carlson,"https://static.www.nfl.com/image/private/f_auto,q_auto/league/vai0a3eorfkejx9ccprc"
Dean May,"https://static.www.nfl.com/image/private/f_auto,q_auto/league/opocyqawuhowo5lbeont"
Dede Westbrook,"https://static.www.nfl.com/image/private/f_auto,q_auto/league/jjlxw2ircxecpx3ipeax"
Dedric Ward,"https://static.www.nfl.com/image/private/f_auto,q_auto/league/durqveh9ccz9lxmpmsgy"
Dee Brown,"https://static.www.nfl.com/image/private/f_auto,q_auto/league/pgrpjdnlzbucmfispr4q"
Dee Eskridge,"https://static.www.nfl.com/image/upload/f_auto,q_auto/league/baasw8ia3qztewmawfnz"
DeeJay Dallas,"https://static.www.nfl.com/image/upload/f_auto,q_auto/league/qrvemj4m3g2mqlbgy352"
Deebo Samuel,
Deebo Samuel Sr.,"https://static.www.nfl.com/image/upload/f_auto,q_auto/league/ntgyhqg6hq7fanhhsqiw"
Deion Branch,"https://static.www.nfl.com/image/private/f_auto,q_auto/league/xd8wzyqiqepe4rxvqfov"
Deion Sanders,"https://static.www.nfl.com/image/private/f_auto,q_auto/league/hgcom8m5korxg0lvnxhj"
Deji Karim,"https://static.www.nfl.com/image/private/f_auto,q_auto/league/nxus17lqfs59eov1xnwv"
Del Rodgers,"https://static.www.nfl.com/image/private/f_auto,q_auto/league/tfi9yrrgx8efemiajysi"
Del Shofner,
Del Thompson,"https://static.www.nfl.com/image/private/f_auto,q_auto/league/cf0ejp4aiwhw06yu43vd"
Delanie Walker,"https://static.www.nfl.com/image/private/f_auto,q_auto/league/diknegkpqy0qnri7877z"
Dell Pettus,"https://static.www.nfl.com/image/upload/f_auto,q_auto/league/irmi15lyy3l28z6s0wgx"
Delone Carter,"https://static.www.nfl.com/image/private/f_auto,q_auto/league/adwwaxxloa9zcymslxy6"
Deltha O'Neal,"https://static.www.nfl.com/image/private/f_auto,q_auto/league/v0ekwgbe5mw8lqre30rk"
Delvin Joyce,"https://static.www.nfl.com/image/private/f_auto,q_auto/league/w7uubm5jsz4ebjxvsikt"
Delvin Williams,"https://static.www.nfl.com/image/private/f_auto,q_auto/league/qkyfifzl3vydqgcvhp2w"
Demarcus Ayers,
Demarcus Robinson,"https://static.www.nfl.com/image/upload/f_auto,q_auto/league/cokassoz2z7hb4wk2krh"
Demaryius Thomas,"https://static.www.nfl.com/image/private/f_auto,q_auto/league/p1yjsqtqimjd6iazu3h9"
Demetric Felton,"https://static.www.nfl.com/image/private/f_auto,q_auto/league/pfjsjpzj2f9cn39xqde2"
Denard Robinson,"https://static.www.nfl.com/image/private/f_auto,q_auto/league/qxucqizbxstsxgtv0jpn"
Denarius Moore,"https://static.www.nfl.com/image/private/f_auto,q_auto/league/sttop34l1fezi28ls4d9"
Dennis Bligen,"https://static.www.nfl.com/image/private/f_auto,q_auto/league/vp8thav8q0tugd1ocdsw"
Dennis Claridge,
Dennis Dixon,"https://static.www.nfl.com/image/private/f_auto,q_auto/league/cqwnypjswvhf5t13e3o8"
Dennis Gentry,"https://static.www.nfl.com/image/private/f_auto,q_auto/league/z9pqxye61dmw2ppvnlvi"
Dennis Homan,
Dennis Hughes,
Dennis Johnson,"https://static.www.nfl.com/image/private/f_auto,q_auto/league/qed0cmk3uuftjvkma9ec"
Dennis Law,"https://static.www.nfl.com/image/private/f_auto,q_auto/league/yr1pomhejpcpu6zsie9h"
Dennis McKinley,"https://static.www.nfl.com/image/private/f_auto,q_auto/league/zsn5raym65n7f3cc5sqi"
Dennis McKinnon,"https://static.www.nfl.com/image/private/f_auto,q_auto/league/ixlvodm4cd99nhctp11m"
Dennis Morrison,"https://static.www.nfl.com/image/private/f_auto,q_auto/league/mdjabxky0rkyzecfsgmv"
Dennis Northcutt,"https://static.www.nfl.com/image/private/f_auto,q_auto/league/ek5gyfklwyjhe2xxe69w"
Dennis Partee,"https://static.www.nfl.com/image/private/f_auto,q_auto/league/nzcqkjcvv0z8ckeihtod"
Dennis Pearson,"https://static.www.nfl.com/image/private/f_auto,q_auto/league/jhal6korzudxnagif4kv"
Dennis Shaw,"https://static.www.nfl.com/image/private/f_auto,q_auto/league/cznmmo3vt0uur6pbabwg"
Dennis Sproul,"https://static.www.nfl.com/image/private/f_auto,q_auto/league/dzzcdcapqcupo1jx0vr2"
Deon Anderson,"https://static.www.nfl.com/image/private/f_auto,q_auto/league/xiqqvwjnf1ruaqajwzbi"
Deon Butler,"https://static.www.nfl.com/image/private/f_auto,q_auto/league/zxkz6mxnysnokddqabqf"
Deon Jackson,"https://static.www.nfl.com/image/private/f_auto,q_auto/league/wvi0pz27h6t7gfjujxis"
Deonte Harris,
Deonte Harty,"https://static.www.nfl.com/image/upload/f_auto,q_auto/league/fh7rbtvohdkaacqaxqke"
Derek Anderson,"https://static.www.nfl.com/image/private/f_auto,q_auto/league/w191gsxivnqgdwgydka6"
Derek Brown,"https://static.www.nfl.com/image/private/f_auto,q_auto/league/lcqgqc0iqpep97l3hgie"
Derek Carr,"https://static.www.nfl.com/image/upload/f_auto,q_auto/league/qsz1pyrlu6bmvby6maaf"
Derek Carrier,"https://static.www.nfl.com/image/private/f_auto,q_auto/league/fohbnjxhixammxtonhnd"
Derek Loville,"https://static.www.nfl.com/image/private/f_auto,q_auto/league/ospnjr1stscwwtij4tdu"
Derek Russell,"https://static.www.nfl.com/image/private/f_auto,q_auto/league/roiuhxxhqtxteudgplko"
Derek Stanley,"https://static.www.nfl.com/image/private/f_auto,q_auto/league/j4qps5vya2meirdjzoba"
Derek Watt,"https://static.www.nfl.com/image/private/f_auto,q_auto/league/jrhk6npb7u3tmgzt7rwn"
Derius Davis,"https://static.www.nfl.com/image/upload/f_auto,q_auto/league/ykmeihbr6903smvblzgc"
Derrick Alexander,"https://static.www.nfl.com/image/private/f_auto,q_auto/league/kghksofxi1gzyke5cexb"
Derrick Blaylock,"https://static.www.nfl.com/image/private/f_auto,q_auto/league/vxuxzgerpxpeonpqrrdr"
Derrick Clark,"https://static.www.nfl.com/image/private/f_auto,q_auto/league/ih8va5uejsxthzhizkv6"
Derrick Coleman,"https://static.www.nfl.com/image/private/f_auto,q_auto/league/jmgzlxi6qlrvvyrzkuh2"
Derrick Cullors,"https://static.www.nfl.com/image/private/f_auto,q_auto/league/ts0yfrludlwkbylruqko"
Derrick Fenner,"https://static.www.nfl.com/image/private/f_auto,q_auto/league/etk6faa44g9k7quaphhz"
Derrick Foster,"https://static.www.nfl.com/image/private/f_auto,q_auto/league/p7qat9sh7fmwffdsld9k"
Derrick Frost,"https://static.www.nfl.com/image/private/f_auto,q_auto/league/it1uqezmlfdcatlq1n1f"
Derrick Gaffney,"https://static.www.nfl.com/image/private/f_auto,q_auto/league/pgxg8ebvgn5y6nl4h3lx"
Derrick Gainer,"https://static.www.nfl.com/image/private/f_auto,q_auto/league/vlgmtxvmzdtavijtgyqh"
Derrick Gore,"https://static.www.nfl.com/image/private/f_auto,q_auto/league/wk7zy3ceecze3ly0mj7c"
Derrick Harmon,"https://static.www.nfl.com/image/private/f_auto,q_auto/league/xmpohbszzi9qh0fpp1ht"
Derrick Harris,"https://static.www.nfl.com/image/private/f_auto,q_auto/league/fya5lyd0uycwhijau950"
Derrick Henry,"https://static.www.nfl.com/image/upload/f_auto,q_auto/league/tm79x0iknqg6hms3ypyt"
Derrick Jensen,"https://static.www.nfl.com/image/private/f_auto,q_auto/league/philxveag0opseezb4nc"
Derrick Lassic,"https://static.www.nfl.com/image/private/f_auto,q_auto/league/k3aspqkadiq0upfgk1qc"
Derrick Mason,"https://static.www.nfl.com/image/private/f_auto,q_auto/league/cdzevcyfslujjbirrvyq"
Derrick McAdoo,"https://static.www.nfl.com/image/private/f_auto,q_auto/league/ijub1ocvnctbysflraos"
Derrick Moore,"https://static.www.nfl.com/image/private/f_auto,q_auto/league/jgwpesmzbjurn4emzdy0"
Derrick Ned,"https://static.www.nfl.com/image/private/f_auto,q_auto/league/mtqt4acfucfeps4rjs3x"
Derrick Ross,"https://static.www.nfl.com/image/private/f_auto,q_auto/league/qipdxptxxednzsqeouj3"
Derrick Thomas,"https://static.www.nfl.com/image/private/f_auto,q_auto/league/e3mauucbmtv3zwmx89fi"
Derrick Ward,"https://static.www.nfl.com/image/private/f_auto,q_auto/league/alp1lllkthvns8nnaul0"
Derrick Williams,"https://static.www.nfl.com/image/private/f_auto,q_auto/league/d7q8cp4rewu5utctmyts"
Derrick Wimbush,"https://static.www.nfl.com/image/private/f_auto,q_auto/league/f4q7zhqwmzcvd3svtfvg"
Derrick Witherspoon,"https://static.www.nfl.com/image/private/f_auto,q_auto/league/cb9t1xi15swvafls774v"
Derrius Guice,"https://static.www.nfl.com/image/private/f_auto,q_auto/league/vkzgf6tpbcidlbnvyvon"
Derrius Thompson,"https://static.www.nfl.com/image/private/f_auto,q_auto/league/zt34bymvoqnt5tyjmopf"
Deshaun Watson,"https://static.www.nfl.com/image/private/f_auto,q_auto/league/otfs2docj6eahaebo5xn"
Desmond Howard,"https://static.www.nfl.com/image/private/f_auto,q_auto/league/lplsoxpz5hxr7yy1td9k"
Desmond Ridder,"https://static.www.nfl.com/image/upload/f_auto,q_auto/league/rhpusa7pfgd82d9ui6y7"
Detrez Newsome,"https://static.www.nfl.com/image/private/f_auto,q_auto/league/nxw9d9uxbh2qsyle689j"
Detron Smith,"https://static.www.nfl.com/image/private/f_auto,q_auto/league/mazglvfvumc1vrq0lw0s"
Deuce McAllister,"https://static.www.nfl.com/image/private/f_auto,q_auto/league/jvzk4fr8bxmzo0kjcjdf"
Deuce Vaughn,"https://static.www.nfl.com/image/upload/f_auto,q_auto/league/z8lnunc6vvq9qlnidaw3"
Devale Ellis,"https://static.www.nfl.com/image/private/f_auto,q_auto/league/qsusjs5rnggrion0ojel"
Devante Mays,"https://static.www.nfl.com/image/private/f_auto,q_auto/league/vkoqrkhn2aec7xg1mnih"
Deven Thompkins,"https://static.www.nfl.com/image/upload/f_auto,q_auto/league/hohgyaldfuylxqwnb8i2"
Devery Henderson,"https://static.www.nfl.com/image/private/f_auto,q_auto/league/rtheywtlw7yhso1da4bu"
Devin Duvernay,"https://static.www.nfl.com/image/upload/f_auto,q_auto/league/tj3t166iwsxbnyzxcyyl"
Devin Hester,"https://static.www.nfl.com/image/private/f_auto,q_auto/league/jtntm2ci9doez4qxbx0c"
Devin Moore,"https://static.www.nfl.com/image/private/f_auto,q_auto/league/cgjsfam7s8g2qbxkvcoj"
Devin Neal,"https://static.www.nfl.com/image/upload/f_auto,q_auto/league/yqv7u0yb5toyhx1pnvku"
Devin Singletary,"https://static.www.nfl.com/image/upload/f_auto,q_auto/league/xy2r2msxjqneml2c1cdc"
Devin Thomas,"https://static.www.nfl.com/image/private/f_auto,q_auto/league/blk40lqgykitt6vuoixj"
Devine Ozigbo,"https://static.www.nfl.com/image/private/f_auto,q_auto/league/teht8fiw2mu5g8xmdoqm"
Devlin Hodges,"https://static.www.nfl.com/image/private/f_auto,q_auto/league/z5c3pa2yd7uefaexblem"
Devonta Freeman,"https://static.www.nfl.com/image/private/f_auto,q_auto/league/vjhvfwypu1byxfo2uvki"
Devontae Booker,"https://static.www.nfl.com/image/private/f_auto,q_auto/league/y5fw68qxcmxykv1uchlo"
Dexter Bussey,"https://static.www.nfl.com/image/private/f_auto,q_auto/league/mynjggmpx7me7cukv6rw"
Dexter Carter,"https://static.www.nfl.com/image/private/f_auto,q_auto/league/m3mpjilu3poypskxfaje"
Dexter Coakley,"https://static.www.nfl.com/image/private/f_auto,q_auto/league/wqvh5kxsgz6ik7z1nirz"
Dexter McCluster,"https://static.www.nfl.com/image/private/f_auto,q_auto/league/vawlifwslfzekg0e35ig"
Dexter McNabb,"https://static.www.nfl.com/image/private/f_auto,q_auto/league/n9jdzoxbopnntyzco9ws"
Dexter Williams,"https://static.www.nfl.com/image/private/f_auto,q_auto/league/j13nyurtcej8pa7jg494"
Dez Bryant,"https://static.www.nfl.com/image/private/f_auto,q_auto/league/gvepdqkr998dbgfawn7e"
Dez White,"https://static.www.nfl.com/image/private/f_auto,q_auto/league/uca9a9fciufuogbpfq2v"
Dezmon Briscoe,"https://static.www.nfl.com/image/private/f_auto,q_auto/league/f1xww0epsgm18fwshdty"
Dick Bass,
Dick Butkus,
Dick Compton,
Dick Gordon,"https://static.www.nfl.com/image/private/f_auto,q_auto/league/z1lz0gwdw20vqpdvoln6"
Dick Hoak,
Dick James,
Dick Leftridge,
Dick Shiner,"https://static.www.nfl.com/image/private/f_auto,q_auto/league/tvk6pwyhn74ivikopjw6"
Dick Smith,
Dickie Post,
Dieter Brock,"https://static.www.nfl.com/image/private/f_auto,q_auto/league/jyooeq5f4yj9d4vwj9mc"
Dietrich Jells,"https://static.www.nfl.com/image/private/f_auto,q_auto/league/mjwaemj7uzfuyooruuxn"
Dillon Gabriel,"https://static.www.nfl.com/image/upload/f_auto,q_auto/league/szpyvusef9jvoctbnkbk"
Dimitri Nance,"https://static.www.nfl.com/image/private/f_auto,q_auto/league/ocndsbfzcda3j3pivqtm"
Dino Hall,"https://static.www.nfl.com/image/private/f_auto,q_auto/league/zdme3wzby3ocngckpr8q"
Dino Philyaw,"https://static.www.nfl.com/image/private/f_auto,q_auto/league/s7qhdqfkmhgqz440e77v"
Dion Lewis,"https://static.www.nfl.com/image/private/f_auto,q_auto/league/mvv0a1lqk90dscqn8uuj"
Diontae Johnson,"https://static.www.nfl.com/image/upload/f_auto,q_auto/league/rjtil6ilydmwoy0btlt7"
Diontae Spencer,"https://static.www.nfl.com/image/private/f_auto,q_auto/league/lf3axvxomg2ktozc1rei"
Dirk Johnson,"https://static.www.nfl.com/image/private/f_auto,q_auto/league/liuoswqetnmkknz3y0am"
Dokie Williams,"https://static.www.nfl.com/image/private/f_auto,q_auto/league/zd5ryslofca9fhhhubiu"
Domanick Williams,"https://static.www.nfl.com/image/private/f_auto,q_auto/league/mu7kp64coo3jeycmxota"
Domenik Hixon,"https://static.www.nfl.com/image/private/f_auto,q_auto/league/ygyaqjbpy8tp6tcbeflb"
Dominic Rhodes,"https://static.www.nfl.com/image/private/f_auto,q_auto/league/taziom9j7nf5gjezrmnr"
Don Bass,"https://static.www.nfl.com/image/private/f_auto,q_auto/league/eilvpbo3bcvpw8gwd3or"
Don Beebe,"https://static.www.nfl.com/image/private/f_auto,q_auto/league/nzlopjkas8m5eediym9r"
Don Bosseler,
Don Calhoun,"https://static.www.nfl.com/image/private/f_auto,q_auto/league/mmrjd435bho0bvmcjvpy"
Don Chandler,
Don Cockroft,"https://static.www.nfl.com/image/private/f_auto,q_auto/league/mghu1h1eobmphjqqpgx1"
Don Hardeman,"https://static.www.nfl.com/image/private/f_auto,q_auto/league/bfjjzsf1iughrl2gjwjt"
Don Heinrich,
Don Herrmann,"https://static.www.nfl.com/image/private/f_auto,q_auto/league/aj8urskz3ayhxlctduhn"
Don Highsmith,
Don Horn,"https://static.www.nfl.com/image/private/f_auto,q_auto/league/yntiir9ap1u3p9yzvsi0"
Don Jackson,"https://static.www.nfl.com/image/private/f_auto,q_auto/league/bcwq8fofqyb91mura3mt"
Don Lisbon,
Don Majkowski,"https://static.www.nfl.com/image/private/f_auto,q_auto/league/hfp8aw90oamg2v3qvjcj"
Don Maynard,
Don McCall,
Don McCauley,"https://static.www.nfl.com/image/private/f_auto,q_auto/league/tv3f6osain0wrr7dp6bg"
Don McIlhenny,
Don Meredith,
Don Milan,"https://static.www.nfl.com/image/private/f_auto,q_auto/league/gnlij5ad2pkmzkggxlhc"
Don Nottingham,"https://static.www.nfl.com/image/private/f_auto,q_auto/league/vpxvn1k38nyezvjhjgwg"
Don Overton,"https://static.www.nfl.com/image/private/f_auto,q_auto/league/thiz2bipkhfdiqbj46ci"
Don Perkins,
Don Rives,"https://static.www.nfl.com/image/private/f_auto,q_auto/league/rxkmas9d5io0lrwawpqh"
Don Shy,
Don Smith,"https://static.www.nfl.com/image/private/f_auto,q_auto/league/nds6vhe8rbt6gaiqtt5r"
Don Strock,"https://static.www.nfl.com/image/private/f_auto,q_auto/league/n9pjpwjn4d3xda0llwzi"
Don Testerman,"https://static.www.nfl.com/image/private/f_auto,q_auto/league/di6zboipa6afgnfogbf1"
Don Warren,"https://static.www.nfl.com/image/private/f_auto,q_auto/league/wcabs11zkwaq9eaxzbj3"
Don Westbrook,
Don Woods,"https://static.www.nfl.com/image/private/f_auto,q_auto/league/d3pfemuynpi8vth458sv"
Donald Brown,"https://static.www.nfl.com/image/private/f_auto,q_auto/league/shuzv9hi421ip4zllqly"
Donald Driver,"https://static.www.nfl.com/image/private/f_auto,q_auto/league/meghf1spsre8cqmyobo7"
Donald Evans,"https://static.www.nfl.com/image/private/f_auto,q_auto/league/fvimguqpmzxnshwg9zzx"
Donald Hollas,"https://static.www.nfl.com/image/private/f_auto,q_auto/league/j0dpbo21b8tmkllbhxq3"
Donald Jones,"https://static.www.nfl.com/image/private/f_auto,q_auto/league/afnjsy8fijf4hiubsyoo"
Donald Jordan,"https://static.www.nfl.com/image/private/f_auto,q_auto/league/mf1nadssgahr41l3s1sw"
Donnell Bennett,"https://static.www.nfl.com/image/private/f_auto,q_auto/league/sjugjsobqac1s5w7syhr"
Donnie Avery,"https://static.www.nfl.com/image/private/f_auto,q_auto/league/bmknyivfp6aevb6yrm1m"
Donnie Craft,"https://static.www.nfl.com/image/private/f_auto,q_auto/league/oet47mgkxpid4cdqgonr"
Donnie Jones,"https://static.www.nfl.com/image/private/f_auto,q_auto/league/qds7simibz6lt6ckf5yo"
Donnie Nickey,"https://static.www.nfl.com/image/private/f_auto,q_auto/league/e7ashtlkw3pdcyxko9u1"
Donny Anderson,"https://static.www.nfl.com/image/private/f_auto,q_auto/league/igxygw54r1jkdcklviht"
Donovan McNabb,"https://static.www.nfl.com/image/private/f_auto,q_auto/league/wd6jjtwdweq7v3ya2pet"
Donovan Peoples-Jones,"https://static.www.nfl.com/image/upload/f_auto,q_auto/league/sgfgvm2myyrntnmiqojk"
Dontari Poe,"https://static.www.nfl.com/image/private/f_auto,q_auto/league/gjbkt6fwdu9qhurrekkx"
Dontayvion Wicks,"https://static.www.nfl.com/image/upload/f_auto,q_auto/league/v1lt8kpvkn0qw5elyaoz"
Donte Moncrief,"https://static.www.nfl.com/image/private/f_auto,q_auto/league/f7p1ufvbhedqf96d0i0r"
Donte' Stallworth,"https://static.www.nfl.com/image/private/f_auto,q_auto/league/ahqsd0htfjlwpgrd5ot8"
Dontrell Hilliard,"https://static.www.nfl.com/image/private/f_auto,q_auto/league/ukhyslngeuojxkjqfq9f"
Dorian Thompson-Robinson,"https://static.www.nfl.com/image/upload/f_auto,q_auto/league/ujuyt3hpswlin3aahmhu"
Dorin Dickerson,"https://static.www.nfl.com/image/private/f_auto,q_auto/league/rzyr56chrrn9v5xjjvmd"
Dorsey Levens,"https://static.www.nfl.com/image/private/f_auto,q_auto/league/sfuocpcy2nem6bllgiri"
Doug Baldwin,"https://static.www.nfl.com/image/private/f_auto,q_auto/league/kccmcttfdtl7m3g49vb8"
Doug Buffone,"https://static.www.nfl.com/image/private/f_auto,q_auto/league/zgbryeyz8ssmfasmjq71"
Doug Chapman,"https://static.www.nfl.com/image/private/f_auto,q_auto/league/n5q3mszqaarnmontxgf3"
Doug Cosbie,"https://static.www.nfl.com/image/private/f_auto,q_auto/league/c662iu41klw5muhmirua"
Doug Cunningham,"https://static.www.nfl.com/image/private/f_auto,q_auto/league/gnn8l4kvwarcn0wx7gt2"
Doug Dennison,"https://static.www.nfl.com/image/private/f_auto,q_auto/league/ucjwqfqgamv7bjhsr6av"
Doug Donley,"https://static.www.nfl.com/image/private/f_auto,q_auto/league/xv7n8gpbugdqlvxs76tb"
Doug Dressler,"https://static.www.nfl.com/image/private/f_auto,q_auto/league/yrbaonkb5fqyjj5iax0g"
Doug DuBose,"https://static.www.nfl.com/image/private/f_auto,q_auto/league/ivgviq3nwgaiclaozlmw"
Doug Elmore,
Doug Flutie,"https://static.www.nfl.com/image/private/f_auto,q_auto/league/unmsud4qh5emea93d31q"
Doug Gabriel,"https://static.www.nfl.com/image/private/f_auto,q_auto/league/bjzy3eviwkv64dyzc6cp"
Doug Gaynor,"https://static.www.nfl.com/image/private/f_auto,q_auto/league/bqjn93ez7cdmgydx4h22"
Doug Hudson,"https://static.www.nfl.com/image/private/f_auto,q_auto/league/acl67z9kn65eejpi8hhg"
Doug Johnson,"https://static.www.nfl.com/image/private/f_auto,q_auto/league/qmruhueityco0jsiyfjq"
Doug Kotar,"https://static.www.nfl.com/image/private/f_auto,q_auto/league/fb7fqohsjbwyqy68djdj"
Doug Marsh,"https://static.www.nfl.com/image/private/f_auto,q_auto/league/wrxxqaixxlspjflqxxri"
Doug Martin,"https://static.www.nfl.com/image/private/f_auto,q_auto/league/lhazttk4tjpi7ggf7du4"
Doug Mayberry,
Doug Nussmeier,"https://static.www.nfl.com/image/private/f_auto,q_auto/league/aqwmbbqibmmsbxjmmquu"
Doug Paschal,"https://static.www.nfl.com/image/private/f_auto,q_auto/league/zkjtylkffffljfivrzvu"
Doug Pederson,"https://static.www.nfl.com/image/private/f_auto,q_auto/league/qe4j7iaaaq0iz8dma3ev"
Doug Thomas,"https://static.www.nfl.com/image/private/f_auto,q_auto/league/u7wzoghkfs5jimjzp14t"
Doug Wellsandt,"https://static.www.nfl.com/image/private/f_auto,q_auto/league/vzayjrxqbf3eat5cnrft"
Doug Williams,"https://static.www.nfl.com/image/private/f_auto,q_auto/league/bfbjfeajryl0w71u5rwk"
Drake London,"https://static.www.nfl.com/image/upload/f_auto,q_auto/league/mcllowcfrmmdeo4zy3g1"
Drake Maye,"https://static.www.nfl.com/image/upload/f_auto,q_auto/league/s1nmoon2xnrc3bnyulv4"
Drew Bennett,"https://static.www.nfl.com/image/private/f_auto,q_auto/league/xztlttrhxqekjfl6xk93"
Drew Bledsoe,"https://static.www.nfl.com/image/private/f_auto,q_auto/league/asbipakyrn90khbmi7xo"
Drew Brees,"https://static.www.nfl.com/image/private/f_auto,q_auto/league/bt6nv11jgsirnuymookt"
Drew Buie,
Drew Butler,"https://static.www.nfl.com/image/private/f_auto,q_auto/league/i2uzaqlreybleb2ey4yq"
Drew Carter,"https://static.www.nfl.com/image/private/f_auto,q_auto/league/wpyzsurzztzycm2vljkt"
Drew Henson,"https://static.www.nfl.com/image/private/f_auto,q_auto/league/rsamlgtvqzsysysdas49"
Drew Hill,"https://static.www.nfl.com/image/private/f_auto,q_auto/league/socupvhqhg0lvquxfn8p"
Drew Kaser,"https://static.www.nfl.com/image/private/f_auto,q_auto/league/eatoldmtetuqe0shydah"
Drew Lock,"https://static.www.nfl.com/image/upload/f_auto,q_auto/league/vdixnkk1uglfpwowalf8"
Drew Pearson,"https://static.www.nfl.com/image/private/f_auto,q_auto/league/j4qa2jefavaeprnvnxze"
Drew Sample,"https://static.www.nfl.com/image/upload/f_auto,q_auto/league/mmxrr2k7gdfowqpyxtr7"
Drew Stanton,"https://static.www.nfl.com/image/private/f_auto,q_auto/league/di5hc0mwbomreqx7ojbu"
Dri Archer,"https://static.www.nfl.com/image/private/f_auto,q_auto/league/gcvdndgayu8it5mzvs4d"
DuJuan Harris,"https://static.www.nfl.com/image/private/f_auto,q_auto/league/bm9b6aulywolcwjqjcpo"
Duane Carrell,"https://static.www.nfl.com/image/private/f_auto,q_auto/league/qi4qqgtvlx5spqlr7pi9"
Duane Thomas,"https://static.www.nfl.com/image/private/f_auto,q_auto/league/z6zigr1gtluqzjviapb1"
Duce Staley,"https://static.www.nfl.com/image/private/f_auto,q_auto/league/izbeawj2abiogsozoygr"
Duke Johnson,"https://static.www.nfl.com/image/private/f_auto,q_auto/league/hf7lxjjesduggqdfktsg"
Durham Smythe,"https://static.www.nfl.com/image/upload/f_auto,q_auto/league/pwcuy1ntmris98x8xmxi"
Duriel Harris,"https://static.www.nfl.com/image/private/f_auto,q_auto/league/daftz0dbnkmvcyl5ccrc"
Dustin Colquitt,"https://static.www.nfl.com/image/private/f_auto,q_auto/league/v1aymd6o0vpg73ytxzhu"
Dustin Keller,"https://static.www.nfl.com/image/private/f_auto,q_auto/league/vbxamjhkbclgfcgrcmfb"
Dwayne Allen,"https://static.www.nfl.com/image/private/f_auto,q_auto/league/wduwt0ibzoutozuywe4b"
Dwayne Bowe,"https://static.www.nfl.com/image/private/f_auto,q_auto/league/ihvktvkw198qeclu6mtk"
Dwayne Crutchfield,"https://static.www.nfl.com/image/private/f_auto,q_auto/league/mferg8gwzcpt5f8milva"
Dwayne Harris,"https://static.www.nfl.com/image/private/f_auto,q_auto/league/cz34jefkstkm3mvjznvg"
Dwayne Haskins,"https://static.www.nfl.com/image/private/f_auto,q_auto/league/cctguuvjeglkuo1o6yvx"
Dwayne Jarrett,"https://static.www.nfl.com/image/private/f_auto,q_auto/league/ad7lwiigyrpzlofzo2kp"
Dwayne Washington,"https://static.www.nfl.com/image/private/f_auto,q_auto/league/h1nintlpbk2zyxerjpy4"
Dwayne Wright,"https://static.www.nfl.com/image/private/f_auto,q_auto/league/ioknmdz4lzzkrekcejvc"
Dwight Beverly,"https://static.www.nfl.com/image/private/f_auto,q_auto/league/wp6xalxxqkswfjxuyfws"
Dwight Clark,"https://static.www.nfl.com/image/private/f_auto,q_auto/league/zzqgj9w7by4f8bn2bisg"
Dwight Collins,"https://static.www.nfl.com/image/private/f_auto,q_auto/league/hsxgy9euvlgbf8ediwij"
Dwight Harrison,"https://static.www.nfl.com/image/private/f_auto,q_auto/league/otbztuf7hxvrjlw9ipvb"
Dwight Stone,"https://static.www.nfl.com/image/private/f_auto,q_auto/league/gcisaxpznlmzy02cdsb5"
Dwight Walker,"https://static.www.nfl.com/image/private/f_auto,q_auto/league/mdo8f8lvratzkbmmaont"
Dyami Brown,"https://static.www.nfl.com/image/upload/f_auto,q_auto/league/addv9eheok1jj7amfkpb"
Dylan Laube,"https://static.www.nfl.com/image/upload/f_auto,q_auto/league/lpizdza73bgksstymv5t"
Dylan Sampson,"https://static.www.nfl.com/image/upload/f_auto,q_auto/league/den1hzzomdxfcsgk88o5"
E.J. Jones,"https://static.www.nfl.com/image/private/f_auto,q_auto/league/qlopxbg9nwjtcghjafwq"
EJ Manuel,"https://static.www.nfl.com/image/private/f_auto,q_auto/league/day0kzescuwievdhlacd"
Eagle Day,
Earl Beecham,"https://static.www.nfl.com/image/private/f_auto,q_auto/league/exqt1fteqdorqgicsgny"
Earl Bennett,"https://static.www.nfl.com/image/private/f_auto,q_auto/league/pmgfxtibnilokke025ac"
Earl Campbell,"https://static.www.nfl.com/image/private/f_auto,q_auto/league/svozyfy3gco5j6seywed"
Earl Carr,"https://static.www.nfl.com/image/private/f_auto,q_auto/league/xxtur6uflseddcfrljf5"
Earl Cooper,"https://static.www.nfl.com/image/private/f_auto,q_auto/league/jop1r0vhfgvlqcv3yp3p"
Earl Denny,
Earl Ferrell,"https://static.www.nfl.com/image/private/f_auto,q_auto/league/fbu6kwdblqjlrnxa3xmn"
Earl Gant,"https://static.www.nfl.com/image/private/f_auto,q_auto/league/uxs0eduveahgugavbv03"
Earl Gros,
Earl McCullouch,"https://static.www.nfl.com/image/private/f_auto,q_auto/league/xmxbw9mvoveizgjobcci"
Earl Morrall,"https://static.www.nfl.com/image/private/f_auto,q_auto/league/tu0czgfywu5r5ybfgwzo"
Earl Thomas,"https://static.www.nfl.com/image/private/f_auto,q_auto/league/zqeizl8cu6rbtyjwbjka"
Early Doucet,"https://static.www.nfl.com/image/private/f_auto,q_auto/league/egk4ozql2ba3cifswifo"
Earnest Byner,"https://static.www.nfl.com/image/private/f_auto,q_auto/league/yb7xgclmqv5l26cqogzg"
Earnest Graham,"https://static.www.nfl.com/image/private/f_auto,q_auto/league/qzmev6dpacggkawbipds"
Earnest Gray,"https://static.www.nfl.com/image/private/f_auto,q_auto/league/kmfjk0q9b5zcdvwkl1b0"
Earnest Hunter,"https://static.www.nfl.com/image/private/f_auto,q_auto/league/v2sexrehee9jg53lp6ep"
Earnest Jackson,"https://static.www.nfl.com/image/private/f_auto,q_auto/league/khkwbowglxejdt9zhrr1"
Eason Ramson,"https://static.www.nfl.com/image/private/f_auto,q_auto/league/ohbflu6qiu0lcpquot0k"
Easton Stick,"https://static.www.nfl.com/image/upload/f_auto,q_auto/league/rspxeh6kxzfr7ftkcywh"
Ed Baker,
Ed Blount,"https://static.www.nfl.com/image/private/f_auto,q_auto/league/b7p53trmsvlzzsyzyk9d"
Ed Brown,
Ed Dickson,"https://static.www.nfl.com/image/private/f_auto,q_auto/league/qtxat8xwaclkqfkj5lrq"
Ed Holler,
Ed Kovac,
Ed Luther,"https://static.www.nfl.com/image/private/f_auto,q_auto/league/p8bumbsjftk9d56tszhc"
Ed Marinaro,"https://static.www.nfl.com/image/private/f_auto,q_auto/league/p5ut4t6yrzboyf3nho9q"
Ed McCaffrey,"https://static.www.nfl.com/image/private/f_auto,q_auto/league/woek7ubvo99so2ninrs5"
Ed O'Neil,"https://static.www.nfl.com/image/private/f_auto,q_auto/league/uvnwlkuxbflbpvdqon1l"
Ed Podolak,"https://static.www.nfl.com/image/private/f_auto,q_auto/league/sl6vc77msoeynqnvshlx"
Ed Rubbert,"https://static.www.nfl.com/image/private/f_auto,q_auto/league/uldcyc0byofg5gboiboh"
Ed Sutton,
Ed Tillison,"https://static.www.nfl.com/image/private/f_auto,q_auto/league/atfzez69ollatxaq3u4d"
Ed Toner,"https://static.www.nfl.com/image/private/f_auto,q_auto/league/mkguvc897s6riwp3vl8j"
Ed Vereb,
Ed West,"https://static.www.nfl.com/image/private/f_auto,q_auto/league/tiztplomwmzyqvdjnici"
Ed Williams,"https://static.www.nfl.com/image/private/f_auto,q_auto/league/tbfmtsz09setqkv5zlvl"
Edd Hargett,
Eddie Bell,"https://static.www.nfl.com/image/private/f_auto,q_auto/league/ldpytabrum0gsu0xostl"
Eddie Brown,"https://static.www.nfl.com/image/private/f_auto,q_auto/league/fhjtz0eze4ptsyzoih8d"
Eddie Drummond,"https://static.www.nfl.com/image/private/f_auto,q_auto/league/gnxommvcmeqdemvrjpig"
Eddie Fuller,"https://static.www.nfl.com/image/private/f_auto,q_auto/league/uyetspfuqyybddzo9cgo"
Eddie George,"https://static.www.nfl.com/image/private/f_auto,q_auto/league/htepvetwtvjnl3viu9af"
Eddie Hare,"https://static.www.nfl.com/image/private/f_auto,q_auto/league/yr0znjbgrzjbo22rioye"
Eddie Hicks,"https://static.www.nfl.com/image/private/f_auto,q_auto/league/qssxhpzbhbso5gskmvqw"
Eddie Hill,"https://static.www.nfl.com/image/private/f_auto,q_auto/league/tzdmcss0ssf5qxpovewx"
Eddie Hinton,"https://static.www.nfl.com/image/private/f_auto,q_auto/league/e20k5qp5myhkms1ubf1u"
Eddie Johnson,"https://static.www.nfl.com/image/private/f_auto,q_auto/league/wbzbdigcs0rjk97xfbgu"
Eddie Kennison,"https://static.www.nfl.com/image/private/f_auto,q_auto/league/wh50rjege8ht41ht5yw9"
Eddie Lacy,"https://static.www.nfl.com/image/private/f_auto,q_auto/league/ckn4luxcj2oc2c24fh7i"
Eddie LeBaron,
Eddie Lee Ivery,"https://static.www.nfl.com/image/private/f_auto,q_auto/league/fwx0ce258pvztzgnzrtl"
Eddie Meador,
Eddie Moss,"https://static.www.nfl.com/image/private/f_auto,q_auto/league/n42pd3kci7d0tshpgjq3"
Eddie Payton,"https://static.www.nfl.com/image/private/f_auto,q_auto/league/tvkc5jqgxj6ya9q8icva"
Eddie Ray,"https://static.www.nfl.com/image/private/f_auto,q_auto/league/o3yvwifkxtgaws09gz4v"
Eddie Royal,"https://static.www.nfl.com/image/private/f_auto,q_auto/league/xoejgvlit9inmaazsvk4"
Eddie Watson,
Edell Shepherd,"https://static.www.nfl.com/image/private/f_auto,q_auto/league/fzqtmk4wle1nbeljqxbx"
Edgar Bennett,"https://static.www.nfl.com/image/private/f_auto,q_auto/league/ypwsi8hiiycvtejvlbvr"
Edgerrin James,"https://static.www.nfl.com/image/private/f_auto,q_auto/league/g7i6v01dasbvebawxwdm"
Edwin Baker,"https://static.www.nfl.com/image/private/f_auto,q_auto/league/bs2vqotuhacmgldbwcoy"
Edwin Lovelady,"https://static.www.nfl.com/image/private/f_auto,q_auto/league/lpvtgzqeoy3tz6lhx1yk"
Eldra Buckley,"https://static.www.nfl.com/image/private/f_auto,q_auto/league/edkm79nx0y0k4yj3zv2h"
Elgin Davis,"https://static.www.nfl.com/image/private/f_auto,q_auto/league/ehy8ptkc1s1mfgs6sagx"
Eli Manning,"https://static.www.nfl.com/image/private/f_auto,q_auto/league/w51tf8uedjftbr4qpaex"
Eli Rogers,"https://static.www.nfl.com/image/private/f_auto,q_auto/league/wj9e3uvudi1wvdsr0qdi"
Elijah Dotson,"https://static.www.nfl.com/image/upload/f_auto,q_auto/league/yx9vzbdqe6khlgdanbk3"
Elijah McGuire,"https://static.www.nfl.com/image/private/f_auto,q_auto/league/hf6svwovhi83xfee214j"
Elijah Mitchell,"https://static.www.nfl.com/image/upload/f_auto,q_auto/league/xf383ph8bz6dpp0u9lcd"
Elijah Moore,"https://static.www.nfl.com/image/upload/f_auto,q_auto/league/wax90oyx9vs0x9j4nt5n"
Elijah Pitts,
Elijah Williams,"https://static.www.nfl.com/image/upload/f_auto,q_auto/league/jdad4ub2ljy6hynzxmb4"
Elijhaa Penny,"https://static.www.nfl.com/image/private/f_auto,q_auto/league/jiebuu94lu81xzneqrsf"
Elmo Wright,"https://static.www.nfl.com/image/private/f_auto,q_auto/league/tbuz6ceq8r1bgsi2jxt2"
Elroy Harris,"https://static.www.nfl.com/image/private/f_auto,q_auto/league/pyocchmgz99ly7sw8sz4"
Elton Veals,"https://static.www.nfl.com/image/private/f_auto,q_auto/league/gcsosbr3oju1jspokq3a"
Elvis Grbac,"https://static.www.nfl.com/image/private/f_auto,q_auto/league/s4ry52iclpzzgg1aave6"
Elvis Joseph,"https://static.www.nfl.com/image/private/f_auto,q_auto/league/vxhkwilgu3nakeyxk6gl"
Elvis Peacock,"https://static.www.nfl.com/image/private/f_auto,q_auto/league/qkjyteriotkbhjpmlsq2"
Emanuel Wilson,"https://static.www.nfl.com/image/upload/f_auto,q_auto/league/uorruvczsxzvffpbxu8z"
Emari Demercado,"https://static.www.nfl.com/image/upload/f_auto,q_auto/league/wu0sm9ttr4aiugi9fquf"
Emeka Egbuka,"https://static.www.nfl.com/image/upload/f_auto,q_auto/league/z224kbzs62rjuykc0vha"
Emerson Boozer,"https://static.www.nfl.com/image/private/f_auto,q_auto/league/kjnqbuefsrffzg5jhwiz"
Emery Moorehead,"https://static.www.nfl.com/image/private/f_auto,q_auto/league/bsloik0nr27udtkhpuok"
Emile Harry,"https://static.www.nfl.com/image/private/f_auto,q_auto/league/e4at938xcnarolzathar"
Emmanuel Sanders,"https://static.www.nfl.com/image/private/f_auto,q_auto/league/potkibjtm855tsawozs0"
Emmett Edwards,"https://static.www.nfl.com/image/private/f_auto,q_auto/league/iaddxekiabykhrjs9qs4"
Emmitt Smith,"https://static.www.nfl.com/image/private/f_auto,q_auto/league/ub78gyoyi3x1wlaow49n"
Eno Benjamin,"https://static.www.nfl.com/image/private/f_auto,q_auto/league/ibizpqkleka4az4mprvz"
Equanimeous St. Brown,"https://static.www.nfl.com/image/upload/f_auto,q_auto/league/yqojuedjvxtydgd9tgpr"
Eric Ball,"https://static.www.nfl.com/image/private/f_auto,q_auto/league/dptblfslfwnrtu6lhxsi"
Eric Bieniemy,"https://static.www.nfl.com/image/private/f_auto,q_auto/league/ht262xobhq7ecc6pmojf"
Eric Bjornson,"https://static.www.nfl.com/image/private/f_auto,q_auto/league/xoidrz5pio1s2iq4xclv"
Eric Blount,"https://static.www.nfl.com/image/private/f_auto,q_auto/league/c4oxldfqnc1bnl07pozx"
Eric Cobble,"https://static.www.nfl.com/image/private/f_auto,q_auto/league/arydvpa164ocb9kqdd55"
Eric Crabtree,
Eric Decker,"https://static.www.nfl.com/image/private/f_auto,q_auto/league/jg5ftnvxz4jdiajzeoyn"
Eric Dickerson,"https://static.www.nfl.com/image/private/f_auto,q_auto/league/jhnq2bvn8ryvxiwlfhk8"
Eric Ebron,"https://static.www.nfl.com/image/private/f_auto,q_auto/league/uaxsxymncppase7ihczd"
Eric Gray,"https://static.www.nfl.com/image/upload/f_auto,q_auto/league/ijjxwxv1ccyowzhpuw2k"
Eric Guliford,"https://static.www.nfl.com/image/private/f_auto,q_auto/league/vh5iwwicesy3clknqq7x"
Eric Hipple,"https://static.www.nfl.com/image/private/f_auto,q_auto/league/bmbixu0mxxrxmdsc3grb"
Eric Kresser,"https://static.www.nfl.com/image/private/f_auto,q_auto/league/cgt2gboo2imwv2nwxad6"
Eric Lane,"https://static.www.nfl.com/image/private/f_auto,q_auto/league/ds4cju0lrpjyevok0wrv"
Eric Lynch,"https://static.www.nfl.com/image/private/f_auto,q_auto/league/v5naizmrtbmzrjaurdom"
Eric Martin,"https://static.www.nfl.com/image/private/f_auto,q_auto/league/h5fog4mzqcsyk7a31krc"
Eric McCoo,"https://static.www.nfl.com/image/private/f_auto,q_auto/league/qpjzihr3agheccubkh2u"
Eric Metcalf,"https://static.www.nfl.com/image/private/f_auto,q_auto/league/rtb4zaiesb4liauhju9c"
Eric Moulds,"https://static.www.nfl.com/image/private/f_auto,q_auto/league/zsgfiuckq4ha4j39dyue"
Eric Mullins,"https://static.www.nfl.com/image/private/f_auto,q_auto/league/aiovwuroumfklon2hx07"
Eric Page,"https://static.www.nfl.com/image/private/f_auto,q_auto/league/dzjjftetksqfyu5slz7o"
Eric Parker,"https://static.www.nfl.com/image/private/f_auto,q_auto/league/tlwtp9cu5ypt5mrb1jf3"
Eric Shelton,"https://static.www.nfl.com/image/private/f_auto,q_auto/league/rhnpbsgdziecvxmuufuw"
Eric Sievers,"https://static.www.nfl.com/image/private/f_auto,q_auto/league/wy2fwgtut1e5scsyb5ib"
Eric Smith,"https://static.www.nfl.com/image/private/f_auto,q_auto/league/wtnz4bhlukzuzc6wzg38"
Eric Streater,"https://static.www.nfl.com/image/private/f_auto,q_auto/league/l5djdk4qpybbgd2mimfp"
Eric Swann,"https://static.www.nfl.com/image/private/f_auto,q_auto/league/ysolunufhbzbqkziiw2r"
Eric Torkelson,"https://static.www.nfl.com/image/private/f_auto,q_auto/league/rzakfwisbgtwqedgppe2"
Eric Weddle,"https://static.www.nfl.com/image/private/f_auto,q_auto/league/zpf0d4cmeobcjjudzghs"
Eric Weems,"https://static.www.nfl.com/image/private/f_auto,q_auto/league/kptsfekcpfukewtim9kz"
Eric Zeier,"https://static.www.nfl.com/image/private/f_auto,q_auto/league/qnheqzrnmuupnxcblqak"
Erik Bickerstaff,"https://static.www.nfl.com/image/private/f_auto,q_auto/league/y6tlswbojxnbkcxbqv1x"
Erik Ezukanma,"https://static.www.nfl.com/image/upload/f_auto,q_auto/league/jlhjonsu8idqrcj6tune"
Erik Harris,"https://static.www.nfl.com/image/private/f_auto,q_auto/league/vzqjwjllaqqqmrvvqwry"
Erik Kramer,"https://static.www.nfl.com/image/private/f_auto,q_auto/league/ki0klfaycq3bhbcrjddx"
Erik Lorig,"https://static.www.nfl.com/image/private/f_auto,q_auto/league/wsiio23oikmssvftggbu"
Erik Wilhelm,"https://static.www.nfl.com/image/private/f_auto,q_auto/league/wxr77gux79rgylz8aw8f"
Ernest Givins,"https://static.www.nfl.com/image/private/f_auto,q_auto/league/zkvwfhaul3crsorbnrdq"
Ernest Pough,"https://static.www.nfl.com/image/private/f_auto,q_auto/league/tqwugptfzvxp6mkgso3w"
Ernie Conwell,"https://static.www.nfl.com/image/private/f_auto,q_auto/league/rtb7sinjaratqbw4zjpn"
Ernie Green,
Ernie Jones,"https://static.www.nfl.com/image/private/f_auto,q_auto/league/vb6p6xi9drydfvpz3ukc"
Ernie Koy,
Ernie Mills,"https://static.www.nfl.com/image/private/f_auto,q_auto/league/b7nmfhudprwoh3ttmdyc"
Ernie Thompson,"https://static.www.nfl.com/image/private/f_auto,q_auto/league/vdsbh5jcld6p498g5ts9"
Ernie Wheelwright,"https://static.www.nfl.com/image/private/f_auto,q_auto/league/m55gaoyxyyuk7kywb6zg"
Erric Pegram,"https://static.www.nfl.com/image/private/f_auto,q_auto/league/gpcbjjmbxaexpzimpkgw"
Errict Rhett,"https://static.www.nfl.com/image/private/f_auto,q_auto/league/cbybojhyxejpmwmftyn8"
Essex Johnson,"https://static.www.nfl.com/image/private/f_auto,q_auto/league/cxcs6kvz8axno2c2gfci"
Ethan Horton,"https://static.www.nfl.com/image/private/f_auto,q_auto/league/h6hmzuszukaxxz9eumag"
Eugene Goodlow,"https://static.www.nfl.com/image/private/f_auto,q_auto/league/gqkcimrlqccf515muzcd"
Evan Engram,"https://static.www.nfl.com/image/upload/f_auto,q_auto/league/nucl2dxmpvhlywhyro8o"
Evan Hull,"https://static.www.nfl.com/image/upload/f_auto,q_auto/league/xyyujk9mvvzegaiefp51"
Evan Royster,"https://static.www.nfl.com/image/private/f_auto,q_auto/league/s0jqc6aiga9suvfs3fnf"
Ezekiel Elliott,"https://static.www.nfl.com/image/upload/f_auto,q_auto/league/d4yr6htg4dbs0bgcfqnd"
Ezekiel Turner,"https://static.www.nfl.com/image/upload/f_auto,q_auto/league/jl6qf1nrpmkezxjtc5ic"
Fabien Bownes,"https://static.www.nfl.com/image/private/f_auto,q_auto/league/gemtrbecgdahfmnyathj"
Feleipe Franks,"https://static.www.nfl.com/image/upload/f_auto,q_auto/league/nbn1wxlh6los4y2am3ro"
Felix Jones,"https://static.www.nfl.com/image/private/f_auto,q_auto/league/ngb1gmj8swqnvh6f9n3r"
Ferrell Edmunds,"https://static.www.nfl.com/image/private/f_auto,q_auto/league/gvkxhbiw7vtoo0grphuh"
Fitzgerald Toussaint,"https://static.www.nfl.com/image/private/f_auto,q_auto/league/rckiakioqzv7cjqaeg1d"
Flipper Anderson,"https://static.www.nfl.com/image/private/f_auto,q_auto/league/wi8asapfckhlhtide0vz"
Floyd Dixon,"https://static.www.nfl.com/image/private/f_auto,q_auto/league/veowtx65vqoqye3cna4h"
Floyd Eddings,"https://static.www.nfl.com/image/private/f_auto,q_auto/league/aeduzvkzctigudqyq8a1"
Floyd Hodge,"https://static.www.nfl.com/image/private/f_auto,q_auto/league/ur4gcoezv2bxiv2gumo6"
Floyd Little,"https://static.www.nfl.com/image/private/f_auto,q_auto/league/ojkvdxv5e5xisbxrosev"
Floyd Turner,"https://static.www.nfl.com/image/private/f_auto,q_auto/league/paltzzaicvssmczbo8rr"
Fozzy Whittaker,"https://static.www.nfl.com/image/private/f_auto,q_auto/league/lyk6elzqjynnxbxe6qlr"
Fran Lynch,"https://static.www.nfl.com/image/private/f_auto,q_auto/league/r3nx0u1prkvm8hytbe5j"
Fran Tarkenton,"https://static.www.nfl.com/image/private/f_auto,q_auto/league/ihf6rynix853sp4e3sjp"
Franco Harris,"https://static.www.nfl.com/image/private/f_auto,q_auto/league/ajagqtwni1q9a0lcbzwq"
Frank Cephous,"https://static.www.nfl.com/image/private/f_auto,q_auto/league/agazixuprdtyderbu1ji"
Frank Clarke,
Frank Garcia,"https://static.www.nfl.com/image/private/f_auto,q_auto/league/oifddp05rrlxphquae8y"
Frank Gifford,
Frank Gore,"https://static.www.nfl.com/image/private/f_auto,q_auto/league/gfuklcqmphmdy9ncwrdt"
Frank Grant,"https://static.www.nfl.com/image/private/f_auto,q_auto/league/ljnviufuvakqfyttjgtp"
Frank Harris,"https://static.www.nfl.com/image/private/f_auto,q_auto/league/jjmqcyufndwinbsddeph"
Frank Hawkins,"https://static.www.nfl.com/image/private/f_auto,q_auto/league/haqw9l7ckh7lvqsxobp9"
Frank LeMaster,"https://static.www.nfl.com/image/private/f_auto,q_auto/league/tyjpna88vqgnjlw6io26"
Frank Lewis,"https://static.www.nfl.com/image/private/f_auto,q_auto/league/lmmh3fgdt3xu45gjssm0"
Frank Manumaleuga,"https://static.www.nfl.com/image/private/f_auto,q_auto/league/jctoujbcuedh2p5xybuc"
Frank Mestnik,
Frank Middleton,"https://static.www.nfl.com/image/private/f_auto,q_auto/league/crwidc1oqbjndi3ffb9y"
Frank Moreau,"https://static.www.nfl.com/image/private/f_auto,q_auto/league/v5dea5nklw77zbawafeo"
Frank Patrick,
Frank Pitts,"https://static.www.nfl.com/image/private/f_auto,q_auto/league/dme3ntxummmigygn13xy"
Frank Pollard,"https://static.www.nfl.com/image/private/f_auto,q_auto/league/osvclb4mi0mzcrenduhh"
Frank Reich,"https://static.www.nfl.com/image/private/f_auto,q_auto/league/nkpm0bxnw4rcborbzelx"
Frank Ryan,
Frank Sanders,"https://static.www.nfl.com/image/private/f_auto,q_auto/league/v3rh05ps0k9d8wahpyxc"
Frank Seurer,"https://static.www.nfl.com/image/private/f_auto,q_auto/league/mu1zsjfcosqvw5t603eg"
Frank Summers,"https://static.www.nfl.com/image/private/f_auto,q_auto/league/ejcir2cyasryqe6im7my"
Frank Wattelet,"https://static.www.nfl.com/image/private/f_auto,q_auto/league/s8prythag7gr6sjwkmb5"
Frank Wycheck,"https://static.www.nfl.com/image/private/f_auto,q_auto/league/in369qjr6yktjab7p5dv"
Frankie Neal,"https://static.www.nfl.com/image/private/f_auto,q_auto/league/q90vu673czbsphkmq05h"
Fred Banks,"https://static.www.nfl.com/image/private/f_auto,q_auto/league/zu8p4ibs0lvt0nhreh35"
Fred Barnett,"https://static.www.nfl.com/image/private/f_auto,q_auto/league/ixrhtxztda3vyhkqlw2b"
Fred Beasley,"https://static.www.nfl.com/image/private/f_auto,q_auto/league/umrhfjqh3zwaqrj20h48"
Fred Davis,"https://static.www.nfl.com/image/upload/f_auto,q_auto/league/cggb4uh3hy1gzmyuqk4v"
Fred DiRenzo,"https://static.www.nfl.com/image/private/f_auto,q_auto/league/okrvwgxbnl26ifqaqud1"
Fred Dugan,
Fred Hill,
Fred Jackson,"https://static.www.nfl.com/image/private/f_auto,q_auto/league/ibu4ltouiplhatsn4ptq"
Fred Jones,"https://static.www.nfl.com/image/private/f_auto,q_auto/league/a0j0pxvaldcwitalt5s8"
Fred Lane,"https://static.www.nfl.com/image/private/f_auto,q_auto/league/mcdmcllputhvpddnzakq"
Fred McAfee,"https://static.www.nfl.com/image/private/f_auto,q_auto/league/axjze7yavslh4j3q8i3z"
Fred McCrary,"https://static.www.nfl.com/image/private/f_auto,q_auto/league/h2po9khghnwirifjrtht"
Fred Pagac,"https://static.www.nfl.com/image/private/f_auto,q_auto/league/rt1z1acykggpgxhddr0u"
Fred Taylor,"https://static.www.nfl.com/image/private/f_auto,q_auto/league/hj3mtwjx0byr01a7463p"
Fred Willis,"https://static.www.nfl.com/image/private/f_auto,q_auto/league/ljcrf0tz44gzimh6ib03"
Freddie Bradley,"https://static.www.nfl.com/image/private/f_auto,q_auto/league/lolkmkz9xo25foezc9pj"
Freddie Mitchell,"https://static.www.nfl.com/image/private/f_auto,q_auto/league/rbnq3f5tf0ptqphbckkp"
Freddie Parker,
Freddie Scott,"https://static.www.nfl.com/image/private/f_auto,q_auto/league/bdjgfyfsibxmrbmecj4a"
Freddie Solomon,"https://static.www.nfl.com/image/private/f_auto,q_auto/league/q80s0ypa7n3mxykuk3jk"
Freddie Swain,"https://static.www.nfl.com/image/upload/f_auto,q_auto/league/ir3qlibvnweezkfabv50"
Freeman McNeil,"https://static.www.nfl.com/image/private/f_auto,q_auto/league/heaedw8ihtywzevb8wvg"
Frisman Jackson,"https://static.www.nfl.com/image/private/f_auto,q_auto/league/dxefpjcoiavelb1qugue"
Gabe Davis,"https://static.www.nfl.com/image/upload/f_auto,q_auto/league/rlmgjtfct5qjtbwcjqg6"
Gabe Nabers,"https://static.www.nfl.com/image/private/f_auto,q_auto/league/dbxerjvfk8aqe26t0eny"
Gabriel Davis,
Gage Larvadain,"https://static.www.nfl.com/image/upload/f_auto,q_auto/league/sivfugvzbbxrgkvxr5cb"
Gail Cogdill,
Gale Gilbert,"https://static.www.nfl.com/image/private/f_auto,q_auto/league/qxjcyumzw5h3hody2l7i"
Gale Sayers,
Galen Hall,
Gardner Minshew,"https://static.www.nfl.com/image/upload/f_auto,q_auto/league/knlacyr7rqfkcxiriudj"
Gardner Minshew II,
Garland Jean-Batiste,"https://static.www.nfl.com/image/private/f_auto,q_auto/league/mjxreitw7phd9trx7apm"
Garrett Gilbert,"https://static.www.nfl.com/image/private/f_auto,q_auto/league/tqn0pjemxn7hoze93kwa"
Garrett Limbrick,"https://static.www.nfl.com/image/private/f_auto,q_auto/league/d6tqvyxpxycg319kf8ne"
Garrett Wilson,"https://static.www.nfl.com/image/upload/f_auto,q_auto/league/upxwxmhdd8xluztgqwhe"
Garrett Wolfe,"https://static.www.nfl.com/image/private/f_auto,q_auto/league/glq6igwsbpcxp8jugtsd"
Garrison Hearst,"https://static.www.nfl.com/image/private/f_auto,q_auto/league/cskz5dnxqszembvw4mgb"
Garry James,"https://static.www.nfl.com/image/private/f_auto,q_auto/league/uyfhmr9wvmhietzzwboo"
Garry Lyle,"https://static.www.nfl.com/image/private/f_auto,q_auto/league/vehxb4focijdgtsxjbpl"
Gartrell Johnson,"https://static.www.nfl.com/image/private/f_auto,q_auto/league/zu59euhbar8chxycbsc5"
Gary Allen,"https://static.www.nfl.com/image/private/f_auto,q_auto/league/xryhq62iztd6ooutzeyj"
Gary Anderson,"https://static.www.nfl.com/image/private/f_auto,q_auto/league/emszawiplqkjhy0rwgmi"
Gary Ballman,
Gary Beban,
Gary Brightwell,"https://static.www.nfl.com/image/upload/f_auto,q_auto/league/cwvxh10m5jw2gkbahtck"
Gary Brown,"https://static.www.nfl.com/image/private/f_auto,q_auto/league/bflqsfix92hrwlkgaxsh"
Gary Butler,"https://static.www.nfl.com/image/private/f_auto,q_auto/league/gk8uzafftvq11sz4f2gn"
Gary Clark,"https://static.www.nfl.com/image/private/f_auto,q_auto/league/xrwtecojststjlvqazke"
Gary Collins,
Gary Cuozzo,
Gary Danielson,"https://static.www.nfl.com/image/private/f_auto,q_auto/league/vag08i1oekw4yvjxphto"
Gary Davis,"https://static.www.nfl.com/image/private/f_auto,q_auto/league/u0f9plssr6owllm38yrw"
Gary Downs,"https://static.www.nfl.com/image/private/f_auto,q_auto/league/qtzrxhtsegthoordmmcz"
Gary Ellerson,"https://static.www.nfl.com/image/private/f_auto,q_auto/league/rx1fis1s59rcklnay3gr"
Gary Garrison,"https://static.www.nfl.com/image/private/f_auto,q_auto/league/drhfcvbzpohtnme4uqx2"
Gary Glick,
Gary Hammond,"https://static.www.nfl.com/image/private/f_auto,q_auto/league/jgtvhtl3r7htp3vrjr09"
Gary Hayman,"https://static.www.nfl.com/image/private/f_auto,q_auto/league/yqv5m138p6uef8qjoigv"
Gary Hogeboom,"https://static.www.nfl.com/image/private/f_auto,q_auto/league/w9inwhfdml5yn7rxn8au"
Gary Huff,"https://static.www.nfl.com/image/private/f_auto,q_auto/league/cv8ivflpgd6ojol8b4lc"
Gary Keithley,"https://static.www.nfl.com/image/private/f_auto,q_auto/league/ympsuh0p6tcs9ijtwepy"
Gary Kosins,"https://static.www.nfl.com/image/private/f_auto,q_auto/league/lgoyowiqks4ysczuknto"
Gary Kubiak,"https://static.www.nfl.com/image/private/f_auto,q_auto/league/e9tkipvmkvz3zoopendk"
Gary Lane,
Gary Lewis,"https://static.www.nfl.com/image/private/f_auto,q_auto/league/r9wuu8o1imqak66wqp85"
Gary Marangi,"https://static.www.nfl.com/image/private/f_auto,q_auto/league/fezvxpo0eooxebxvfewr"
Gary McDermott,
Gary Plummer,"https://static.www.nfl.com/image/private/f_auto,q_auto/league/kwlmagykiovpep3xwy01"
Gary Reasons,"https://static.www.nfl.com/image/private/f_auto,q_auto/league/hkja8cms3ljonb2l6kfo"
Gary Russell,"https://static.www.nfl.com/image/private/f_auto,q_auto/league/k831yduw2lx797219drc"
Gary Wellman,"https://static.www.nfl.com/image/private/f_auto,q_auto/league/vqlrb9htva4sommtytma"
Gary Wilkins,"https://static.www.nfl.com/image/private/f_auto,q_auto/league/qbu9q67rl5thh0ighggj"
Gary Wood,
Gaston Green,"https://static.www.nfl.com/image/private/f_auto,q_auto/league/qivwkmudjkfnxe5s0og7"
Gene Babb,
Gene Chilton,"https://static.www.nfl.com/image/private/f_auto,q_auto/league/hwvsvrggb4uk8j0ekd6h"
Gene Foster,
Gene Lang,"https://static.www.nfl.com/image/private/f_auto,q_auto/league/vox8eyj8btauhose5iuh"
Gene Moore,
Gene Washington,"https://static.www.nfl.com/image/private/f_auto,q_auto/league/icxvedzkjvb8lgl4ygco"
Geno Smith,"https://static.www.nfl.com/image/upload/f_auto,q_auto/league/zppfqqcyjfma14jjif3a"
George Adams,"https://static.www.nfl.com/image/private/f_auto,q_auto/league/az7w0uulag2praliusgu"
George Amundson,"https://static.www.nfl.com/image/private/f_auto,q_auto/league/g5nbhkyea1hjc9awvgln"
George Atkinson,"https://static.www.nfl.com/image/private/f_auto,q_auto/league/udjcw8aaomkitgbqjacq"
George Blanda,"https://static.www.nfl.com/image/private/f_auto,q_auto/league/aofp1gfh2uwiundjxs4h"
George Farmer,"https://static.www.nfl.com/image/private/f_auto,q_auto/league/ea2v279ll0rtucdw6rqs"
George Franklin,"https://static.www.nfl.com/image/private/f_auto,q_auto/league/e2a4ujswjyvo5g1cwxiw"
George Holani,"https://static.www.nfl.com/image/upload/f_auto,q_auto/league/pgwvv5qhcmnwf3tomy1a"
George Hughley,
George Izo,
George Jones,"https://static.www.nfl.com/image/private/f_auto,q_auto/league/mzwnxxg3zmvwjmhuubuf"
George Kittle,"https://static.www.nfl.com/image/upload/f_auto,q_auto/league/vkicdglglkyukgyxtmpx"
George Layne,"https://static.www.nfl.com/image/private/f_auto,q_auto/league/phkj3tg1sswoiclzktpp"
George Mira,
George Nock,
George Peoples,"https://static.www.nfl.com/image/private/f_auto,q_auto/league/hdn0f6gxzzfvedxxspap"
George Pickens,"https://static.www.nfl.com/image/upload/f_auto,q_auto/league/cbpyykoguf7rsxezqzvk"
George Ragsdale,"https://static.www.nfl.com/image/private/f_auto,q_auto/league/umbf9co6jsykj97c2iz1"
George Roberts,"https://static.www.nfl.com/image/private/f_auto,q_auto/league/dnto7twbquuh9pkpnx2f"
George Rogers,"https://static.www.nfl.com/image/private/f_auto,q_auto/league/z3rsy4cg7zwa8gnlk0e7"
George Shaw,
George Wilson,"https://static.www.nfl.com/image/private/f_auto,q_auto/league/b1oqmr5bi0phx6mjomla"
George Winn,"https://static.www.nfl.com/image/private/f_auto,q_auto/league/bpqkhgre4v8qec7nnrov"
George Winslow,"https://static.www.nfl.com/image/private/f_auto,q_auto/league/dur9c6idy703sc9fzn5j"
George Wonsley,"https://static.www.nfl.com/image/private/f_auto,q_auto/league/qyiq2yis2ulqdmhggmc8"
Gerald Carter,"https://static.www.nfl.com/image/private/f_auto,q_auto/league/q4db1hbxogakgrydotcz"
Gerald Everett,"https://static.www.nfl.com/image/upload/f_auto,q_auto/league/aayw74rhaupmfnnikzak"
Gerald McNeil,"https://static.www.nfl.com/image/private/f_auto,q_auto/league/xfoarznekdqou2jo6sbi"
Gerald Riggs,"https://static.www.nfl.com/image/private/f_auto,q_auto/league/b95dwlkkxg4a63p4xz7d"
Gerald Tinker,"https://static.www.nfl.com/image/private/f_auto,q_auto/league/jcnrxwiyucwwbbs3l3ll"
Gerald White,"https://static.www.nfl.com/image/private/f_auto,q_auto/league/w30hyyaqljzdkk3ndxp6"
Gerald Willhite,"https://static.www.nfl.com/image/private/f_auto,q_auto/league/zjmqmpkrs9akb6ziwt7u"
Germane Crowell,"https://static.www.nfl.com/image/private/f_auto,q_auto/league/pbrzbrc3yf1hl1zokhqi"
Geronimo Allison,"https://static.www.nfl.com/image/private/f_auto,q_auto/league/pngohl9rhrwyiaf7ywnz"
Gerry Allen,
Gerry Ellis,"https://static.www.nfl.com/image/private/f_auto,q_auto/league/h9ltxvlkbzbval2kkrbn"
Gifford Nielsen,"https://static.www.nfl.com/image/private/f_auto,q_auto/league/gqcxmm0f00h6ezzth6qg"
Gilbert Harris,"https://static.www.nfl.com/image/private/f_auto,q_auto/league/azhpirzeyqlkqmoejyj5"
Gill Fenerty,"https://static.www.nfl.com/image/private/f_auto,q_auto/league/c7m6uno3i7nt25spnbpg"
Gino Torretta,"https://static.www.nfl.com/image/private/f_auto,q_auto/league/yxce6b3hlrvhjd66qvuv"
Giovani Bernard,"https://static.www.nfl.com/image/private/f_auto,q_auto/league/guht9y14gftgsugb87xz"
Glen Bonner,"https://static.www.nfl.com/image/private/f_auto,q_auto/league/jxlazpss45mrsfi01tum"
Glen Coffee,"https://static.www.nfl.com/image/private/f_auto,q_auto/league/berychx1m7cowcm4nxwz"
Glen Kozlowski,"https://static.www.nfl.com/image/private/f_auto,q_auto/league/bq7plnfpkfcl1uwi7pw1"
Glenn Bujnoch,"https://static.www.nfl.com/image/private/f_auto,q_auto/league/wdrywtdwcp5mm2vgao05"
Glenn Carano,"https://static.www.nfl.com/image/private/f_auto,q_auto/league/tpsrhddvz1jlvekntyu5"
Glenn Dennison,"https://static.www.nfl.com/image/private/f_auto,q_auto/league/nyknz9mvzybb2sp1ecjx"
Glenn Doughty,"https://static.www.nfl.com/image/private/f_auto,q_auto/league/jbocccbjskpb1b7eawgu"
Glenn Foley,"https://static.www.nfl.com/image/private/f_auto,q_auto/league/mmg3wmyt52x7nvtkdbvy"
Glenn Holt,"https://static.www.nfl.com/image/private/f_auto,q_auto/league/r9cq0f3pfy48wl0q5j6p"
Glenn Shaw,
Glenn Winston,"https://static.www.nfl.com/image/private/f_auto,q_auto/league/hiwtcqx6qtcgtwejlc59"
Gloster Richardson,"https://static.www.nfl.com/image/private/f_auto,q_auto/league/nf4ttvna34bs97pvxa9m"
Glyn Milburn,"https://static.www.nfl.com/image/private/f_auto,q_auto/league/kk7n3rfpwoovefqdo8kl"
Glynn Griffing,
Glynn Harrison,"https://static.www.nfl.com/image/private/f_auto,q_auto/league/erdjheukuercdbqbvr9w"
Godwin Igwebuike,"https://static.www.nfl.com/image/private/f_auto,q_auto/league/d0jsvuhu4xwkyegnlauh"
Golden Richards,"https://static.www.nfl.com/image/private/f_auto,q_auto/league/di4vsdq3xjkgbyt095fr"
Golden Tate,"https://static.www.nfl.com/image/private/f_auto,q_auto/league/yfqebrp2o9t1gt1wqjku"
Gordie Smith,
Gordon Banks,"https://static.www.nfl.com/image/private/f_auto,q_auto/league/hrxmving8qeykepxf9uo"
Gordon Bell,"https://static.www.nfl.com/image/private/f_auto,q_auto/league/o4gyhralhefotymeyz9c"
Gordon Brown,"https://static.www.nfl.com/image/private/f_auto,q_auto/league/rukugh2lkln88bw9ycyh"
Gordon Jones,"https://static.www.nfl.com/image/private/f_auto,q_auto/league/ameqo1hpljs9wswxfs1o"
Graham Harrell,"https://static.www.nfl.com/image/private/f_auto,q_auto/league/nsm0shfxfsazckrfmfki"
Grant Stuard,"https://static.www.nfl.com/image/upload/f_auto,q_auto/league/n4pxuecujgacthcoxgql"
Greg Allen,"https://static.www.nfl.com/image/private/f_auto,q_auto/league/fldrhifyz7p3ve36drzi"
Greg Bell,"https://static.www.nfl.com/image/private/f_auto,q_auto/league/pwgknv82lzyx06iotxmw"
Greg Boone,"https://static.www.nfl.com/image/private/f_auto,q_auto/league/jmopkc0jaatmrj7qdq1b"
Greg Boykin,"https://static.www.nfl.com/image/private/f_auto,q_auto/league/thjpitugrxxlcyoq9yog"
Greg Buttle,"https://static.www.nfl.com/image/private/f_auto,q_auto/league/gn0jecuktjbw27jqr2w1"
Greg Camarillo,"https://static.www.nfl.com/image/private/f_auto,q_auto/league/zugugljoxmiyzvlfmbfl"
Greg Cater,"https://static.www.nfl.com/image/private/f_auto,q_auto/league/gbkzph9knjjmczwxar5a"
Greg Coleman,"https://static.www.nfl.com/image/private/f_auto,q_auto/league/jao2nismff9lybqoqoqt"
Greg Comella,"https://static.www.nfl.com/image/private/f_auto,q_auto/league/e70osgcsvfjjzvb87ney"
Greg Dortch,"https://static.www.nfl.com/image/upload/f_auto,q_auto/league/pylafoddjiqh4rhjlhpf"
Greg Dulcich,"https://static.www.nfl.com/image/upload/f_auto,q_auto/league/kw4cwgjl4kywh6le4sfh"
Greg Hawthorne,"https://static.www.nfl.com/image/private/f_auto,q_auto/league/gn9ea43dgpn3x734ed0f"
Greg Hill,"https://static.www.nfl.com/image/private/f_auto,q_auto/league/p6tbsxmhyz9bypvhhrbu"
Greg Horne,"https://static.www.nfl.com/image/private/f_auto,q_auto/league/q9eqm4ohw8kj4criskbs"
Greg Jennings,"https://static.www.nfl.com/image/private/f_auto,q_auto/league/jiemkcfkc893pfova8xv"
Greg Jones,"https://static.www.nfl.com/image/private/f_auto,q_auto/league/ksydsc7chyysjq0p0htj"
Greg Landry,"https://static.www.nfl.com/image/private/f_auto,q_auto/league/z4iewz102t4jrdsayiz0"
Greg Latta,"https://static.www.nfl.com/image/private/f_auto,q_auto/league/qkcti4hsgw5q3vqcagpf"
Greg Lewis,"https://static.www.nfl.com/image/private/f_auto,q_auto/league/obuetrcam4rajouag2sj"
Greg Little,"https://static.www.nfl.com/image/private/f_auto,q_auto/league/dxtiydnbaibkv9qxeazu"
Greg McElroy,"https://static.www.nfl.com/image/private/f_auto,q_auto/league/jt2vd2zz8ob8cpwmkgpj"
Greg McMurtry,"https://static.www.nfl.com/image/private/f_auto,q_auto/league/u5zn70p9q7sb2xccwnbr"
Greg Meehan,"https://static.www.nfl.com/image/private/f_auto,q_auto/league/ah2czuaoi64yaulchtww"
Greg Montgomery,"https://static.www.nfl.com/image/private/f_auto,q_auto/league/s7g2ze0vlrdnw2yymbs0"
Greg Oliver,"https://static.www.nfl.com/image/private/f_auto,q_auto/league/zite3iabrcqom5enylga"
Greg Paterra,"https://static.www.nfl.com/image/private/f_auto,q_auto/league/bytmblwb5ratep1uhpos"
Greg Pruitt,"https://static.www.nfl.com/image/private/f_auto,q_auto/league/kcfhqaxhwtew8qinlxxu"
Greg Robinson,"https://static.www.nfl.com/image/private/f_auto,q_auto/league/po4mxglpxhnlrkkfnmu8"
Greg Salas,"https://static.www.nfl.com/image/private/f_auto,q_auto/league/khz5y6n8bjartzhpz1pm"
Greg Ward,"https://static.www.nfl.com/image/private/f_auto,q_auto/league/avy32bijim6pgiiu8gtz"
Guido Merkens,"https://static.www.nfl.com/image/private/f_auto,q_auto/league/qpxvrcfvbexqwzgf0p3b"
Gunner Olszewski,"https://static.www.nfl.com/image/upload/f_auto,q_auto/league/q6fs5e2eotgeh47xeo74"
Gus Edwards,"https://static.www.nfl.com/image/upload/f_auto,q_auto/league/dyobqe3w5eypevsk3f2b"
Gus Frerotte,"https://static.www.nfl.com/image/private/f_auto,q_auto/league/arjzgtjgdzfjcsvwqkej"
Guy Benjamin,"https://static.www.nfl.com/image/private/f_auto,q_auto/league/mdwqy3is7wjppfpp0zd6"
Guy Prather,"https://static.www.nfl.com/image/private/f_auto,q_auto/league/htnnbpqcckay3akukszw"
Hakeem Nicks,"https://static.www.nfl.com/image/private/f_auto,q_auto/league/nbgeeeuhd0n4zrctfxce"
Hank Bauer,"https://static.www.nfl.com/image/private/f_auto,q_auto/league/mknsgwkfq3hhipnndbwf"
Hank Bjorklund,"https://static.www.nfl.com/image/private/f_auto,q_auto/league/dkha2hvdjatnqgq0f0bq"
Harlan Huckleby,"https://static.www.nfl.com/image/private/f_auto,q_auto/league/v6wowxlcoibmmzy9tq3d"
Harmon Wages,
Harold Alexander,"https://static.www.nfl.com/image/private/f_auto,q_auto/league/diyhxmodenpwt0elmkbc"
Harold Bailey,"https://static.www.nfl.com/image/private/f_auto,q_auto/league/xsve7hwzkwaa4fi3wlh2"
Harold Carmichael,"https://static.www.nfl.com/image/private/f_auto,q_auto/league/wefoaneozr3aqjxdl6ix"
Harold Fannin Jr.,"https://static.www.nfl.com/image/upload/f_auto,q_auto/league/fxublmpnxx9uggsddwik"
Harold Green,"https://static.www.nfl.com/image/private/f_auto,q_auto/league/lm765ei5zkdi01vq1cxm"
Harold Hart,"https://static.www.nfl.com/image/private/f_auto,q_auto/league/cpsw12qctcrihnvj2hyw"
Harold Jackson,"https://static.www.nfl.com/image/private/f_auto,q_auto/league/wdvvpjd2dctzlhortfwc"
Harold Morrow,"https://static.www.nfl.com/image/private/f_auto,q_auto/league/rlafcfxdxiqj7avhoccb"
Harold Ricks,"https://static.www.nfl.com/image/private/f_auto,q_auto/league/xcny0q0zmcaycyfpykrq"
Harold Shaw,"https://static.www.nfl.com/image/private/f_auto,q_auto/league/fqpfiajookcjrncrbwho"
Harper LeBel,"https://static.www.nfl.com/image/private/f_auto,q_auto/league/mh1qigaqqx26ddu57y2i"
Harrison Bryant,"https://static.www.nfl.com/image/upload/f_auto,q_auto/league/gmguayurr96nolimwmyn"
Harrison Davis,"https://static.www.nfl.com/image/private/f_auto,q_auto/league/uwku1qklty7xo4izhgky"
Harry Douglas,"https://static.www.nfl.com/image/private/f_auto,q_auto/league/hblmz1iaov5vqx7cd9cv"
Harry Holt,"https://static.www.nfl.com/image/private/f_auto,q_auto/league/vy7f81psbidvrgzmeh40"
Harry Jones,
Harry Newsome,"https://static.www.nfl.com/image/private/f_auto,q_auto/league/ebidfuwu9gynbems1nuw"
Harry Sydney,"https://static.www.nfl.com/image/private/f_auto,q_auto/league/zptibgbaow2cheyjyymn"
Harry Theofiledes,
Harry Wilson,
Haruki Nakamura,"https://static.www.nfl.com/image/private/f_auto,q_auto/league/jv1fxkwsjuuuus1ef9zl"
Harvey Williams,"https://static.www.nfl.com/image/private/f_auto,q_auto/league/n9ji0r2hesiujqxqtiul"
Haskel Stanback,"https://static.www.nfl.com/image/private/f_auto,q_auto/league/v8bpfjqrm8bgqwardzjm"
Hassan Haskins,"https://static.www.nfl.com/image/upload/f_auto,q_auto/league/n9jwsfxyo1xppmhscpik"
Hassan Jones,"https://static.www.nfl.com/image/private/f_auto,q_auto/league/jejwg7rtjb8tmqupxoo7"
Haven Moses,"https://static.www.nfl.com/image/private/f_auto,q_auto/league/chfr5iwhzsthi8sg2eno"
Hayden Hurst,"https://static.www.nfl.com/image/upload/f_auto,q_auto/league/qxvkvmi2fphxjqyb21nv"
Heath Evans,"https://static.www.nfl.com/image/private/f_auto,q_auto/league/f40zxvy7hmpvqyg0vwj7"
Heath Miller,"https://static.www.nfl.com/image/private/f_auto,q_auto/league/iqw8fry4hgfvegs9nfuf"
Heath Sherman,"https://static.www.nfl.com/image/private/f_auto,q_auto/league/xeajyigsqpshiw59uqpo"
Heath Shuler,"https://static.www.nfl.com/image/private/f_auto,q_auto/league/ungw2296v8wmr3xbq5dd"
Hendon Hooker,"https://static.www.nfl.com/image/upload/f_auto,q_auto/league/jq92ol8hm5n7byqhpcps"
Henry Bailey,"https://static.www.nfl.com/image/private/f_auto,q_auto/league/vhnkcjn2h8gs3u6ksco8"
Henry Burris,"https://static.www.nfl.com/image/private/f_auto,q_auto/league/mxcf3sq2030efhwxbiwq"
Henry Childs,"https://static.www.nfl.com/image/private/f_auto,q_auto/league/c3qmyfwkdlpybyt23kjj"
Henry Dyer,
Henry Ellard,"https://static.www.nfl.com/image/private/f_auto,q_auto/league/xvtbquqavblewrdgj4fn"
Henry Hynoski,"https://static.www.nfl.com/image/private/f_auto,q_auto/league/u8ejhco2crpocjxnys3h"
Henry Lusk,"https://static.www.nfl.com/image/private/f_auto,q_auto/league/d979ydriover4gy2nfw4"
Henry Marshall,"https://static.www.nfl.com/image/private/f_auto,q_auto/league/p05podyhqo7lae0prtmz"
Henry Odom,"https://static.www.nfl.com/image/private/f_auto,q_auto/league/yvysllhvsuhkafqomvte"
Henry Ruggs III,"https://static.www.nfl.com/image/private/f_auto,q_auto/league/i8oezzdcas0hd9ap8cfp"
Herb Lusk,"https://static.www.nfl.com/image/private/f_auto,q_auto/league/xax7qa3ws0sc39nsl7wv"
Herb Mul-Key,
Herbert Goodman,"https://static.www.nfl.com/image/private/f_auto,q_auto/league/kgau81wr2isduje7lsgd"
Herkie Walls,"https://static.www.nfl.com/image/private/f_auto,q_auto/league/jkvbjaic09qjl7auv4l0"
Herman Fontenot,"https://static.www.nfl.com/image/private/f_auto,q_auto/league/ri3ez7s1rhvc3udg8tgy"
Herman Heard,"https://static.www.nfl.com/image/private/f_auto,q_auto/league/v5fqgdow9irnfqjhdjrs"
Herman Hunter,"https://static.www.nfl.com/image/private/f_auto,q_auto/league/rmf2nhg8tfq1wjfpereh"
Herman Weaver,"https://static.www.nfl.com/image/private/f_auto,q_auto/league/kvfa2bx5ehkmo10lcytu"
Herschel Walker,"https://static.www.nfl.com/image/private/f_auto,q_auto/league/fmo3jgdy7ll2jwhih9ml"
Hewritt Dixon,
Hines Ward,"https://static.www.nfl.com/image/private/f_auto,q_auto/league/opna4defooarhcili0lp"
Hokie Gajan,"https://static.www.nfl.com/image/private/f_auto,q_auto/league/jvx2kn896f9iggvctyqf"
Homer Jones,
Horace Belton,"https://static.www.nfl.com/image/private/f_auto,q_auto/league/er5jx9p7818tol18jrbi"
Horace Copeland,"https://static.www.nfl.com/image/private/f_auto,q_auto/league/j4obmltuqgm063tkogxh"
Horace Ivory,"https://static.www.nfl.com/image/private/f_auto,q_auto/league/rgvldpmbagd1adjumouv"
Horace King,"https://static.www.nfl.com/image/private/f_auto,q_auto/league/i6ms9ajzlvozkg8gccyc"
Howard Cassady,
Howard Griffith,"https://static.www.nfl.com/image/private/f_auto,q_auto/league/pdlcmruxpeaz8jausch1"
Howard Stevens,"https://static.www.nfl.com/image/private/f_auto,q_auto/league/r6g7p0aw0fmp9jek9xbk"
Hoyle Granger,
Hubert Ginn,"https://static.www.nfl.com/image/private/f_auto,q_auto/league/vdet4vwcehtordnsr1nt"
Hubie Bryant,
Hubie Oliver,"https://static.www.nfl.com/image/private/f_auto,q_auto/league/eloicwknjqw878vllqhl"
Hugh McElhenny,
Hugh McInnis,
Hugh McKinnis,"https://static.www.nfl.com/image/private/f_auto,q_auto/league/glfvrkauximnsltprs9r"
Hugh Millen,"https://static.www.nfl.com/image/private/f_auto,q_auto/league/zcr70xwyisnp7nmkinam"
Hunter Luepke,"https://static.www.nfl.com/image/upload/f_auto,q_auto/league/m28qafff4o5vb3aaumiv"
Hunter Renfrow,"https://static.www.nfl.com/image/upload/f_auto,q_auto/league/sgrqk1a6fm34swazm2bx"
Hunter Smith,"https://static.www.nfl.com/image/private/f_auto,q_auto/league/aebvcnpqzfrvphcepj0v"
Ian Book,"https://static.www.nfl.com/image/upload/f_auto,q_auto/league/gfizehze3lahkqm40vk4"
Ian Smart,"https://static.www.nfl.com/image/private/f_auto,q_auto/league/rugalbx2s6xs6uflhqqi"
Ickey Woods,"https://static.www.nfl.com/image/private/f_auto,q_auto/league/xevzrjnl8p5xezyhgk2y"
Ihmir Smith-Marsette,"https://static.www.nfl.com/image/upload/f_auto,q_auto/league/mnfsun286mv5azpa8zaw"
Ike Forte,"https://static.www.nfl.com/image/private/f_auto,q_auto/league/cdupvfmx2systrxiix5z"
Ike Harris,"https://static.www.nfl.com/image/private/f_auto,q_auto/league/baedfhmjwf3lepdpcqiz"
Ike Hill,"https://static.www.nfl.com/image/private/f_auto,q_auto/league/usmpb26z9k6f4iemuvxc"
Ike Hilliard,"https://static.www.nfl.com/image/private/f_auto,q_auto/league/wgkoowevnhqjpwpqu87l"
Ingle Martin,"https://static.www.nfl.com/image/private/f_auto,q_auto/league/ffwrrianpht79dic1exm"
Ira Hillary,"https://static.www.nfl.com/image/private/f_auto,q_auto/league/conqs2xb25e5qh0ildrt"
Ira Matthews,"https://static.www.nfl.com/image/private/f_auto,q_auto/league/o55jqnyylqe8gdnqayp5"
Ira Valentine,"https://static.www.nfl.com/image/private/f_auto,q_auto/league/k60t6dnsmkctyqwi5ohm"
Irving Fryar,"https://static.www.nfl.com/image/private/f_auto,q_auto/league/f1cetjfdapgnqaeonxzy"
Irving Spikes,"https://static.www.nfl.com/image/private/f_auto,q_auto/league/h3fhpsgigxqip7pzxtqp"
Isa Abdul-Quddus,"https://static.www.nfl.com/image/private/f_auto,q_auto/league/wbmpf9gwwtipcoyrmpr4"
Isaac Bruce,"https://static.www.nfl.com/image/private/f_auto,q_auto/league/txgl2lvmyu3m28cltnib"
Isaac Byrd,"https://static.www.nfl.com/image/private/f_auto,q_auto/league/utnyylferccz9ehq4gps"
Isaac Curtis,"https://static.www.nfl.com/image/private/f_auto,q_auto/league/tyarud0a82ss11taqpsr"
Isaac Guerendo,"https://static.www.nfl.com/image/upload/f_auto,q_auto/league/uy1bdu0dokosyzl4ohmi"
Isaac Hagins,"https://static.www.nfl.com/image/private/f_auto,q_auto/league/leb8dz6shkmi60wcvesu"
Isaac Redman,"https://static.www.nfl.com/image/private/f_auto,q_auto/league/svi7b7k4qxjctrtwj2uj"
Isaiah Bond,"https://static.www.nfl.com/image/upload/f_auto,q_auto/league/piv889pkizjvgrtpfkxm"
Isaiah Crowell,"https://static.www.nfl.com/image/private/f_auto,q_auto/league/oruiw5myfimtssv6j2ar"
Isaiah Davis,"https://static.www.nfl.com/image/upload/f_auto,q_auto/league/x6r9a5xhtaklbvnqmtw7"
Isaiah Ford,"https://static.www.nfl.com/image/private/f_auto,q_auto/league/ycqftcjsc9vyqmc8tlmw"
Isaiah McKenzie,"https://static.www.nfl.com/image/upload/f_auto,q_auto/league/gy6grhpxsegfgklfadte"
Isaiah Pead,"https://static.www.nfl.com/image/private/f_auto,q_auto/league/m8timwkljalmp27akxyx"
Isaiah Pola-Mao,"https://static.www.nfl.com/image/upload/f_auto,q_auto/league/iv2fsbkqbciaglpqrlbd"
Isaiah Spiller,"https://static.www.nfl.com/image/upload/f_auto,q_auto/league/msdwytjm5qjxe336lmnv"
Isaiah Williams,"https://static.www.nfl.com/image/upload/f_auto,q_auto/league/rj2etltwzmlxyz1cfkeo"
Isaiah Wright,"https://static.www.nfl.com/image/private/f_auto,q_auto/league/egz0ulainb0ycha0tt9u"
Isaiah Zuber,"https://static.www.nfl.com/image/private/f_auto,q_auto/league/fnnnosvydm195mhksb4s"
Isiah Pacheco,"https://static.www.nfl.com/image/upload/f_auto,q_auto/league/hkqb4imkum3vxxkwuetl"
Israel Abanikanda,"https://static.www.nfl.com/image/upload/f_auto,q_auto/league/mt7lgg9gbjcmb2wttxeg"
Ito Smith,"https://static.www.nfl.com/image/private/f_auto,q_auto/league/dh6fxo1jdenrkgcwdpib"
Ivory Lee Brown,"https://static.www.nfl.com/image/private/f_auto,q_auto/league/mr8t8f8j4vcuuuvffgau"
Ivy Joe Hunter,"https://static.www.nfl.com/image/private/f_auto,q_auto/league/jz0mvqjzq3jheh8w1f26"
Izzy Lang,
J.D. Hill,"https://static.www.nfl.com/image/private/f_auto,q_auto/league/pt79ftgq5hrolar7amin"
J.D. McKissic,"https://static.www.nfl.com/image/private/f_auto,q_auto/league/zi77vkqwrmklt5ic6lc6"
J.D. Smith,
J.J. Arrington,"https://static.www.nfl.com/image/private/f_auto,q_auto/league/ap5hhhat0phivdfilqve"
J.J. Johnson,"https://static.www.nfl.com/image/private/f_auto,q_auto/league/vz4fy0fwi4wxzv9ber62"
J.J. Jones,"https://static.www.nfl.com/image/private/f_auto,q_auto/league/uvfhpfx8uvtyj50b8lpy"
J.J. McCarthy,"https://static.www.nfl.com/image/upload/f_auto,q_auto/league/omybnfokapjw6jwb5dd3"
J.J. Stokes,"https://static.www.nfl.com/image/private/f_auto,q_auto/league/sbynshmlo8ywopd61kfl"
J.J. Taylor,"https://static.www.nfl.com/image/upload/f_auto,q_auto/league/m8en6noemyviirgtxlgd"
J.K. Dobbins,"https://static.www.nfl.com/image/upload/f_auto,q_auto/league/cevotvl3ho5h1mioruyg"
J.K. Scott,"https://static.www.nfl.com/image/upload/f_auto,q_auto/league/yayikawhfng99cqrosax"
J.P. Losman,"https://static.www.nfl.com/image/private/f_auto,q_auto/league/emv1dgq9b8wwqiow0xk4"
J.R. Redmond,"https://static.www.nfl.com/image/private/f_auto,q_auto/league/f8eksamtpcva9xiznviy"
J.R. Wilburn,
J.T. O'Sullivan,"https://static.www.nfl.com/image/private/f_auto,q_auto/league/jzmdiwnczp3heq92f9cy"
J.T. Smith,"https://static.www.nfl.com/image/private/f_auto,q_auto/league/xgkniyfyfqqk3ggehriy"
J.T. Thomas,"https://static.www.nfl.com/image/private/f_auto,q_auto/league/vwje2uejpbaipbl6nk87"
J.W. Lockett,
JJ Nelson,
Ja'Lynn Polk,"https://static.www.nfl.com/image/upload/f_auto,q_auto/league/w4hcfpfjrpt0fchb0xmm"
Ja'Marr Chase,"https://static.www.nfl.com/image/upload/f_auto,q_auto/league/qya3dtjb5kgofcuj2tuw"
JaMarcus Russell,"https://static.www.nfl.com/image/private/f_auto,q_auto/league/j9utxwp9846osapesksk"
JaMycal Hasty,"https://static.www.nfl.com/image/upload/f_auto,q_auto/league/stvclosmy6zi864kfxw7"
JaQuan Hardy,"https://static.www.nfl.com/image/private/f_auto,q_auto/league/mgwe4bpzdc7wvox8razh"
Jabar Gaffney,"https://static.www.nfl.com/image/private/f_auto,q_auto/league/jqsgaxs04w22z72svcxu"
Jabari Greer,"https://static.www.nfl.com/image/private/f_auto,q_auto/league/osarwe1vdcwav0bmd7iw"
Jacardia Wright,"https://static.www.nfl.com/image/upload/f_auto,q_auto/league/tp3d97gujpw7fkvn7gno"
Jack Concannon,"https://static.www.nfl.com/image/private/f_auto,q_auto/league/h4r5afr2dzz3qetlweoi"
Jack DeGrenier,"https://static.www.nfl.com/image/private/f_auto,q_auto/league/pceprgskbiscqgssp0bu"
Jack Del Rio,"https://static.www.nfl.com/image/private/f_auto,q_auto/league/e1tfza2dzzmpf7k5lalh"
Jack Deloplaine,"https://static.www.nfl.com/image/private/f_auto,q_auto/league/wpty9s7mk7rpapnrrxnq"
Jack Dolbin,"https://static.www.nfl.com/image/private/f_auto,q_auto/league/txuwsn9iefull1g1rc4j"
Jack Gehrke,
Jack Holmes,"https://static.www.nfl.com/image/private/f_auto,q_auto/league/ju8iewp9wni17egyqk8l"
Jack Maitland,
Jack Mildren,"https://static.www.nfl.com/image/private/f_auto,q_auto/league/iyelfxj49kpclavbfsxr"
Jack Rizzo,
Jack Snow,"https://static.www.nfl.com/image/private/f_auto,q_auto/league/jckdtrznfgtvjclg3dvy"
Jack Thompson,"https://static.www.nfl.com/image/private/f_auto,q_auto/league/bhudzwjqrqr6xkl6ljvp"
Jack Trudeau,"https://static.www.nfl.com/image/private/f_auto,q_auto/league/cpmngogfqqenwtzc6ojk"
Jackie Battle,"https://static.www.nfl.com/image/private/f_auto,q_auto/league/ypo5sphlp225wrtjcwhl"
Jackie Harris,"https://static.www.nfl.com/image/private/f_auto,q_auto/league/uf1p0ysr0rawya3gytug"
Jackie Smith,"https://static.www.nfl.com/image/private/f_auto,q_auto/league/hzrh4o21xokexvn4h8yo"
Jacob Bell,"https://static.www.nfl.com/image/private/f_auto,q_auto/league/ifzr7fn2011wj3fjsf74"
Jacob Cowing,"https://static.www.nfl.com/image/upload/f_auto,q_auto/league/uarciagmnzmyzs102dv6"
Jacob Hester,"https://static.www.nfl.com/image/private/f_auto,q_auto/league/sbtwtp79z2xl9m3synsq"
Jacob Hollister,"https://static.www.nfl.com/image/private/f_auto,q_auto/league/qdny7ap8ly1ozectd8zu"
Jacob Kibodi,"https://static.www.nfl.com/image/upload/f_auto,q_auto/league/no7mr4wgu7o2exnmjre8"
Jacob Saylors,"https://static.www.nfl.com/image/upload/f_auto,q_auto/league/wunm6abfmikwaewmwkp7"
Jacoby Brissett,"https://static.www.nfl.com/image/upload/f_auto,q_auto/league/qjswiunczrn5xmdiqhlz"
Jacoby Ford,"https://static.www.nfl.com/image/private/f_auto,q_auto/league/xqpnvx1oeqep1krop8c4"
Jacoby Jones,"https://static.www.nfl.com/image/upload/f_auto,q_auto/league/bc74vque05mi8tg5xzxu"
Jacory Croskey-Merritt,"https://static.www.nfl.com/image/upload/f_auto,q_auto/league/qew4qhlj4yuf50voko61"
Jacque Robinson,"https://static.www.nfl.com/image/private/f_auto,q_auto/league/mykeahijxobd22gcxeiy"
Jacques Patrick,"https://static.www.nfl.com/image/private/f_auto,q_auto/league/c7akgryuyuxz7wok2qcf"
Jacquez Green,"https://static.www.nfl.com/image/private/f_auto,q_auto/league/krmknzzctlbj0sjnsmrv"
Jacquizz Rodgers,"https://static.www.nfl.com/image/private/f_auto,q_auto/league/ztmescfueap5glplyf7w"
Jaden Hicks,"https://static.www.nfl.com/image/upload/f_auto,q_auto/league/kg90d5bciznpqbpafke4"
Jaelon Darden,"https://static.www.nfl.com/image/upload/f_auto,q_auto/league/po3sqw0b1qwonkg80lrf"
Jahan Dotson,"https://static.www.nfl.com/image/upload/f_auto,q_auto/league/gwuibfw7ljxudxtldcvh"
Jahine Arnold,"https://static.www.nfl.com/image/private/f_auto,q_auto/league/y3qyqfre27dgirrki3yb"
Jahmyr Gibbs,"https://static.www.nfl.com/image/upload/f_auto,q_auto/league/cursejnmmp1i9hnxihkj"
Jahvid Best,"https://static.www.nfl.com/image/private/f_auto,q_auto/league/fmbr1nvmffgz15r2uzs7"
Jaime Covington,"https://static.www.nfl.com/image/private/f_auto,q_auto/league/yeavnx5xc6hs8qwfmwh5"
Jake Bailey,"https://static.www.nfl.com/image/upload/f_auto,q_auto/league/loghcplmv69wosiqlopr"
Jake Bobo,"https://static.www.nfl.com/image/upload/f_auto,q_auto/league/esyfp5hwdtepk2ypsru4"
Jake Browning,"https://static.www.nfl.com/image/upload/f_auto,q_auto/league/isw3v1hnu2vogyayxlmy"
Jake Delhomme,"https://static.www.nfl.com/image/private/f_auto,q_auto/league/k5ovzylfya7c86x91067"
Jake Ferguson,"https://static.www.nfl.com/image/upload/f_auto,q_auto/league/xpykb0tbosfwsn6dqstb"
Jake Fromm,"https://static.www.nfl.com/image/upload/f_auto,q_auto/league/i1dr9fc5smv3zpvygqil"
Jake Funk,"https://static.www.nfl.com/image/upload/f_auto,q_auto/league/xkegujg1754uei9oomoz"
Jake Haener,"https://static.www.nfl.com/image/upload/f_auto,q_auto/league/jfxyp1qkekty7jwh5kcr"
Jake Locker,"https://static.www.nfl.com/image/private/f_auto,q_auto/league/d4nnolehy6budyk8xqom"
Jake Luton,"https://static.www.nfl.com/image/private/f_auto,q_auto/league/krvobstakocdgp3puv0g"
Jake Plummer,"https://static.www.nfl.com/image/private/f_auto,q_auto/league/iurwxdpuwvijm50vhwt9"
Jakeem Grant,"https://static.www.nfl.com/image/private/f_auto,q_auto/league/f2ujcvb61rknhjyxcrsu"
Jakobi Meyers,"https://static.www.nfl.com/image/upload/f_auto,q_auto/league/zrs4ij8mvw7wr1uujwew"
Jaleel McLaughlin,"https://static.www.nfl.com/image/upload/f_auto,q_auto/league/jlzkji7mfkcmkyz2tygj"
Jalen Guyton,"https://static.www.nfl.com/image/upload/f_auto,q_auto/league/a6j9njysh2lwdjblxvxw"
Jalen Hurts,"https://static.www.nfl.com/image/upload/f_auto,q_auto/league/xow5yvxjeqa6witmofmp"
Jalen McMillan,"https://static.www.nfl.com/image/upload/f_auto,q_auto/league/s8tlj5wsi6cq8kjhp06v"
Jalen Milroe,"https://static.www.nfl.com/image/upload/f_auto,q_auto/league/hohqoqpdyquxn1sr1fm2"
Jalen Nailor,"https://static.www.nfl.com/image/upload/f_auto,q_auto/league/nojopyt8hxuwycxyaokb"
Jalen Parmele,"https://static.www.nfl.com/image/private/f_auto,q_auto/league/ydji0ejwwenwyafxufgg"
Jalen Reagor,"https://static.www.nfl.com/image/upload/f_auto,q_auto/league/r55ywr41a014zd9zmvc1"
Jalen Reeves-Maybin,"https://static.www.nfl.com/image/upload/f_auto,q_auto/league/oczccxuvy4ltvjy4fhmu"
Jalen Richard,"https://static.www.nfl.com/image/private/f_auto,q_auto/league/evmn0ccnvk73tukpmk5f"
Jalston Fowler,"https://static.www.nfl.com/image/private/f_auto,q_auto/league/vzwokuiytin3pfyp1icy"
Jamaal Branch,"https://static.www.nfl.com/image/private/f_auto,q_auto/league/cvial6eoujiaxh8tkfth"
Jamaal Charles,"https://static.www.nfl.com/image/private/f_auto,q_auto/league/mdrlzgankwwjldxllgcx"
Jamaal Williams,"https://static.www.nfl.com/image/upload/f_auto,q_auto/league/yxrxpgcwq5qwp88vqnp3"
Jamaar Taylor,"https://static.www.nfl.com/image/private/f_auto,q_auto/league/bp2muer3xagawi9qf7bu"
Jamal Agnew,"https://static.www.nfl.com/image/upload/f_auto,q_auto/league/buapoaxrvjzwsr4l34mq"
Jamal Anderson,"https://static.www.nfl.com/image/private/f_auto,q_auto/league/faws2enuknhawnowkns0"
Jamal Lewis,"https://static.www.nfl.com/image/private/f_auto,q_auto/league/mmsyfpojbxmisiujuwym"
Jamal Robertson,"https://static.www.nfl.com/image/private/f_auto,q_auto/league/hl6dj5jksxfrxa4o2djx"
Jamal Willis,"https://static.www.nfl.com/image/private/f_auto,q_auto/league/fxjfbaozxd4u4hxi2y6m"
Jamar Martin,"https://static.www.nfl.com/image/private/f_auto,q_auto/league/vjc6qor9zghavlfcumg2"
Jameel Cook,"https://static.www.nfl.com/image/private/f_auto,q_auto/league/ysfgk2cbvrffk27enxjq"
Jameis Winston,"https://static.www.nfl.com/image/upload/f_auto,q_auto/league/e5qyxnibbyawi0pvfpjl"
Jamel White,"https://static.www.nfl.com/image/private/f_auto,q_auto/league/anexxsgz5g39ttdu3ftp"
James Allen,"https://static.www.nfl.com/image/private/f_auto,q_auto/league/tw4x6i01gorfsuoommkb"
James Betterson,"https://static.www.nfl.com/image/private/f_auto,q_auto/league/bjl6aqk7ic6kfaexbzx8"
James Bostic,"https://static.www.nfl.com/image/private/f_auto,q_auto/league/ioersobpj4ga5wchd1dq"
James Brim,
James Brooks,"https://static.www.nfl.com/image/private/f_auto,q_auto/league/dilcjdwlx0vwiky758zf"
James Casey,"https://static.www.nfl.com/image/private/f_auto,q_auto/league/atra5outunyi3dikmjez"
James Conner,"https://static.www.nfl.com/image/upload/f_auto,q_auto/league/ka8wlhtteg8hsowsdofk"
James Cook,"https://static.www.nfl.com/image/upload/f_auto,q_auto/league/anjbznqb9i21wzcgrtbs"
James Davis,"https://static.www.nfl.com/image/private/f_auto,q_auto/league/parueu2s9ez10aacagc8"
James Develin,"https://static.www.nfl.com/image/private/f_auto,q_auto/league/ryhocvpml27otxnncc2h"
James Dixon,"https://static.www.nfl.com/image/private/f_auto,q_auto/league/zui0zvxdik6i2qui92xl"
James Fenderson,"https://static.www.nfl.com/image/private/f_auto,q_auto/league/nd0du5zbkc74sqyfbniv"
James Ford,
James Hadnot,
James Harris,"https://static.www.nfl.com/image/private/f_auto,q_auto/league/po77zwfao76tu8edd6pt"
James Hodgins,"https://static.www.nfl.com/image/private/f_auto,q_auto/league/tbyeudue6rinjlocdtgw"
James Jackson,"https://static.www.nfl.com/image/private/f_auto,q_auto/league/ibr8mjy7uzjhdesoimua"
James Jett,"https://static.www.nfl.com/image/private/f_auto,q_auto/league/adqgmo5pmowzs7vk4qcx"
James Johnson,"https://static.www.nfl.com/image/private/f_auto,q_auto/league/s5ssasppe14o11bz0nyq"
James Jones,"https://static.www.nfl.com/image/private/f_auto,q_auto/league/s2dqldxm3j4maeitldei"
James Joseph,"https://static.www.nfl.com/image/private/f_auto,q_auto/league/d0g2nr2n3mq1qzetn3pk"
James Lofton,"https://static.www.nfl.com/image/private/f_auto,q_auto/league/ligcazckfbdlmcd2ekqv"
James Mayberry,"https://static.www.nfl.com/image/private/f_auto,q_auto/league/w9lasdkilbmtdpzmolhi"
James McAlister,"https://static.www.nfl.com/image/private/f_auto,q_auto/league/gitdtvfk5s07jf9kl3mt"
James McKnight,"https://static.www.nfl.com/image/private/f_auto,q_auto/league/hi55zfivaqqvhhdzormy"
James Mungro,"https://static.www.nfl.com/image/private/f_auto,q_auto/league/jpwffnccmboiqn4y9ltf"
James Owens,"https://static.www.nfl.com/image/private/f_auto,q_auto/league/wqpeuihoicjxvfqqrqyv"
James Primus,"https://static.www.nfl.com/image/private/f_auto,q_auto/league/caryr898vgez5n7eqdo7"
James Ritchey,"https://static.www.nfl.com/image/private/f_auto,q_auto/league/rbzlcuapzatcvausmssq"
James Robinson,"https://static.www.nfl.com/image/upload/f_auto,q_auto/league/htviio8mhknq9cennrdq"
James Rouse,"https://static.www.nfl.com/image/private/f_auto,q_auto/league/ajb2jzmqixvh41u6vtga"
James Saxon,"https://static.www.nfl.com/image/private/f_auto,q_auto/league/o64mxoglzn9cgv6akj5m"
James Scott,"https://static.www.nfl.com/image/private/f_auto,q_auto/league/rkf5q73lfyivv84evrhb"
James Starks,"https://static.www.nfl.com/image/private/f_auto,q_auto/league/ohxqulg4xjfmbbkkltqj"
James Stewart,"https://static.www.nfl.com/image/private/f_auto,q_auto/league/lgogp3bzdaejy6hi83or"
James Thornton,
James Thrash,"https://static.www.nfl.com/image/private/f_auto,q_auto/league/tttu8q0npsvtx1wjwhaf"
James Washington,"https://static.www.nfl.com/image/private/f_auto,q_auto/league/z5svt5lojqlibpxitvty"
James White,"https://static.www.nfl.com/image/private/f_auto,q_auto/league/z1nnkmnstccnqya5d5ee"
James Wilder,"https://static.www.nfl.com/image/private/f_auto,q_auto/league/afnn71ljk6s12c7eu0dp"
James Williams,"https://static.www.nfl.com/image/upload/f_auto,q_auto/league/r31rpfa1ju3bqddeuhom"
James Wright,"https://static.www.nfl.com/image/private/f_auto,q_auto/league/n4ultyvj4gsjijuq5qo4"
Jameson Williams,"https://static.www.nfl.com/image/upload/f_auto,q_auto/league/byiptqggtglvy5qrw5wp"
Jamie Caleb,
Jamie Gillan,"https://static.www.nfl.com/image/upload/f_auto,q_auto/league/kxwddoiqqghc1kxaajco"
Jamie Harper,"https://static.www.nfl.com/image/private/f_auto,q_auto/league/wj3zkvcfz5mbtunttktv"
Jamie Holland,"https://static.www.nfl.com/image/private/f_auto,q_auto/league/ijlaiagrokxgbhbq5pib"
Jamie Martin,"https://static.www.nfl.com/image/private/f_auto,q_auto/league/k2ysdmfo5k8fbfsvzswq"
Jamie Morris,"https://static.www.nfl.com/image/private/f_auto,q_auto/league/zt7mnphkcvc0qtyjmeyg"
Jamie Mueller,"https://static.www.nfl.com/image/private/f_auto,q_auto/league/th66jtlenkytilmk3brr"
Jamison Crowder,"https://static.www.nfl.com/image/upload/f_auto,q_auto/league/rfysbrjrvfdr72cx8who"
Jamize Olawale,"https://static.www.nfl.com/image/private/f_auto,q_auto/league/dp7xdilrkk9f2i5ovne9"
Jamycal Hasty,
Jan Stenerud,"https://static.www.nfl.com/image/private/f_auto,q_auto/league/pqigsjib3srqwxgurhfa"
Jared Cook,"https://static.www.nfl.com/image/private/f_auto,q_auto/league/cthoenebptadlu4g928v"
Jared Goff,"https://static.www.nfl.com/image/upload/f_auto,q_auto/league/kaicbot8qhzrvddilbtp"
Jared Lorenzen,"https://static.www.nfl.com/image/private/f_auto,q_auto/league/uy5i9yieg0pwmhdaglg4"
Jaren Hall,"https://static.www.nfl.com/image/upload/f_auto,q_auto/league/ki7jq97gzu1dv16hi4jq"
Jaret Patterson,"https://static.www.nfl.com/image/upload/f_auto,q_auto/league/thg0iebj03kg0nuykglu"
Jarious Jackson,"https://static.www.nfl.com/image/private/f_auto,q_auto/league/wv5zrkdyt90qtfbmuamt"
Jarius Wright,"https://static.www.nfl.com/image/private/f_auto,q_auto/league/f4xgfra44cd6qjy6havp"
Jarrad Page,"https://static.www.nfl.com/image/private/f_auto,q_auto/league/zqcgkhyrxrdp4v1enuzl"
Jarrett Payton,"https://static.www.nfl.com/image/private/f_auto,q_auto/league/rf91phiub9e8iswrcdw7"
Jarrett Stidham,"https://static.www.nfl.com/image/upload/f_auto,q_auto/league/uzdn86skeienyyqxyiuw"
Jarrod Baxter,"https://static.www.nfl.com/image/private/f_auto,q_auto/league/vp4uour5on7uoaneuz4z"
Jarrod Bunch,"https://static.www.nfl.com/image/private/f_auto,q_auto/league/mnzk0z93gbnuirgglemp"
Jarryd Hayne,"https://static.www.nfl.com/image/private/f_auto,q_auto/league/u9zzumwdvyds5dwkvyp2"
Jarvis Landry,"https://static.www.nfl.com/image/private/f_auto,q_auto/league/w2q9uwsjvgadwyvnvopb"
Jarvis Redwine,"https://static.www.nfl.com/image/private/f_auto,q_auto/league/yctr6helbkrstxdhxkqj"
Jase McClellan,"https://static.www.nfl.com/image/upload/f_auto,q_auto/league/qargp7q40zcnh0tjfc1o"
Jasen Isom,"https://static.www.nfl.com/image/private/f_auto,q_auto/league/om313zi4lhe7ssyqnqnc"
Jashaun Corbin,"https://static.www.nfl.com/image/upload/f_auto,q_auto/league/ovzlcbe1osd6ugfxu55d"
Jason Avant,"https://static.www.nfl.com/image/private/f_auto,q_auto/league/nnis5ib42eoeu8bjjpdc"
Jason Baker,"https://static.www.nfl.com/image/private/f_auto,q_auto/league/bi74lc1bnxke4fyiyzni"
Jason Bratton,"https://static.www.nfl.com/image/private/f_auto,q_auto/league/cj2wbddaqy9qv6jqi2cs"
Jason Brookins,"https://static.www.nfl.com/image/private/f_auto,q_auto/league/al0kculefvzcdktymtom"
Jason Burns,"https://static.www.nfl.com/image/private/f_auto,q_auto/league/mljpzvrh7lnijcd6ckog"
Jason Cabinda,"https://static.www.nfl.com/image/private/f_auto,q_auto/league/nvi4viyciscnso8qgbtn"
Jason Campbell,"https://static.www.nfl.com/image/private/f_auto,q_auto/league/z8bqudw5oqygrc6wumbh"
Jason Dunn,"https://static.www.nfl.com/image/private/f_auto,q_auto/league/j2iitu0tnvtbg4ivprpj"
Jason Elam,"https://static.www.nfl.com/image/private/f_auto,q_auto/league/psqpnvgzgpxykmmuwoq5"
Jason Garrett,"https://static.www.nfl.com/image/private/f_auto,q_auto/league/dgrr8txfkt9xv2fjte8g"
Jason Hill,"https://static.www.nfl.com/image/private/f_auto,q_auto/league/pvl5reg9vgwtldn0ahj7"
Jason Huntley,"https://static.www.nfl.com/image/private/f_auto,q_auto/league/gbnyqxaymlji05bnflc5"
Jason Johnson,"https://static.www.nfl.com/image/private/f_auto,q_auto/league/gu1sova9yfn5kqowjkne"
Jason McKie,"https://static.www.nfl.com/image/private/f_auto,q_auto/league/c58wtolxq0xk2bu1sijd"
Jason Simmons,"https://static.www.nfl.com/image/private/f_auto,q_auto/league/ciqqcqlp9ab2juhqh48n"
Jason Snelling,"https://static.www.nfl.com/image/private/f_auto,q_auto/league/zocjg37vnmgjggnvu6bz"
Jason Tucker,"https://static.www.nfl.com/image/private/f_auto,q_auto/league/tpwdfatmw7xapqbeoky9"
Jason Wright,"https://static.www.nfl.com/image/private/f_auto,q_auto/league/spdj4r3hg5r04ylndxzq"
Javarris James,"https://static.www.nfl.com/image/private/f_auto,q_auto/league/a8uvakmr70ngsudqbxzh"
Javarris Williams,"https://static.www.nfl.com/image/private/f_auto,q_auto/league/zxydctatcrerojaogipt"
Javier Arenas,"https://static.www.nfl.com/image/private/f_auto,q_auto/league/algezgrklvzxvyljttv8"
Javin Hunter,"https://static.www.nfl.com/image/private/f_auto,q_auto/league/qaguc5ysvifyhreeo6co"
Javon Ringer,"https://static.www.nfl.com/image/private/f_auto,q_auto/league/ojz3hk7welv30galevuj"
Javon Walker,"https://static.www.nfl.com/image/private/f_auto,q_auto/league/v4egqypmgutcrkxhfuz0"
Javon Wims,"https://static.www.nfl.com/image/private/f_auto,q_auto/league/yz9qgdgesqc9nbkv832p"
Javonte Williams,"https://static.www.nfl.com/image/upload/f_auto,q_auto/league/xvwroirev2kie6oiphtz"
Javontee Herndon,"https://static.www.nfl.com/image/private/f_auto,q_auto/league/ocgpnvzggzfmcsvupii1"
Javorius Allen,"https://static.www.nfl.com/image/private/f_auto,q_auto/league/jguqo1kwlkfamf537de0"
Jawhar Jordan,"https://static.www.nfl.com/image/upload/f_auto,q_auto/league/mdov6nge0ui6pc3kx0l2"
Jaxon Smith-Njigba,"https://static.www.nfl.com/image/upload/f_auto,q_auto/league/yx1xjrupbqdknnjaq4a6"
Jaxson Dart,"https://static.www.nfl.com/image/upload/f_auto,q_auto/league/n6uymxssgiicjmxkzxoc"
Jay Ajayi,"https://static.www.nfl.com/image/private/f_auto,q_auto/league/bt0drbhvsjykf2xxvskx"
Jay Cutler,"https://static.www.nfl.com/image/private/f_auto,q_auto/league/ks6n7gvw4vccihlse6bn"
Jay Feely,"https://static.www.nfl.com/image/private/f_auto,q_auto/league/ncfkhjulzxlddszqfm2u"
Jay Fiedler,"https://static.www.nfl.com/image/private/f_auto,q_auto/league/fplaj9oxvmgrampjqywq"
Jay Graham,"https://static.www.nfl.com/image/private/f_auto,q_auto/league/ga4dqm5zux4yrqyts2ik"
Jay Novacek,"https://static.www.nfl.com/image/private/f_auto,q_auto/league/shhxhfbwqiknznsqqfr0"
Jay Prosch,"https://static.www.nfl.com/image/private/f_auto,q_auto/league/qfxm205gqvzzpy0z2oyw"
Jay Saldi,"https://static.www.nfl.com/image/private/f_auto,q_auto/league/ktioqedjvuroa0ffyk0d"
Jay Schroeder,"https://static.www.nfl.com/image/private/f_auto,q_auto/league/s7029osiaxseohwol3la"
Jayden Daniels,"https://static.www.nfl.com/image/upload/f_auto,q_auto/league/gfz8k5onuqjrche9ogqc"
Jayden Reed,"https://static.www.nfl.com/image/upload/f_auto,q_auto/league/uhb95fij1uo92ymqxpmg"
Jaydon Blue,"https://static.www.nfl.com/image/upload/f_auto,q_auto/league/lscygdlqczomp0l9oykv"
Jaylen Samuels,"https://static.www.nfl.com/image/private/f_auto,q_auto/league/stceem3dtyjhdlqlaqxn"
Jaylen Waddle,"https://static.www.nfl.com/image/upload/f_auto,q_auto/league/gkh7m1jedon9mwn5jlf1"
Jaylen Warren,"https://static.www.nfl.com/image/upload/f_auto,q_auto/league/dkiteytgnxar1mpaxcxv"
Jaylen Wright,"https://static.www.nfl.com/image/upload/f_auto,q_auto/league/feeuommtlmpvuxvtb1zt"
Jaylin Lane,"https://static.www.nfl.com/image/upload/f_auto,q_auto/league/fa5ufxqxs3hzioih3cfb"
Jaylin Noel,"https://static.www.nfl.com/image/upload/f_auto,q_auto/league/ehlm8w4afdqoisx1e6as"
Jazz Jackson,"https://static.www.nfl.com/image/private/f_auto,q_auto/league/tjngfxgvrtzyqm8ysetk"
Jean Fugett,"https://static.www.nfl.com/image/private/f_auto,q_auto/league/h5cdf1bgjrjqjc4rz63f"
Jeb Blount,"https://static.www.nfl.com/image/private/f_auto,q_auto/league/qagvucvnwqzmoj8ae4ut"
Jed Collins,"https://static.www.nfl.com/image/private/f_auto,q_auto/league/qbkykf4phf6wm37mecpf"
Jeff Alexander,"https://static.www.nfl.com/image/private/f_auto,q_auto/league/ibdfomahxyxlgnt7e5ty"
Jeff Blake,"https://static.www.nfl.com/image/private/f_auto,q_auto/league/pigpwarvjuixfgxbigc8"
Jeff Brohm,"https://static.www.nfl.com/image/private/f_auto,q_auto/league/fkz9zihmlkcazibdc3z5"
Jeff Campbell,"https://static.www.nfl.com/image/private/f_auto,q_auto/league/bsd4wvbok4dydchuvryf"
Jeff Carlson,"https://static.www.nfl.com/image/private/f_auto,q_auto/league/nxog62wmlymt2cmxlcjp"
Jeff Chadwick,"https://static.www.nfl.com/image/private/f_auto,q_auto/league/ie0xdcrsm2lmoczh0bwy"
Jeff Christensen,"https://static.www.nfl.com/image/private/f_auto,q_auto/league/lnzyki5dleptgteqihsu"
Jeff Cothran,"https://static.www.nfl.com/image/private/f_auto,q_auto/league/sttnxdxnwakvhbuv1n5s"
Jeff Demps,"https://static.www.nfl.com/image/private/f_auto,q_auto/league/amy0uxm1gxufnedtyx4w"
Jeff Driskel,"https://static.www.nfl.com/image/upload/f_auto,q_auto/league/qvyjv4da7ya6erhqx67m"
Jeff Dugan,"https://static.www.nfl.com/image/private/f_auto,q_auto/league/dqgzerotqaoeejanvvzd"
Jeff Faine,"https://static.www.nfl.com/image/private/f_auto,q_auto/league/vvsrvfz8zfafzfqigivi"
Jeff Feagles,"https://static.www.nfl.com/image/private/f_auto,q_auto/league/ypoocygzfeucbr8sqat0"
Jeff Garcia,"https://static.www.nfl.com/image/private/f_auto,q_auto/league/bysr1fkpqdhljtvlkcrm"
Jeff George,"https://static.www.nfl.com/image/private/f_auto,q_auto/league/uabmi177yp8gxi5rjgsz"
Jeff Gossett,"https://static.www.nfl.com/image/private/f_auto,q_auto/league/ix62f7desiynujqojhfo"
Jeff Groth,"https://static.www.nfl.com/image/private/f_auto,q_auto/league/mkfph6p5laskjjyrpttd"
Jeff Hayes,"https://static.www.nfl.com/image/private/f_auto,q_auto/league/k0f0zkih0o8y2uilw9il"
Jeff Heath,"https://static.www.nfl.com/image/private/f_auto,q_auto/league/knimytdhoo3rqiacbgtm"
Jeff Hill,"https://static.www.nfl.com/image/private/f_auto,q_auto/league/ahlj1hvqznvuulnhjmc7"
Jeff Hostetler,"https://static.www.nfl.com/image/private/f_auto,q_auto/league/apjisc45plyskzivcfqe"
Jeff Janis,"https://static.www.nfl.com/image/private/f_auto,q_auto/league/fldhv9nvnmafss3r9tn2"
Jeff Jordan,
Jeff Kemp,"https://static.www.nfl.com/image/private/f_auto,q_auto/league/xg0jissqub74w1kdp8kz"
Jeff Kinney,"https://static.www.nfl.com/image/private/f_auto,q_auto/league/pymnvqynmvdu42z0trcc"
Jeff Knapple,"https://static.www.nfl.com/image/private/f_auto,q_auto/league/qk4w8cs6bzfutsfwpolc"
Jeff Komlo,"https://static.www.nfl.com/image/private/f_auto,q_auto/league/sbc8bc62mord5wpah2nv"
Jeff Lageman,"https://static.www.nfl.com/image/private/f_auto,q_auto/league/b2vr2euxakbdlsqlhmu5"
Jeff Lewis,"https://static.www.nfl.com/image/private/f_auto,q_auto/league/rrhgrdhqtrrvsjevlgsu"
Jeff Locke,"https://static.www.nfl.com/image/private/f_auto,q_auto/league/ehxspsqfck3sz2ju7t6x"
Jeff Moore,"https://static.www.nfl.com/image/private/f_auto,q_auto/league/a397izhg2k2pw2yh2pdo"
Jeff Ogden,"https://static.www.nfl.com/image/private/f_auto,q_auto/league/nypmwtlayslqawwqg71u"
Jeff Queen,"https://static.www.nfl.com/image/private/f_auto,q_auto/league/rytj8umoai5aqgte0v9y"
Jeff Query,"https://static.www.nfl.com/image/private/f_auto,q_auto/league/vfjhxg0nd32nl0krinau"
Jeff Rodenberger,"https://static.www.nfl.com/image/private/f_auto,q_auto/league/n5i85pmuxqnqdujrhnbc"
Jeff Rutledge,"https://static.www.nfl.com/image/private/f_auto,q_auto/league/fzvky5tblnydphnxfgsd"
Jeff Siemon,"https://static.www.nfl.com/image/private/f_auto,q_auto/league/hqf3c7kmwyhasoyd3kkr"
Jeff Smith,"https://static.www.nfl.com/image/private/f_auto,q_auto/league/b45wzvtdlbtdrsqu34pp"
Jeff Stanciel,
Jeff Tuel,"https://static.www.nfl.com/image/private/f_auto,q_auto/league/t05ufc1eay7yevnnld0q"
Jeff Van Raaphorst,"https://static.www.nfl.com/image/private/f_auto,q_auto/league/hhzaxlm6gcmtb5z18kj2"
Jeff Webb,"https://static.www.nfl.com/image/private/f_auto,q_auto/league/q6kpfiredunvnde3zywo"
Jeff West,"https://static.www.nfl.com/image/private/f_auto,q_auto/league/j6uyaxt5iooocvwjbjuy"
Jeff Wilkins,"https://static.www.nfl.com/image/private/f_auto,q_auto/league/j9mfe0hrl9pk1yhkv5f0"
Jeff Williams,"https://static.www.nfl.com/image/private/f_auto,q_auto/league/zuiqylubzlz91jen0nlj"
Jeff Wilson,"https://static.www.nfl.com/image/private/f_auto,q_auto/league/zorqrtlrizlltgd6pnob"
Jeff Womack,"https://static.www.nfl.com/image/private/f_auto,q_auto/league/yfbfz90cb7z0ixry85b5"
Jehu Chesson,"https://static.www.nfl.com/image/private/f_auto,q_auto/league/nmn44gw214duhlpzasyi"
Jehuu Caulcrick,"https://static.www.nfl.com/image/private/f_auto,q_auto/league/gsuvolvsz0siz4zec1hg"
Jerald Moore,"https://static.www.nfl.com/image/private/f_auto,q_auto/league/osodu4fkldj8ngabmhap"
Jerald Sowell,"https://static.www.nfl.com/image/private/f_auto,q_auto/league/cvpqprvcmfgqbsppc2vj"
Jeremi Johnson,"https://static.www.nfl.com/image/private/f_auto,q_auto/league/tddjs7yf6cbwcotazkkg"
Jeremiah Johnson,"https://static.www.nfl.com/image/private/f_auto,q_auto/league/usqd5f2jndrxie9vchon"
Jeremy Chinn,"https://static.www.nfl.com/image/upload/f_auto,q_auto/league/qdvollzto5i4xs6q9gov"
Jeremy Hill,"https://static.www.nfl.com/image/private/f_auto,q_auto/league/rafvidcbp023aupumccx"
Jeremy Horne,"https://static.www.nfl.com/image/private/f_auto,q_auto/league/zljceyuh8cnaniujsji2"
Jeremy Kerley,"https://static.www.nfl.com/image/private/f_auto,q_auto/league/lsfc40maht2r3k0ctu1b"
Jeremy Langford,"https://static.www.nfl.com/image/private/f_auto,q_auto/league/ezohep8ggqmwfa1eqy4m"
Jeremy Maclin,"https://static.www.nfl.com/image/private/f_auto,q_auto/league/tvlsuugnbn0idb0tbtgw"
Jeremy McNichols,"https://static.www.nfl.com/image/upload/f_auto,q_auto/league/xcrgrtlk6ukrshtlnr5e"
Jeremy Ross,"https://static.www.nfl.com/image/private/f_auto,q_auto/league/r5cp8mxbvtn7tomfavni"
Jeremy Shockey,"https://static.www.nfl.com/image/private/f_auto,q_auto/league/oe4d8uw9nbhjtivrsmgu"
Jeremy Stewart,"https://static.www.nfl.com/image/private/f_auto,q_auto/league/rr4q0l6mb19nwohj1szn"
Jerheme Urban,"https://static.www.nfl.com/image/private/f_auto,q_auto/league/f0mtu7hti7l4p2er53jj"
Jerick McKinnon,"https://static.www.nfl.com/image/private/f_auto,q_auto/league/yezxe2j778cndbhkxwez"
Jerious Norwood,"https://static.www.nfl.com/image/private/f_auto,q_auto/league/qw084awtby41mgiyoabo"
Jermaine Fazande,"https://static.www.nfl.com/image/private/f_auto,q_auto/league/xk1mcslqmalzwdf9if28"
Jermaine Jackson,"https://static.www.nfl.com/image/upload/f_auto,q_auto/league/kmter0gxx2gk9d5b8wgu"
Jermaine Kearse,"https://static.www.nfl.com/image/private/f_auto,q_auto/league/z6wxyn3r1bdgc0u0mzr6"
Jermaine Lewis,"https://static.www.nfl.com/image/private/f_auto,q_auto/league/ykycrh97ua7spn6ambhe"
Jermaine Ross,"https://static.www.nfl.com/image/private/f_auto,q_auto/league/uprnskxfaf5ifjspmdjl"
Jermaine Whitehead,"https://static.www.nfl.com/image/private/f_auto,q_auto/league/o26uwppjakpopj5v9irt"
Jermaine Williams,"https://static.www.nfl.com/image/private/f_auto,q_auto/league/pnfz4xo97zyfxnskqivo"
Jermar Jefferson,"https://static.www.nfl.com/image/upload/f_auto,q_auto/league/bkgrgirrdwlm05vqg74b"
Jerome Barkum,"https://static.www.nfl.com/image/private/f_auto,q_auto/league/srtu2wycavvwrrfsk15w"
Jerome Bettis,"https://static.www.nfl.com/image/private/f_auto,q_auto/league/zqdmcbadbq7eo8tvjwas"
Jerome Felton,"https://static.www.nfl.com/image/private/f_auto,q_auto/league/mkg1584egfz8psc6gca7"
Jerome Ford,"https://static.www.nfl.com/image/upload/f_auto,q_auto/league/rntmoum7ncnyo5j2bdei"
Jerome Harrison,"https://static.www.nfl.com/image/private/f_auto,q_auto/league/lmnola0pmzwchwanxapy"
Jerome Pathon,"https://static.www.nfl.com/image/private/f_auto,q_auto/league/gbu6ylo04tongpqskmam"
Jerome Simpson,"https://static.www.nfl.com/image/private/f_auto,q_auto/league/zuyscuvgyqgk8ka0f8ca"
Jerone Davison,"https://static.www.nfl.com/image/private/f_auto,q_auto/league/ravinlbnb8idwsfdx8j9"
Jerrel Jernigan,"https://static.www.nfl.com/image/private/f_auto,q_auto/league/i6yis5sgwjzlgmkenrzu"
Jerrel Wilson,"https://static.www.nfl.com/image/private/f_auto,q_auto/league/yqjs0f5vuy4obxbb8hd6"
Jerricho Cotchery,"https://static.www.nfl.com/image/private/f_auto,q_auto/league/hkq2dmfj7mbgbuejiloy"
Jerris McPhail,"https://static.www.nfl.com/image/private/f_auto,q_auto/league/swyztor5c8qvz498qkvg"
Jerry Butler,"https://static.www.nfl.com/image/private/f_auto,q_auto/league/w7fpa5ahxhxrpz4v6gyw"
Jerry DePoyster,
Jerry Eckwood,"https://static.www.nfl.com/image/private/f_auto,q_auto/league/nlaf7kuhjxyc9gzbghbo"
Jerry Ellison,"https://static.www.nfl.com/image/private/f_auto,q_auto/league/j5veavwqnduezweborrh"
Jerry Golsteyn,"https://static.www.nfl.com/image/private/f_auto,q_auto/league/aftjg1ig2ubhm54nv5gq"
Jerry Hill,
Jerry Jeudy,"https://static.www.nfl.com/image/upload/f_auto,q_auto/league/szca1v9butuqkjs7ekpm"
Jerry Latin,"https://static.www.nfl.com/image/private/f_auto,q_auto/league/eiohj8smubpdvdsyvc5k"
Jerry LeVias,"https://static.www.nfl.com/image/private/f_auto,q_auto/league/ssacw94ddykgriruttzv"
Jerry Norton,
Jerry Porter,"https://static.www.nfl.com/image/private/f_auto,q_auto/league/egfj3wzahvm6d7tjb7sb"
Jerry Reichow,
Jerry Rhome,
Jerry Rice,"https://static.www.nfl.com/image/private/f_auto,q_auto/league/ngc4wp7ui81ilqj4i74c"
Jerry Simmons,"https://static.www.nfl.com/image/private/f_auto,q_auto/league/tzcmpiqqnsvfdrdbumib"
Jerry Smith,"https://static.www.nfl.com/image/private/f_auto,q_auto/league/todu20pkppemp0onlqix"
Jerry Stovall,
Jerry Tagge,"https://static.www.nfl.com/image/private/f_auto,q_auto/league/q8o8mzwev9b7nxspccnw"
Jess Phillips,"https://static.www.nfl.com/image/private/f_auto,q_auto/league/ghcuzifpo2jquiwqgjnx"
Jesse Chatman,"https://static.www.nfl.com/image/private/f_auto,q_auto/league/zhbviiyi0cueml7wvrez"
Jesse Freitas,"https://static.www.nfl.com/image/private/f_auto,q_auto/league/d3kf3kb3zdcu0mlgbuom"
Jesse Myles,"https://static.www.nfl.com/image/private/f_auto,q_auto/league/wv8i2yx2bmkudnuuvmcx"
Jesse Palmer,"https://static.www.nfl.com/image/private/f_auto,q_auto/league/zcdyevv8dygtd0gumfo3"
Jesse Solomon,"https://static.www.nfl.com/image/private/f_auto,q_auto/league/wvqre0sgeehtdouei9um"
Jesse Taylor,
Jesse Thompson,"https://static.www.nfl.com/image/private/f_auto,q_auto/league/zqrcdpentnpd3rlivdtx"
Jessie Clark,"https://static.www.nfl.com/image/private/f_auto,q_auto/league/z1twtanvv7xjt7qu5gp8"
Jessie Hester,"https://static.www.nfl.com/image/private/f_auto,q_auto/league/gq1tmzhuosz6woghskel"
Jewerl Thomas,"https://static.www.nfl.com/image/private/f_auto,q_auto/league/a82vgxl1p2nhasvhfhrp"
Jha'Quan Jackson,"https://static.www.nfl.com/image/upload/f_auto,q_auto/league/xzqucxk9wawtcmyocqr9"
Jim Arnold,"https://static.www.nfl.com/image/private/f_auto,q_auto/league/x9o6ovudmtr8yioupxgv"
Jim Bakken,"https://static.www.nfl.com/image/private/f_auto,q_auto/league/hlv9veqbwd26wmhfka2m"
Jim Bertelsen,"https://static.www.nfl.com/image/private/f_auto,q_auto/league/zotxhmwxfaeuao69gz6q"
Jim Braxton,"https://static.www.nfl.com/image/private/f_auto,q_auto/league/r94tgajkk3qym8z5wr2i"
Jim Brown,
Jim Browne,"https://static.www.nfl.com/image/private/f_auto,q_auto/league/zqndpxpzedg97ifmag36"
Jim Corbett,
Jim Crocicchia,"https://static.www.nfl.com/image/private/f_auto,q_auto/league/rwrulztycignzntsrwzb"
Jim Culbreath,"https://static.www.nfl.com/image/private/f_auto,q_auto/league/h1sbp8ihscjo20ueyjiu"
Jim Cunningham,
Jim Del Gaizo,"https://static.www.nfl.com/image/private/f_auto,q_auto/league/yni0h7gtlewiyenvmbuo"
Jim Druckenmiller,"https://static.www.nfl.com/image/private/f_auto,q_auto/league/bjmdhahfc3qcv7v9slat"
Jim Everett,"https://static.www.nfl.com/image/private/f_auto,q_auto/league/rxrnntjfowvwavdlfhrq"
Jim Finn,"https://static.www.nfl.com/image/private/f_auto,q_auto/league/fygw2zoowx6dtdrvwhhq"
Jim Flanigan,"https://static.www.nfl.com/image/private/f_auto,q_auto/league/m0rivrmtdadmozamyitg"
Jim Grabowski,
Jim Gustafson,"https://static.www.nfl.com/image/private/f_auto,q_auto/league/ltgunmcqkxwicmoehblr"
Jim Harbaugh,"https://static.www.nfl.com/image/private/f_auto,q_auto/league/twafi9vpvkbhnzzlgfij"
Jim Harrison,"https://static.www.nfl.com/image/private/f_auto,q_auto/league/jxhuvolrcek2eemeb3y6"
Jim Hart,"https://static.www.nfl.com/image/private/f_auto,q_auto/league/wk8ttd1noffeqk9sy9qt"
Jim Hooks,"https://static.www.nfl.com/image/private/f_auto,q_auto/league/um2sq8w6xku30o9dtw6o"
Jim Jackson,
Jim Jensen,"https://static.www.nfl.com/image/private/f_auto,q_auto/league/vkz9ozf1vgz9drtcuhir"
Jim Jodat,"https://static.www.nfl.com/image/private/f_auto,q_auto/league/xogolo98ozdofs4yhdvt"
Jim Jones,"https://static.www.nfl.com/image/private/f_auto,q_auto/league/f5w97fuqcolne95wjdnj"
Jim Kelly,"https://static.www.nfl.com/image/private/f_auto,q_auto/league/ezhzfqgz0wubbwdmyxlt"
Jim Kiick,"https://static.www.nfl.com/image/private/f_auto,q_auto/league/s7zwtrymo49xmzqhgkjt"
Jim Kleinsasser,
Jim Krieg,
Jim Lindsey,
Jim Mankins,
Jim McCann,"https://static.www.nfl.com/image/private/f_auto,q_auto/league/tlk2byzvm9uncwrt3hzx"
Jim McMahon,"https://static.www.nfl.com/image/private/f_auto,q_auto/league/lebvefpsnyrrseabqo3i"
Jim Miller,"https://static.www.nfl.com/image/private/f_auto,q_auto/league/p61l8tusatojk5gicpkp"
Jim Mitchell,"https://static.www.nfl.com/image/private/f_auto,q_auto/league/genfqcrszzdtaqcr6f0k"
Jim Nance,
Jim Ninowski,
Jim O'Brien,
Jim Otis,"https://static.www.nfl.com/image/private/f_auto,q_auto/league/zh0ohjuvxfnv8nbdgpgb"
Jim Plunkett,"https://static.www.nfl.com/image/private/f_auto,q_auto/league/gnumm8kvsrqnvcs9ql6u"
Jim Podoley,
Jim Seymour,
Jim Smith,"https://static.www.nfl.com/image/private/f_auto,q_auto/league/antpcpugjbycthjhgicl"
Jim Sorgi,"https://static.www.nfl.com/image/private/f_auto,q_auto/league/c2hmwoyznphqbttskycf"
Jim Stiger,
Jim Strong,
Jim Taylor,
Jim Thaxton,"https://static.www.nfl.com/image/private/f_auto,q_auto/league/czpjl9nbnldeo8fkihde"
Jim Todd,
Jim Turner,"https://static.www.nfl.com/image/private/f_auto,q_auto/league/qdv0t3hvfhwedljdwxwc"
Jim Vollenweider,
Jim Walsh,"https://static.www.nfl.com/image/private/f_auto,q_auto/league/qrnqll5msqum5ihaa6fy"
Jim Ward,
Jim Welch,
Jim Young,
Jim Zorn,"https://static.www.nfl.com/image/private/f_auto,q_auto/league/xburzguemvvfk9okdp9e"
Jimmie Giles,"https://static.www.nfl.com/image/private/f_auto,q_auto/league/u8xh5oxykc5bnchgrmpq"
Jimmie Jones,"https://static.www.nfl.com/image/private/f_auto,q_auto/league/seoxi9ixuj8c4xqg1fut"
Jimmy Clausen,"https://static.www.nfl.com/image/private/f_auto,q_auto/league/n5lf1tlpkvtck2j24krd"
Jimmy DuBose,"https://static.www.nfl.com/image/private/f_auto,q_auto/league/k1fcrt0n3du0dxbltllp"
Jimmy Garoppolo,"https://static.www.nfl.com/image/upload/f_auto,q_auto/league/ivz3zwvjxvgcu4dzabur"
Jimmy Graham,"https://static.www.nfl.com/image/private/f_auto,q_auto/league/h7xs06oj6g03mippwtse"
Jimmy Hargrove,
Jimmy Horn Jr.,"https://static.www.nfl.com/image/upload/f_auto,q_auto/league/gggcgfbghcft0xwxtrhk"
Jimmy Orr,
Jimmy Rogers,"https://static.www.nfl.com/image/private/f_auto,q_auto/league/t8csexyilrc9trlka8qa"
Jimmy Sidle,
Jimmy Smith,"https://static.www.nfl.com/image/private/f_auto,q_auto/league/dlqkc311vewzhoptt9xf"
Jimmy Thomas,
Jo-Jo Townsell,"https://static.www.nfl.com/image/private/f_auto,q_auto/league/bc75bvsvguvmihcqkf9z"
Joe Adams,"https://static.www.nfl.com/image/private/f_auto,q_auto/league/lpc12417syntfirc36xd"
Joe Aska,"https://static.www.nfl.com/image/private/f_auto,q_auto/league/lzdnzab04folvqrkamgf"
Joe Auer,
Joe Banyard,"https://static.www.nfl.com/image/private/f_auto,q_auto/league/lfs1r2hsxdjmhp57mjvw"
Joe Barnes,"https://static.www.nfl.com/image/private/f_auto,q_auto/league/jqldycn8aqrzapfrvlmy"
Joe Burns,"https://static.www.nfl.com/image/private/f_auto,q_auto/league/hwgewxin7d8rfehheac2"
Joe Burrow,"https://static.www.nfl.com/image/upload/f_auto,q_auto/league/gnnvcgui1cijybukk2w7"
Joe Caravello,"https://static.www.nfl.com/image/private/f_auto,q_auto/league/izcfvxalphnr5vhqjqcc"
Joe Carter,"https://static.www.nfl.com/image/private/f_auto,q_auto/league/hdwntnhbk51du9rxiq8n"
Joe Childress,
Joe Cooper,"https://static.www.nfl.com/image/private/f_auto,q_auto/league/dlkdg2okjtvycx1ekst4"
Joe Cribbs,"https://static.www.nfl.com/image/private/f_auto,q_auto/league/fqgkdlewofifm2sabike"
Joe Dawkins,"https://static.www.nfl.com/image/private/f_auto,q_auto/league/flekoru434xs5hltd6gu"
Joe Delaney,"https://static.www.nfl.com/image/private/f_auto,q_auto/league/bir6vqvtfv8sruhkxy8e"
Joe Don Looney,
Joe Dudek,"https://static.www.nfl.com/image/private/f_auto,q_auto/league/fktfq0b1dtnrrl52xkul"
Joe Dufek,"https://static.www.nfl.com/image/private/f_auto,q_auto/league/sjuxbk59eybn8plek9yc"
Joe Ferguson,"https://static.www.nfl.com/image/private/f_auto,q_auto/league/i76emcealpcn4gpsawpp"
Joe Flacco,"https://static.www.nfl.com/image/upload/f_auto,q_auto/league/dre1d2f2d6dxqohzn5l2"
Joe Germaine,"https://static.www.nfl.com/image/private/f_auto,q_auto/league/sp0m6qzk19n968zmj5as"
Joe Gilliam,"https://static.www.nfl.com/image/private/f_auto,q_auto/league/mjgagifzl0q75sdnngk7"
Joe Hamilton,"https://static.www.nfl.com/image/private/f_auto,q_auto/league/inw4wydp4n9ttrxw1rrz"
Joe Horn,"https://static.www.nfl.com/image/private/f_auto,q_auto/league/dkzzf0q8bxid4peyyobl"
Joe Johnson,"https://static.www.nfl.com/image/private/f_auto,q_auto/league/nck2thlykevyw2x9l2sy"
Joe Kantor,
Joe Kapp,
Joe Kerridge,"https://static.www.nfl.com/image/private/f_auto,q_auto/league/jq2lqxdjddotlgnpvpyu"
Joe Marconi,
Joe McCall,"https://static.www.nfl.com/image/private/f_auto,q_auto/league/vlqybale2qiuue4tjikj"
Joe McIntosh,"https://static.www.nfl.com/image/private/f_auto,q_auto/league/ligrz85mz6buqegakyqg"
Joe McKnight,"https://static.www.nfl.com/image/private/f_auto,q_auto/league/jnac4mfjo8givee9h2nz"
Joe Milton III,"https://static.www.nfl.com/image/upload/f_auto,q_auto/league/tsj9lobse1gxzanf39dt"
Joe Mixon,"https://static.www.nfl.com/image/upload/f_auto,q_auto/league/gwyhozfhjgedwdmmjjcf"
Joe Montana,"https://static.www.nfl.com/image/private/f_auto,q_auto/league/ueq3x4ldeixk2h5wq3n7"
Joe Montgomery,"https://static.www.nfl.com/image/private/f_auto,q_auto/league/br7kban8vmzzncqspteo"
Joe Moore,
Joe Morgan,
Joe Morris,"https://static.www.nfl.com/image/private/f_auto,q_auto/league/eghc9nhfbt6o7yin73ra"
Joe Morrison,
Joe Namath,"https://static.www.nfl.com/image/private/f_auto,q_auto/league/ssg1rcnvw9sdqcr6wz2f"
Joe Orduna,"https://static.www.nfl.com/image/private/f_auto,q_auto/league/noedpowrkemr4dslhp73"
Joe Perry,
Joe Pisarcik,"https://static.www.nfl.com/image/private/f_auto,q_auto/league/pbwswfziizv3njt5ouqd"
Joe Profit,
Joe Prokop,"https://static.www.nfl.com/image/private/f_auto,q_auto/league/fvzoghfwrwuf5a37vpfd"
Joe Reed,"https://static.www.nfl.com/image/private/f_auto,q_auto/league/fa4giqm0tlvowg979etj"
Joe Reitz,"https://static.www.nfl.com/image/private/f_auto,q_auto/league/u3fi3sbxkclnconzxsyx"
Joe Scarpati,
Joe Senser,"https://static.www.nfl.com/image/private/f_auto,q_auto/league/edlklqqngctxlvqk8frg"
Joe Sweet,"https://static.www.nfl.com/image/private/f_auto,q_auto/league/lbecj7awfadanxcpqmkb"
Joe Theismann,"https://static.www.nfl.com/image/private/f_auto,q_auto/league/eota6vsxtdaefkrs0oie"
Joe Washington,"https://static.www.nfl.com/image/private/f_auto,q_auto/league/s3g5nwoh8qgn2ecsrhhm"
Joe Webb,"https://static.www.nfl.com/image/private/f_auto,q_auto/league/hjieero9ugbyu7n1629h"
Joe Williams,"https://static.www.nfl.com/image/private/f_auto,q_auto/league/lkevmpbeefxghk7jriob"
Joe Wilson,"https://static.www.nfl.com/image/private/f_auto,q_auto/league/ocz8sqmrixuhx73izs8g"
Joe Womack,
Joel Makovicka,"https://static.www.nfl.com/image/private/f_auto,q_auto/league/jibp2lyi0dyfv4bnukzd"
Joel Parker,"https://static.www.nfl.com/image/private/f_auto,q_auto/league/q3nige3i4e1d1gmmiqjf"
Joel Wells,
Joey Galloway,"https://static.www.nfl.com/image/private/f_auto,q_auto/league/pfioccpzeifhnunjtdy2"
Joey Goodspeed,"https://static.www.nfl.com/image/private/f_auto,q_auto/league/glqqejxblupxvjrgaadd"
Joey Harrington,"https://static.www.nfl.com/image/private/f_auto,q_auto/league/ybpvxm22vuwjhooyrpja"
Joey Harris,"https://static.www.nfl.com/image/private/f_auto,q_auto/league/mcyy3jizhrhlatnjgfag"
Joey Iosefa,"https://static.www.nfl.com/image/private/f_auto,q_auto/league/l7ow65ilswqvnkarhvaa"
Joey Jones,"https://static.www.nfl.com/image/private/f_auto,q_auto/league/tp5tjeox0vcfofpzgrg6"
John Adams,
John Andrews,"https://static.www.nfl.com/image/private/f_auto,q_auto/league/w7a9ir9rtmodsqolbpqe"
John Avery,"https://static.www.nfl.com/image/private/f_auto,q_auto/league/tqc4patmneau2eeivsg2"
John Baker,"https://static.www.nfl.com/image/private/f_auto,q_auto/league/cty3an1swh4ogcqcrwdf"
John Beck,"https://static.www.nfl.com/image/private/f_auto,q_auto/league/bqodmof3pebek3cb1qx6"
John Brockington,"https://static.www.nfl.com/image/private/f_auto,q_auto/league/jrbdmakro78a2szfqeya"
John Brodie,
John Brown,"https://static.www.nfl.com/image/private/f_auto,q_auto/league/xwyc2a0qfdxbbct6lso6"
John Burrell,
John Cappelletti,"https://static.www.nfl.com/image/private/f_auto,q_auto/league/izotslils1n4pvqnyvbo"
John Carney,"https://static.www.nfl.com/image/private/f_auto,q_auto/league/vayogcgph7k6j3uhza5d"
John Chirico,"https://static.www.nfl.com/image/private/f_auto,q_auto/league/euyd8hz1r68zpuupm6e5"
John Clay,"https://static.www.nfl.com/image/private/f_auto,q_auto/league/bxd4t6rfdum8exkvpodj"
John Conner,"https://static.www.nfl.com/image/private/f_auto,q_auto/league/j7eo3s5mmcsprfvcwyoa"
John Crockett,"https://static.www.nfl.com/image/private/f_auto,q_auto/league/t3urtfod8890lrutmglh"
John David Crow,
John Elway,"https://static.www.nfl.com/image/private/f_auto,q_auto/league/qt8ysjlaemnfczfe9ffl"
John Farley,"https://static.www.nfl.com/image/private/f_auto,q_auto/league/z3ire4awqhbecnqd5em1"
John Fina,"https://static.www.nfl.com/image/private/f_auto,q_auto/league/c1zsdqvhb1q1sj4qqsag"
John Fourcade,"https://static.www.nfl.com/image/private/f_auto,q_auto/league/wmhcd7u3ihipmkkfv0xh"
John Frank,"https://static.www.nfl.com/image/private/f_auto,q_auto/league/slig7hpqqmrcafjuruxw"
John Franklin,"https://static.www.nfl.com/image/private/f_auto,q_auto/league/flbny8qzpzwuarprnroc"
John Friesz,"https://static.www.nfl.com/image/private/f_auto,q_auto/league/ckh8mav1rdt0khwbufyj"
John Fuqua,"https://static.www.nfl.com/image/private/f_auto,q_auto/league/tnlsl8dvnlm5fuifmwe8"
John Gilliam,"https://static.www.nfl.com/image/private/f_auto,q_auto/league/j2pzoz8f0clmvglhf7oq"
John Hadl,"https://static.www.nfl.com/image/private/f_auto,q_auto/league/jdjvuqku5r79js0b3p4p"
John Harvey,"https://static.www.nfl.com/image/private/f_auto,q_auto/league/goexcc0kl8uxghzmk6vk"
John Henry Johnson,
John Hightower,"https://static.www.nfl.com/image/private/f_auto,q_auto/league/ov8vehr0hojqxls6q7wr"
John Hilton,
John Holifield,"https://static.www.nfl.com/image/private/f_auto,q_auto/league/birgnjbvx30oxhqm6wfr"
John Huarte,
John Hufnagel,"https://static.www.nfl.com/image/private/f_auto,q_auto/league/ggvbus7rjko0rnov9xoh"
John Isenbarger,
John James,"https://static.www.nfl.com/image/private/f_auto,q_auto/league/ybsq1ocqndfgset44itz"
John Jefferson,"https://static.www.nfl.com/image/private/f_auto,q_auto/league/rggmc0xrwtiq5u8afrad"
John Jett,"https://static.www.nfl.com/image/private/f_auto,q_auto/league/zn5tbb8uwcxtahmix8kk"
John Kelly,"https://static.www.nfl.com/image/upload/f_auto,q_auto/league/pcjtitrxadmpg7ujoddg"
John Kidd,"https://static.www.nfl.com/image/private/f_auto,q_auto/league/ljpt6pzsnyns5an1efyl"
John Kuhn,"https://static.www.nfl.com/image/private/f_auto,q_auto/league/nbcwgq2o0ymmx4czvr4b"
John Lovett,"https://static.www.nfl.com/image/private/f_auto,q_auto/league/brod1gne9trhogzwrye1"
John Lynch,"https://static.www.nfl.com/image/private/f_auto,q_auto/league/tgg0nlydguicwcylutpy"
John Mackey,
John McCormick,
John McDaniel,
John McMakin,"https://static.www.nfl.com/image/private/f_auto,q_auto/league/zjbmfgo2bwu2mhrpyrsz"
John Metchie III,"https://static.www.nfl.com/image/upload/f_auto,q_auto/league/nsjpnskeldxzbzckpfgg"
John Mosier,
John Powers,
John Reaves,"https://static.www.nfl.com/image/private/f_auto,q_auto/league/khvbuolo5tskkp7tfvn9"
John Riggins,"https://static.www.nfl.com/image/private/f_auto,q_auto/league/wehkyczr6mbhgqeeon5i"
John Roach,
John Ross,"https://static.www.nfl.com/image/upload/f_auto,q_auto/league/olf4tixsulbplr0hkas5"
John Sciarra,"https://static.www.nfl.com/image/private/f_auto,q_auto/league/fg5k3wupn2loriebizjh"
John Settle,"https://static.www.nfl.com/image/private/f_auto,q_auto/league/ges9vl6lvlbfu61e1sne"
John Simon,"https://static.www.nfl.com/image/private/f_auto,q_auto/league/bw1wixmrudu7zfc2mycl"
John Skelton,"https://static.www.nfl.com/image/private/f_auto,q_auto/league/g3hlqbn08gzx7cneob5i"
John Skibinski,"https://static.www.nfl.com/image/private/f_auto,q_auto/league/gaa193nsnvpc9ngfscmm"
John Stallworth,"https://static.www.nfl.com/image/private/f_auto,q_auto/league/qyhrxpoq3sklq4qnugy3"
John Stephens,"https://static.www.nfl.com/image/private/f_auto,q_auto/league/osjgm9i6bxtzng1vnaor"
John Sterling,"https://static.www.nfl.com/image/private/f_auto,q_auto/league/vumbasruk0ib8woff4xv"
John Stofa,
John Tagliaferri,"https://static.www.nfl.com/image/private/f_auto,q_auto/league/nafhtldrpqbi6ad90jeb"
John Tait,"https://static.www.nfl.com/image/private/f_auto,q_auto/league/vwvq1qfpxsi7yonc1v1z"
John Tarver,"https://static.www.nfl.com/image/private/f_auto,q_auto/league/qsqqygzzgwvq2bxhmssh"
John Taylor,"https://static.www.nfl.com/image/private/f_auto,q_auto/league/vh3xwhwruzooqfbuky7s"
John Teltschik,"https://static.www.nfl.com/image/private/f_auto,q_auto/league/o6atn1ge0nd3s93tpns6"
John Tuggle,"https://static.www.nfl.com/image/private/f_auto,q_auto/league/netnwlnx0cixe14no0jo"
John Walton,"https://static.www.nfl.com/image/private/f_auto,q_auto/league/nz4oswpo3rjdrzv250jf"
John Williams,"https://static.www.nfl.com/image/private/f_auto,q_auto/league/saukj5ilpts1kty5rfnl"
John Witkowski,"https://static.www.nfl.com/image/private/f_auto,q_auto/league/kms4wif6ieei9jbddlxg"
John Wolford,"https://static.www.nfl.com/image/upload/f_auto,q_auto/league/rx1z0on3krils5gvkgj4"
Johnathan Franklin,"https://static.www.nfl.com/image/private/f_auto,q_auto/league/viydhpz3j2xo0vfyspwo"
Johnnie Lee Higgins,"https://static.www.nfl.com/image/private/f_auto,q_auto/league/i10irrdawfkchgeqkkeb"
Johnnie Morton,"https://static.www.nfl.com/image/private/f_auto,q_auto/league/vgd3ryl2ptbmgth4jq7x"
Johnnie Wright,"https://static.www.nfl.com/image/private/f_auto,q_auto/league/tmhizpnyluspz2synkx5"
Johnny Bailey,"https://static.www.nfl.com/image/private/f_auto,q_auto/league/pwqohhj9uejzarxslddx"
Johnny Counts,
Johnny Davis,"https://static.www.nfl.com/image/private/f_auto,q_auto/league/z3qo9oxsoqs1iee29o4n"
Johnny Evans,"https://static.www.nfl.com/image/private/f_auto,q_auto/league/bumwf0fp1v046qwgaeif"
Johnny Hector,"https://static.www.nfl.com/image/private/f_auto,q_auto/league/e2rixyggdahfcjqjdmav"
Johnny Hekker,"https://static.www.nfl.com/image/upload/f_auto,q_auto/league/ujimjaanshkfyszjp3vl"
Johnny Holton,"https://static.www.nfl.com/image/private/f_auto,q_auto/league/has0upkyuzqewhty3pb2"
Johnny Johnson,"https://static.www.nfl.com/image/private/f_auto,q_auto/league/kc18d8ahr53vtt2svcce"
Johnny Knox,"https://static.www.nfl.com/image/private/f_auto,q_auto/league/ht04vw3wr0hsmoref7ru"
Johnny Manziel,"https://static.www.nfl.com/image/private/f_auto,q_auto/league/a0ql3eziqinxvo0szfhk"
Johnny Morris,
Johnny Musso,"https://static.www.nfl.com/image/private/f_auto,q_auto/league/tcw8o5puek0sojpw7xbs"
Johnny Olszewski,
Johnny Perkins,"https://static.www.nfl.com/image/private/f_auto,q_auto/league/jgcwwaccje1rgajxzcqr"
Johnny Rodgers,"https://static.www.nfl.com/image/private/f_auto,q_auto/league/rwtokqz40ll96n8954qr"
Johnny Roland,
Johnny Sample,
Johnny Shepherd,"https://static.www.nfl.com/image/private/f_auto,q_auto/league/ihg4orcalurttkech6l7"
Johnny Stanton,"https://static.www.nfl.com/image/private/f_auto,q_auto/league/fick0qg9xwij9svv1rxk"
Johnny Townsend,"https://static.www.nfl.com/image/private/f_auto,q_auto/league/pezzfoj9b38mi0irh4e0"
Johnny Unitas,
Johnny White,"https://static.www.nfl.com/image/private/f_auto,q_auto/league/shkmfg0qlq8zgulrztow"
Joique Bell,"https://static.www.nfl.com/image/private/f_auto,q_auto/league/mpibe74w5hnraxk823vf"
Jojo Natson,
Jon Alston,"https://static.www.nfl.com/image/private/f_auto,q_auto/league/zvfoyegwfec4joajq58s"
Jon Arnett,
Jon Bradley,"https://static.www.nfl.com/image/private/f_auto,q_auto/league/vhgzm6ve46vcuehc6iyr"
Jon Francis,"https://static.www.nfl.com/image/private/f_auto,q_auto/league/nva2agzdlb2szisoymgg"
Jon Hilliman,"https://static.www.nfl.com/image/private/f_auto,q_auto/league/oagfqcqfdbieehnioifx"
Jon Keyworth,"https://static.www.nfl.com/image/private/f_auto,q_auto/league/rowt15tgeugzhc1eajjb"
Jon Kitna,"https://static.www.nfl.com/image/private/f_auto,q_auto/league/rxrfxfbom7grkpnv94cp"
Jon McGraw,"https://static.www.nfl.com/image/private/f_auto,q_auto/league/kzpyckbvbor2qjonwraa"
Jon Ritchie,"https://static.www.nfl.com/image/private/f_auto,q_auto/league/felqlqi7bqirkbrpcudj"
Jon Ryan,"https://static.www.nfl.com/image/private/f_auto,q_auto/league/jarcsmohj6vbznthlni8"
Jon Staggers,"https://static.www.nfl.com/image/private/f_auto,q_auto/league/sdoxbx9pv9hfy3sywpqa"
Jon Vaughn,"https://static.www.nfl.com/image/private/f_auto,q_auto/league/sgkpmjw2tcz7pwxavxzq"
Jon Witman,"https://static.www.nfl.com/image/private/f_auto,q_auto/league/l1y3uongmpcrx679l4hc"
Jonas Gray,"https://static.www.nfl.com/image/private/f_auto,q_auto/league/ocfxpnrd4jkmyygi1ve0"
Jonas Lewis,"https://static.www.nfl.com/image/private/f_auto,q_auto/league/wdetgynlgvkpj59q60en"
Jonathan Dwyer,"https://static.www.nfl.com/image/private/f_auto,q_auto/league/eajdgcyybichzdxjd8iu"
Jonathan Grimes,"https://static.www.nfl.com/image/private/f_auto,q_auto/league/kzodfrw342cy91lw12n4"
Jonathan Linton,"https://static.www.nfl.com/image/private/f_auto,q_auto/league/mdy90kaevz7ldsw9r5ga"
Jonathan Mingo,"https://static.www.nfl.com/image/upload/f_auto,q_auto/league/u2b8s2s0ix5hntyg3eog"
Jonathan Quinn,"https://static.www.nfl.com/image/private/f_auto,q_auto/league/si9khqodmgm8fhdemxku"
Jonathan Smith,"https://static.www.nfl.com/image/private/f_auto,q_auto/league/ergmahtlgjhdaco3wiif"
Jonathan Stewart,"https://static.www.nfl.com/image/private/f_auto,q_auto/league/dzvxfj3xrgnzc3jbag2n"
Jonathan Taylor,"https://static.www.nfl.com/image/upload/f_auto,q_auto/league/yw46ky6akdm7h7siofu8"
Jonathan Ward,"https://static.www.nfl.com/image/upload/f_auto,q_auto/league/yct3a4xznwcxjvn4iosk"
Jonathan Wells,"https://static.www.nfl.com/image/private/f_auto,q_auto/league/hqns5i8mcuzsycgaivm0"
Jonathan Williams,"https://static.www.nfl.com/image/private/f_auto,q_auto/league/dnlboggtjcflj9fxauub"
Jonathon Brooks,"https://static.www.nfl.com/image/upload/f_auto,q_auto/league/txl39rwjrs2fkm1shtxh"
Jonnu Smith,"https://static.www.nfl.com/image/upload/f_auto,q_auto/league/egd6llghj3n5wfdrqacw"
Jordan Addison,"https://static.www.nfl.com/image/upload/f_auto,q_auto/league/mi4lzk9gvjrvo6rwdf1e"
Jordan Akins,"https://static.www.nfl.com/image/private/f_auto,q_auto/league/fgkl9zfpy2yxrkxfge84"
Jordan Babineaux,"https://static.www.nfl.com/image/private/f_auto,q_auto/league/ksrfbo6q7h3wc5vdo9gx"
Jordan Berry,"https://static.www.nfl.com/image/private/f_auto,q_auto/league/rltqupvbxjui0kyat1fb"
Jordan Howard,"https://static.www.nfl.com/image/private/f_auto,q_auto/league/nbvb6bsrmjupmqrrf1n4"
Jordan Love,"https://static.www.nfl.com/image/upload/f_auto,q_auto/league/thz8stjkbjwddxqnozi5"
Jordan Mason,"https://static.www.nfl.com/image/upload/f_auto,q_auto/league/qeeucinnxl8mpzaw23hc"
Jordan Mims,"https://static.www.nfl.com/image/upload/f_auto,q_auto/league/nvamfcrdqvkwtnpgmzdh"
Jordan Norwood,"https://static.www.nfl.com/image/private/f_auto,q_auto/league/kdrgruvmcbm12bfluhna"
Jordan Palmer,"https://static.www.nfl.com/image/private/f_auto,q_auto/league/edcnnk7pxvygycziwfoh"
Jordan Poyer,"https://static.www.nfl.com/image/upload/f_auto,q_auto/league/jv5ibhkljw1u9knlwqzy"
Jordan Reed,"https://static.www.nfl.com/image/private/f_auto,q_auto/league/jur0qgejd3lzv8flmxcq"
Jordan Scarlett,"https://static.www.nfl.com/image/private/f_auto,q_auto/league/k3w7dtbs4tpvnvzo6l6h"
Jordan Senn,"https://static.www.nfl.com/image/private/f_auto,q_auto/league/rtlqoa1sgo0qdnfydqbe"
Jordan Todman,"https://static.www.nfl.com/image/private/f_auto,q_auto/league/lhoxroo20gf8a3mbiczr"
Jordan Whittington,"https://static.www.nfl.com/image/upload/f_auto,q_auto/league/enqcg1lgjkuk0hqz3qjc"
Jordan Wilkins,"https://static.www.nfl.com/image/private/f_auto,q_auto/league/ltz7ffp0fnywwhcm2d3z"
Jordy Nelson,"https://static.www.nfl.com/image/private/f_auto,q_auto/league/bde2n4ozsakatgs4yyp2"
Jorvorskie Lane,"https://static.www.nfl.com/image/private/f_auto,q_auto/league/fru99ajpyfcvy4hrigtx"
Joseph Addai,"https://static.www.nfl.com/image/private/f_auto,q_auto/league/hh0ebpwy5udobw9gbqoe"
Joseph Randle,"https://static.www.nfl.com/image/private/f_auto,q_auto/league/ok4rzlin9g6kxfr9lajx"
Josh Adams,"https://static.www.nfl.com/image/private/f_auto,q_auto/league/ppc3a6qvlxjxmkwxbphn"
Josh Allen,"https://static.www.nfl.com/image/upload/f_auto,q_auto/league/mjwbioajzldkq1vzoz2d"
Josh Ashton,"https://static.www.nfl.com/image/private/f_auto,q_auto/league/fbeg8ftforo5jgzpgdmy"
Josh Aubrey,"https://static.www.nfl.com/image/private/f_auto,q_auto/league/cn53nq0evfhpymfyh91k"
Josh Bellamy,"https://static.www.nfl.com/image/private/f_auto,q_auto/league/kgyz7lr35xl5j7oxjwlw"
Josh Bidwell,"https://static.www.nfl.com/image/private/f_auto,q_auto/league/k7icadkhemrtt1dxe07x"
Josh Cribbs,"https://static.www.nfl.com/image/private/f_auto,q_auto/league/biljapl7dpexygnojajq"
Josh Doctson,"https://static.www.nfl.com/image/private/f_auto,q_auto/league/mkq3ycvjnr0ltb0yjczi"
Josh Downs,"https://static.www.nfl.com/image/upload/f_auto,q_auto/league/z3wahaxpmc6d5lcxgh60"
Josh Ferguson,"https://static.www.nfl.com/image/private/f_auto,q_auto/league/htmbqglun1ydytcfrltb"
Josh Freeman,"https://static.www.nfl.com/image/private/f_auto,q_auto/league/cwcasm6m73fx1mjpjk3n"
Josh Gordon,"https://static.www.nfl.com/image/private/f_auto,q_auto/league/wwqz2ujrj7wp86tyaxof"
Josh Harris,"https://static.www.nfl.com/image/private/f_auto,q_auto/league/qal5jbwkbcmsctnnvjoi"
Josh Hill,"https://static.www.nfl.com/image/private/f_auto,q_auto/league/knah0tszz2eg7plftej6"
Josh Huff,"https://static.www.nfl.com/image/private/f_auto,q_auto/league/fbihlh4lbx3xco7v75yg"
Josh Jacobs,"https://static.www.nfl.com/image/upload/f_auto,q_auto/league/uceokxeo0uqrqms3e3vl"
Josh Johnson,"https://static.www.nfl.com/image/private/f_auto,q_auto/league/y0ewkkqqt9ufs3q49yuo"
Josh Malone,"https://static.www.nfl.com/image/private/f_auto,q_auto/league/q0qpgsvrkxi4al0dkjij"
Josh McCown,"https://static.www.nfl.com/image/private/f_auto,q_auto/league/qcauc37wqjdaxdbq1evu"
Josh Miller,"https://static.www.nfl.com/image/private/f_auto,q_auto/league/c483jsfaglqodcq1uxxn"
Josh Morgan,"https://static.www.nfl.com/image/private/f_auto,q_auto/league/wunugasl1sb3secdsih7"
Josh Palmer,"https://static.www.nfl.com/image/upload/f_auto,q_auto/league/woswdfrtxnsfgzsjvsxx"
Josh Reed,"https://static.www.nfl.com/image/private/f_auto,q_auto/league/f9hd1bgfflng2qf2mhsn"
Josh Reynolds,"https://static.www.nfl.com/image/upload/f_auto,q_auto/league/lf1fjsagcsvxmktl0bbn"
Josh Robinson,"https://static.www.nfl.com/image/private/f_auto,q_auto/league/nsyyo0xqwswxkzgirn9k"
Josh Rosen,"https://static.www.nfl.com/image/private/f_auto,q_auto/league/nqycxzi8tkcyauk55mj8"
Josh Scobey,"https://static.www.nfl.com/image/private/f_auto,q_auto/league/jaytetd30prsjk0sofj6"
Josh Vaughan,"https://static.www.nfl.com/image/private/f_auto,q_auto/league/axe538yffpdb7ojolzex"
Josh Williams,"https://static.www.nfl.com/image/upload/f_auto,q_auto/league/c2zxbiz8153usfggosvv"
Joshua Dobbs,"https://static.www.nfl.com/image/upload/f_auto,q_auto/league/twaqqjexyi0vgyfbvzis"
Joshua Kelley,"https://static.www.nfl.com/image/private/f_auto,q_auto/league/fsu6gqcltgnofaakmq6u"
Jourdan Lewis,"https://static.www.nfl.com/image/upload/f_auto,q_auto/league/pfd9esqxpi8xgedprdls"
JuJu Smith-Schuster,"https://static.www.nfl.com/image/upload/f_auto,q_auto/league/fmjrhk2zt9z22uifctv0"
Jubilee Dunbar,"https://static.www.nfl.com/image/private/f_auto,q_auto/league/amjc1xuwlmtcbda0ijzn"
Julian Edelman,"https://static.www.nfl.com/image/private/f_auto,q_auto/league/aqcqn3w2ysnekbrqfrse"
Julian Fagan,
Julian Love,"https://static.www.nfl.com/image/upload/f_auto,q_auto/league/l2tncxut7ssqo0ilamxq"
Julio Jones,"https://static.www.nfl.com/image/upload/f_auto,q_auto/league/omrddf2phtyztzx2nup1"
Julius Chestnut,"https://static.www.nfl.com/image/upload/f_auto,q_auto/league/bkhv6hpjogvs5b31wwrs"
Julius Jones,"https://static.www.nfl.com/image/private/f_auto,q_auto/league/purzd7at8hb8bkvtmw34"
June Henley,"https://static.www.nfl.com/image/private/f_auto,q_auto/league/qlffnbslpnyuzokh5y33"
June Jones,"https://static.www.nfl.com/image/private/f_auto,q_auto/league/nqrnjdizdygpzwma5bub"
Junior Coffey,
Junior Miller,"https://static.www.nfl.com/image/private/f_auto,q_auto/league/byvfuiz5ppvnj7z1aurc"
Junior Tautalatasi,"https://static.www.nfl.com/image/private/f_auto,q_auto/league/jrr05v2a1ai7y6jfcwzh"
Justice Hill,"https://static.www.nfl.com/image/upload/f_auto,q_auto/league/fuodbrwvianete2gy5ag"
Justin Armour,"https://static.www.nfl.com/image/private/f_auto,q_auto/league/bck8siyssq4rqusvtw5d"
Justin Blackmon,"https://static.www.nfl.com/image/private/f_auto,q_auto/league/tsf8br1swmhlkwnf7gtv"
Justin Davis,"https://static.www.nfl.com/image/private/f_auto,q_auto/league/lxkhwmzny52eexsdyqnq"
Justin Fargas,"https://static.www.nfl.com/image/private/f_auto,q_auto/league/lvsujedxg8jg7pcepcnb"
Justin Fields,"https://static.www.nfl.com/image/upload/f_auto,q_auto/league/npjrombgxkc5vjkctcgy"
Justin Forsett,"https://static.www.nfl.com/image/private/f_auto,q_auto/league/o86dvbcs8dcubcpj6fnu"
Justin Green,"https://static.www.nfl.com/image/private/f_auto,q_auto/league/vhknroauaorvzkxziret"
Justin Griffith,"https://static.www.nfl.com/image/private/f_auto,q_auto/league/y5kimydkyoic29zr8s2z"
Justin Herbert,"https://static.www.nfl.com/image/upload/f_auto,q_auto/league/jnkspnntgebegzp4ghve"
Justin Jackson,"https://static.www.nfl.com/image/private/f_auto,q_auto/league/n7pvb1trbn9rtttlw7df"
Justin Jefferson,"https://static.www.nfl.com/image/upload/f_auto,q_auto/league/htjevkugzk6ietrjysny"
Justin Jenkins,"https://static.www.nfl.com/image/private/f_auto,q_auto/league/nptz8legduwhhgarnqsc"
Justin McCareins,"https://static.www.nfl.com/image/private/f_auto,q_auto/league/yyrg4hnj9ra3ze1o43zs"
Justin Watson,"https://static.www.nfl.com/image/private/f_auto,q_auto/league/bjjmihyqbk2nqnpt3t2u"
Juwan Thompson,"https://static.www.nfl.com/image/private/f_auto,q_auto/league/x1gerktg0cgy6em36vgl"
K.J. Osborn,"https://static.www.nfl.com/image/upload/f_auto,q_auto/league/ytgf9lftpnc3hqg81vhj"
KJ Hamler,"https://static.www.nfl.com/image/upload/f_auto,q_auto/league/tft1e8s4emxmx2697duf"
Ka'Deem Carey,"https://static.www.nfl.com/image/private/f_auto,q_auto/league/hxertoawlphk8ljtylct"
KaRon Coleman,"https://static.www.nfl.com/image/private/f_auto,q_auto/league/psitnd7ievlvyazmj0hl"
KaVontae Turpin,"https://static.www.nfl.com/image/upload/f_auto,q_auto/league/tayjlp1hgmm6rewgl1k4"
Kadarius Toney,"https://static.www.nfl.com/image/upload/f_auto,q_auto/league/nuwjpint0g5wejogudt4"
Kahlil Bell,"https://static.www.nfl.com/image/private/f_auto,q_auto/league/x0c7p0hdp4ns5afqoz1x"
Kaleb Johnson,"https://static.www.nfl.com/image/upload/f_auto,q_auto/league/zpzc4oobxi8nr5dyonob"
Kalel Mullings,"https://static.www.nfl.com/image/upload/f_auto,q_auto/league/jv2phcl7aihai00wkqgb"
Kalen Ballage,"https://static.www.nfl.com/image/private/f_auto,q_auto/league/zxxklmhekefz5gaaxqi0"
Kalif Raymond,"https://static.www.nfl.com/image/upload/f_auto,q_auto/league/dpdv6dm0almcbjdppizx"
Kalvin Pearson,"https://static.www.nfl.com/image/private/f_auto,q_auto/league/ptbukuglro2z8kggjik9"
Kameron Johnson,"https://static.www.nfl.com/image/upload/f_auto,q_auto/league/ms7auybbkq1nwbd2ev0d"
Kapri Bibbs,"https://static.www.nfl.com/image/private/f_auto,q_auto/league/yvqplagyljhiso4imgiq"
Kareem Huggins,"https://static.www.nfl.com/image/private/f_auto,q_auto/league/c54xibcgobud0lhmb69e"
Kareem Hunt,"https://static.www.nfl.com/image/upload/f_auto,q_auto/league/hktvzf8hiupoycyg1kmc"
Karim Abdul-Jabbar,
Karl Bernard,"https://static.www.nfl.com/image/private/f_auto,q_auto/league/lblcau21jvpeejvvmcfq"
Karl Farmer,"https://static.www.nfl.com/image/private/f_auto,q_auto/league/uufcuwdrfabbgws5dv0p"
Karl Hankton,"https://static.www.nfl.com/image/private/f_auto,q_auto/league/nukbfreg0xsavltanzcy"
Karl Noonan,
Karl Swanke,"https://static.www.nfl.com/image/private/f_auto,q_auto/league/pyqdqgwtrwkfe5ndzk6w"
Karl Sweetan,
Karl Williams,"https://static.www.nfl.com/image/private/f_auto,q_auto/league/fxxpdof3sotnhaan83yo"
Karlos Williams,"https://static.www.nfl.com/image/private/f_auto,q_auto/league/zzrghomkcufnipfuygwn"
Kasen Williams,"https://static.www.nfl.com/image/private/f_auto,q_auto/league/wclsdffaruwekvlwbmx3"
Kasey Redfern,"https://static.www.nfl.com/image/private/f_auto,q_auto/league/qzsdkkx3dm0clxc7vmkm"
Kassim Osgood,"https://static.www.nfl.com/image/private/f_auto,q_auto/league/bs9qxx6ljdhayuup4z60"
Kaulana Park,"https://static.www.nfl.com/image/private/f_auto,q_auto/league/ee9bpq76zax7cx31pd1z"
Kay-Jay Harris,"https://static.www.nfl.com/image/private/f_auto,q_auto/league/ijcmzmoax4fj8chx1gzq"
Ke'Shawn Vaughn,"https://static.www.nfl.com/image/private/f_auto,q_auto/league/npa1msmoqbig9cqznkti"
Ke'Shawn Williams,"https://static.www.nfl.com/image/upload/f_auto,q_auto/league/r7enwgccqv93feuoeurz"
Kealoha Pilares,"https://static.www.nfl.com/image/private/f_auto,q_auto/league/mxbukige1n6saqpm8s7g"
Keaontay Ingram,"https://static.www.nfl.com/image/upload/f_auto,q_auto/league/fa4if2wnlgsmjmkcnxke"
Keary Colbert,"https://static.www.nfl.com/image/private/f_auto,q_auto/league/rzd36ftrofr9t3qlwkvy"
Keaton Mitchell,"https://static.www.nfl.com/image/upload/f_auto,q_auto/league/ztciwwpbyaffmckwrzdk"
KeeSean Johnson,"https://static.www.nfl.com/image/private/f_auto,q_auto/league/b1cpexkyjlfs1egncviz"
Keelan Cole,"https://static.www.nfl.com/image/private/f_auto,q_auto/league/djdjurxk3b6y347zirvz"
Keenan Allen,"https://static.www.nfl.com/image/upload/f_auto,q_auto/league/ri267r6lzfwarh89hsn6"
Keenan Burton,"https://static.www.nfl.com/image/private/f_auto,q_auto/league/ujqwa6iungsoxrmkldzd"
Keenan McCardell,"https://static.www.nfl.com/image/private/f_auto,q_auto/league/kop0ezafhz9vlgvey1wv"
Keiland Williams,"https://static.www.nfl.com/image/private/f_auto,q_auto/league/xmechfoczmpfcyafabao"
Keisean Nixon,"https://static.www.nfl.com/image/upload/f_auto,q_auto/league/ousxob0dqjxxmcalq8aa"
Keith Byars,"https://static.www.nfl.com/image/private/f_auto,q_auto/league/c8a1esk5k8h2ydb1uerp"
Keith Cash,"https://static.www.nfl.com/image/private/f_auto,q_auto/league/wxzku6tmfzks92udp8xt"
Keith Crawford,"https://static.www.nfl.com/image/private/f_auto,q_auto/league/fqk6wp1nsvnjuv0um453"
Keith Elias,"https://static.www.nfl.com/image/private/f_auto,q_auto/league/uaecjnzj0y2lrujok86t"
Keith Ellison,"https://static.www.nfl.com/image/private/f_auto,q_auto/league/lgsec1v4qaow3u65s3zk"
Keith English,"https://static.www.nfl.com/image/private/f_auto,q_auto/league/nmwardnalzbvdk8uu0hl"
Keith Ford,"https://static.www.nfl.com/image/private/f_auto,q_auto/league/tagamx47ebjwvjjk9zuw"
Keith Griffin,"https://static.www.nfl.com/image/private/f_auto,q_auto/league/vq2ypwneeo1fja6w9fm6"
Keith Henderson,"https://static.www.nfl.com/image/private/f_auto,q_auto/league/qvtbdvhrqbsujgxssc1e"
Keith Jones,"https://static.www.nfl.com/image/private/f_auto,q_auto/league/i7kkhbblinjfvc24ixb9"
Keith Krepfle,"https://static.www.nfl.com/image/private/f_auto,q_auto/league/aqvu6g5xg0uy2og5sez9"
Keith Lyle,"https://static.www.nfl.com/image/private/f_auto,q_auto/league/yogvxtrciecgo8yv5yzr"
Keith McDonald,"https://static.www.nfl.com/image/private/f_auto,q_auto/league/bdjx6e28tsex680zkapo"
Keith Null,"https://static.www.nfl.com/image/private/f_auto,q_auto/league/socfjpxnipwjx6sucd9z"
Keith Poole,"https://static.www.nfl.com/image/private/f_auto,q_auto/league/etmvpy9x0sts94ddvsyg"
Keith Smith,"https://static.www.nfl.com/image/private/f_auto,q_auto/league/jolwasweebgk37nkl7ia"
Keith Tandy,"https://static.www.nfl.com/image/private/f_auto,q_auto/league/pbv9t31rlpijuppxc3ey"
Keith Toston,"https://static.www.nfl.com/image/private/f_auto,q_auto/league/u2kln3qjuevuqey1yz6y"
Keith Williams,"https://static.www.nfl.com/image/private/f_auto,q_auto/league/plddw6atuiffrrytnbaw"
Keith Woodside,"https://static.www.nfl.com/image/private/f_auto,q_auto/league/g2zieynoeazx3ponxkln"
Keke Coutee,"https://static.www.nfl.com/image/private/f_auto,q_auto/league/b63h388y8kzvntk6tuqx"
Kellen Clemens,"https://static.www.nfl.com/image/private/f_auto,q_auto/league/pxungqbhh61ov73tzaxk"
Kellen Moore,"https://static.www.nfl.com/image/private/f_auto,q_auto/league/cgppx5hltvlebgm5ywor"
Kellen Winslow,"https://static.www.nfl.com/image/private/f_auto,q_auto/league/pw3hoatll5kkuc9v2gva"
Kelley Washington,"https://static.www.nfl.com/image/private/f_auto,q_auto/league/la7gmexg8btipbt5uazn"
Kelly Campbell,"https://static.www.nfl.com/image/private/f_auto,q_auto/league/lr629p43iyg0ulpdza50"
Kelly Cook,"https://static.www.nfl.com/image/private/f_auto,q_auto/league/lctl4dtveurtbsfh1lik"
Kelly Goodburn,"https://static.www.nfl.com/image/private/f_auto,q_auto/league/ury6fzalxbbppidqu1eu"
Kelly Holcomb,"https://static.www.nfl.com/image/private/f_auto,q_auto/league/twyprbkmfzcmsnmyuh90"
Kelly Stouffer,"https://static.www.nfl.com/image/private/f_auto,q_auto/league/dzvcp9b7v93qbnup0qtj"
Kelvin Bryant,"https://static.www.nfl.com/image/private/f_auto,q_auto/league/ownq9qhw9fzzvnusqcgj"
Kelvin Edwards,"https://static.www.nfl.com/image/private/f_auto,q_auto/league/xk9e6pvvu1juxh6bmpye"
Kelvin Kight,"https://static.www.nfl.com/image/private/f_auto,q_auto/league/valgmepldkfr5jokig9r"
Kelvin Martin,"https://static.www.nfl.com/image/private/f_auto,q_auto/league/lwgi77lnhlxhnc45vq4q"
Ken Anderson,"https://static.www.nfl.com/image/private/f_auto,q_auto/league/nfr27gkvsq2kolhkcljr"
Ken Bell,"https://static.www.nfl.com/image/private/f_auto,q_auto/league/uakaqaijqcnngggjpvom"
Ken Brown,"https://static.www.nfl.com/image/private/f_auto,q_auto/league/seyzrxj3bsrvnnus4ygk"
Ken Burrough,"https://static.www.nfl.com/image/private/f_auto,q_auto/league/xkx802ihchz3ondxh4mj"
Ken Burrow,"https://static.www.nfl.com/image/private/f_auto,q_auto/league/jihnmnqwnlgszhzmy2kq"
Ken Callicutt,"https://static.www.nfl.com/image/private/f_auto,q_auto/league/rrkgvkub8tj8yxkn63rs"
Ken Clark,"https://static.www.nfl.com/image/private/f_auto,q_auto/league/zytmm3how6aeldbcrvfd"
Ken Dorsey,"https://static.www.nfl.com/image/private/f_auto,q_auto/league/wdcxbnp85r8yplbmkwk3"
Ken Grandberry,"https://static.www.nfl.com/image/private/f_auto,q_auto/league/mnfyylwxwi3n10zs8mlo"
Ken Iman,"https://static.www.nfl.com/image/private/f_auto,q_auto/league/shwjqh0naajeavztxcrm"
Ken Jenkins,"https://static.www.nfl.com/image/private/f_auto,q_auto/league/qjqrj8nwpmf60blpkptj"
Ken Johnson,"https://static.www.nfl.com/image/private/f_auto,q_auto/league/jfo2klf320azp0mi1mwu"
Ken Karcher,"https://static.www.nfl.com/image/private/f_auto,q_auto/league/s71fviboope2mhinztof"
Ken Lacy,"https://static.www.nfl.com/image/private/f_auto,q_auto/league/m96xkxugsvq6ieph3tlz"
Ken Margerum,"https://static.www.nfl.com/image/private/f_auto,q_auto/league/cmq81a4v73ky1abp7vdc"
Ken O'Brien,"https://static.www.nfl.com/image/private/f_auto,q_auto/league/uvy0opr8dz2irype6l8l"
Ken Oxendine,"https://static.www.nfl.com/image/private/f_auto,q_auto/league/z6vzcctv4quqbo4hptxk"
Ken Payne,"https://static.www.nfl.com/image/private/f_auto,q_auto/league/gfzvkrj64qdaxv6qlyzn"
Ken Simonton,"https://static.www.nfl.com/image/private/f_auto,q_auto/league/et1qgleirmvk8oigt9cg"
Ken Stabler,"https://static.www.nfl.com/image/private/f_auto,q_auto/league/anwcmgpsprhjrkrwwklo"
Ken Thomas,"https://static.www.nfl.com/image/private/f_auto,q_auto/league/clcmnj2yftgyxmpttqrq"
Ken Toler,
Ken Walter,"https://static.www.nfl.com/image/private/f_auto,q_auto/league/o92sx3is6erffc5cmxek"
Ken Webb,
Ken Whisenhunt,"https://static.www.nfl.com/image/private/f_auto,q_auto/league/bpgtarl2g4hlomlotoql"
Ken Willard,"https://static.www.nfl.com/image/private/f_auto,q_auto/league/cvzazhtbwbzzlk25ghyl"
Ken Zachary,"https://static.www.nfl.com/image/private/f_auto,q_auto/league/y1u74otxmcftqbg2t7pi"
Kendall Gaskins,"https://static.www.nfl.com/image/private/f_auto,q_auto/league/qkc1hxjeamlc1v1hgtcm"
Kendall Hinton,"https://static.www.nfl.com/image/private/f_auto,q_auto/league/emvbhstqosvayr6dm2jp"
Kendall Hunter,"https://static.www.nfl.com/image/private/f_auto,q_auto/league/m9tciwm7ffejuubhfh7n"
Kendall Milton,"https://static.www.nfl.com/image/upload/f_auto,q_auto/league/zz9yrqh5ep6o5hvtwzkq"
Kendall Wright,"https://static.www.nfl.com/image/private/f_auto,q_auto/league/edsrjypqphqpfqezc5k9"
Kendre Miller,"https://static.www.nfl.com/image/upload/f_auto,q_auto/league/vclaomtslw55smksopku"
Kendrick Bourne,"https://static.www.nfl.com/image/upload/f_auto,q_auto/league/yzfa94cmhpcqamrwzdzk"
Kene Nwangwu,"https://static.www.nfl.com/image/upload/f_auto,q_auto/league/rlnqgz517fsohrndgjrb"
Kenjon Barner,"https://static.www.nfl.com/image/private/f_auto,q_auto/league/n8hvbyw7vdlj7svjwqg4"
Kenneth Darby,"https://static.www.nfl.com/image/private/f_auto,q_auto/league/gdwt5cnxwjspmw9g8sxe"
Kenneth Davis,"https://static.www.nfl.com/image/private/f_auto,q_auto/league/ga3qrnxzjex6jfhfpnvf"
Kenneth Dixon,"https://static.www.nfl.com/image/private/f_auto,q_auto/league/gzfijcqkmupkv6ajjruz"
Kenneth Farrow,"https://static.www.nfl.com/image/private/f_auto,q_auto/league/xcdjk9e3ikf4gnxzvx1p"
Kenneth Walker III,"https://static.www.nfl.com/image/upload/f_auto,q_auto/league/vk6nruaqdewdglofcwwg"
Kenny Britt,"https://static.www.nfl.com/image/private/f_auto,q_auto/league/joozpvuyykyxjogcg3r5"
Kenny Bynum,"https://static.www.nfl.com/image/private/f_auto,q_auto/league/mbmrxcdtu9iisxbaxiax"
Kenny Duckett,"https://static.www.nfl.com/image/private/f_auto,q_auto/league/sx7apg66hmaavyyx7byp"
Kenny Flowers,"https://static.www.nfl.com/image/private/f_auto,q_auto/league/vjbctim9b2arnh7znhgz"
Kenny Gainwell,"https://static.www.nfl.com/image/upload/f_auto,q_auto/league/eo62l8ec8e3lzt86ihth"
Kenny Gamble,"https://static.www.nfl.com/image/private/f_auto,q_auto/league/wyyjfgibngezidqwohhe"
Kenny Golladay,"https://static.www.nfl.com/image/private/f_auto,q_auto/league/vck7awhkwwhui3ndgts3"
Kenny Harrison,"https://static.www.nfl.com/image/private/f_auto,q_auto/league/txxijcf9t9xb7dzz4zbm"
Kenny Jackson,"https://static.www.nfl.com/image/private/f_auto,q_auto/league/zcvlahw64aza0kpjjsk5"
Kenny King,"https://static.www.nfl.com/image/private/f_auto,q_auto/league/xtpielom7uqyojclylvf"
Kenny Lewis,"https://static.www.nfl.com/image/private/f_auto,q_auto/league/xwpquucaxdhqfp6mkjom"
Kenny McIntosh,"https://static.www.nfl.com/image/upload/f_auto,q_auto/league/ysygpo0sm8rbptosqrrc"
Kenny Pickett,"https://static.www.nfl.com/image/upload/f_auto,q_auto/league/gw6lyiuevyuspfkglnmj"
Kenny Stills,"https://static.www.nfl.com/image/private/f_auto,q_auto/league/wswn6tehkzj8mdfbablx"
Kenny Watson,"https://static.www.nfl.com/image/private/f_auto,q_auto/league/ejok4qavb2c6x8tlhyzz"
Kent Austin,"https://static.www.nfl.com/image/private/f_auto,q_auto/league/vjy37txtjrrhn6h9cnwm"
Kent Graham,"https://static.www.nfl.com/image/private/f_auto,q_auto/league/vz3a1vly64t07tpjtqx0"
Kent Nix,
Kenton Keith,"https://static.www.nfl.com/image/private/f_auto,q_auto/league/vy4mhpebxttauowhtuip"
Kenyan Drake,"https://static.www.nfl.com/image/private/f_auto,q_auto/league/rp5apwel9vuk49b4lykn"
Kenyon Cotton,"https://static.www.nfl.com/image/private/f_auto,q_auto/league/sjebstl4gqs2s7ohocor"
Kenyon Rasheed,"https://static.www.nfl.com/image/private/f_auto,q_auto/league/zoyqgevrsrzhmlvxlof5"
Keon Coleman,"https://static.www.nfl.com/image/upload/f_auto,q_auto/league/cm7g87waetksjouyjgvg"
Kermit Johnson,"https://static.www.nfl.com/image/private/f_auto,q_auto/league/xmketsbm0to8gihkcxhw"
Kerrith Whyte Jr,
Kerry Carter,"https://static.www.nfl.com/image/private/f_auto,q_auto/league/gozaq4lw44aori3fwsb2"
Kerry Collins,"https://static.www.nfl.com/image/private/f_auto,q_auto/league/jse9o88qf7weuicc1wwz"
Kerry Goode,"https://static.www.nfl.com/image/private/f_auto,q_auto/league/l5svvm760x54qcmhbjtg"
Kerry Porter,"https://static.www.nfl.com/image/private/f_auto,q_auto/league/emkhfv0uhiahbnyntvf1"
Kerryon Johnson,"https://static.www.nfl.com/image/private/f_auto,q_auto/league/tmqxfjwvjlcfacertjqp"
Kerwin Bell,"https://static.www.nfl.com/image/private/f_auto,q_auto/league/kcjxovs2imdqohzyqky4"
Kerwynn Williams,"https://static.www.nfl.com/image/private/f_auto,q_auto/league/g8b72moacoymckyvl0ig"
Keshawn Martin,"https://static.www.nfl.com/image/private/f_auto,q_auto/league/guf4yzrzgnpmx7uonpqs"
Kevan Barlow,"https://static.www.nfl.com/image/private/f_auto,q_auto/league/jpjt6r0yk8alkyleolm8"
Kevin Austin Jr.,"https://static.www.nfl.com/image/upload/f_auto,q_auto/league/fh2yaqaxkornxeb7d9ie"
Kevin Boss,"https://static.www.nfl.com/image/private/f_auto,q_auto/league/svybmltx1c4rb3qwb8ki"
Kevin Bouie,"https://static.www.nfl.com/image/private/f_auto,q_auto/league/yugzbhf2kysktljhruze"
Kevin Brown,"https://static.www.nfl.com/image/private/f_auto,q_auto/league/ggkjrotfhrrrxhxfinil"
Kevin Curtis,"https://static.www.nfl.com/image/private/f_auto,q_auto/league/dd8nztoegrdznrpnbnqk"
Kevin Dyson,"https://static.www.nfl.com/image/private/f_auto,q_auto/league/f6p5ssuugfkybzxoktlu"
Kevin Faulk,"https://static.www.nfl.com/image/private/f_auto,q_auto/league/tn3w20ec8x9oacqg51p5"
Kevin Harmon,"https://static.www.nfl.com/image/private/f_auto,q_auto/league/h9eerbbwsejoj1alypmb"
Kevin Harris,"https://static.www.nfl.com/image/private/f_auto,q_auto/league/jlqnwxuwbkoscvv9kz5h"
Kevin Hogan,"https://static.www.nfl.com/image/private/f_auto,q_auto/league/cuyxl0uprwddruvea1ma"
Kevin House,"https://static.www.nfl.com/image/private/f_auto,q_auto/league/sxyuhf0gcsbqmnkxmogn"
Kevin Huber,"https://static.www.nfl.com/image/private/f_auto,q_auto/league/yrd8jgpvefr8jvu7oejg"
Kevin Ingram,"https://static.www.nfl.com/image/private/f_auto,q_auto/league/nfd5dtq3b5h7rr3dtyhd"
Kevin Johnson,"https://static.www.nfl.com/image/private/f_auto,q_auto/league/angbwdo262bne7lhuobx"
Kevin Jones,"https://static.www.nfl.com/image/private/f_auto,q_auto/league/eezt2ogmbfsw2ojd7t5q"
Kevin Kasper,"https://static.www.nfl.com/image/private/f_auto,q_auto/league/dg3rda0dgpljqeg01z55"
Kevin Kolb,"https://static.www.nfl.com/image/private/f_auto,q_auto/league/ebtp5o1rj5hosmncg7iz"
Kevin Lee,"https://static.www.nfl.com/image/private/f_auto,q_auto/league/pjxfejyp2gizkbnria18"
Kevin Long,"https://static.www.nfl.com/image/private/f_auto,q_auto/league/ylq1vwq4fnnudhnrhrws"
Kevin Mack,"https://static.www.nfl.com/image/private/f_auto,q_auto/league/tcalwygw0rof0cmuodig"
Kevin McDougal,"https://static.www.nfl.com/image/private/f_auto,q_auto/league/rhaxafadywzcd9wlwtth"
Kevin O'Connell,"https://static.www.nfl.com/image/private/f_auto,q_auto/league/rb0iwjhoall6wtvcuhdn"
Kevin Ogletree,"https://static.www.nfl.com/image/private/f_auto,q_auto/league/nwo6cmmoaz0scmnzakz8"
Kevin Scott,"https://static.www.nfl.com/image/private/f_auto,q_auto/league/vfnkynodx2pfgvz7laht"
Kevin Smith,"https://static.www.nfl.com/image/private/f_auto,q_auto/league/oro6yaxq6fsjrf5zp6yf"
Kevin Sweeney,"https://static.www.nfl.com/image/private/f_auto,q_auto/league/tof2heqnhwmhbehzdunb"
Kevin Thompson,"https://static.www.nfl.com/image/private/f_auto,q_auto/league/wo57a35vrbif1af5merf"
Kevin Turner,"https://static.www.nfl.com/image/private/f_auto,q_auto/league/cdln6xjebygvhsbd8t8x"
Kevin Walter,"https://static.www.nfl.com/image/private/f_auto,q_auto/league/yc4wxbkvjqddtgi2fisq"
Kevin White,"https://static.www.nfl.com/image/private/f_auto,q_auto/league/u6jclvrydlw6amytmylq"
Kevin Willhite,"https://static.www.nfl.com/image/private/f_auto,q_auto/league/onxib0sjya3c6xvlznjb"
Kevin Williams,"https://static.www.nfl.com/image/private/f_auto,q_auto/league/ckgghpymwptpipzr3rhq"
Keylon Kincade,"https://static.www.nfl.com/image/private/f_auto,q_auto/league/say1hthzf7vfhyzvsk03"
Keyshawn Johnson,"https://static.www.nfl.com/image/private/f_auto,q_auto/league/oq8amqfd5dkugc2mdmsk"
Keyvan Jenkins,"https://static.www.nfl.com/image/private/f_auto,q_auto/league/ydzoyupciebwytlx7z1f"
KhaDarel Hodge,"https://static.www.nfl.com/image/upload/f_auto,q_auto/league/r6vyxamrbb62lcccap2r"
Khalil Herbert,"https://static.www.nfl.com/image/upload/f_auto,q_auto/league/gjwksf9ygntjmtceeerh"
Khalil Shakir,"https://static.www.nfl.com/image/upload/f_auto,q_auto/league/syvp3hficobwcsim3i9v"
Khari Blasingame,"https://static.www.nfl.com/image/upload/f_auto,q_auto/league/beioi5h4lq0obt8yx35v"
Khiry Robinson,"https://static.www.nfl.com/image/private/f_auto,q_auto/league/voprwcuquojlvepcmzmh"
Ki-Jana Carter,"https://static.www.nfl.com/image/private/f_auto,q_auto/league/du6eysltm6wofdicua8j"
Kim Anderson,"https://static.www.nfl.com/image/private/f_auto,q_auto/league/smb0htwcj3uctbigdpf5"
Kim Jones,"https://static.www.nfl.com/image/private/f_auto,q_auto/league/opgemyvdcheuz2ohqn6w"
Kim McQuilken,"https://static.www.nfl.com/image/private/f_auto,q_auto/league/p9k4eo8gaa4wsxoxmo0r"
Kimani Vidal,"https://static.www.nfl.com/image/upload/f_auto,q_auto/league/tqdctdun0bv60d5ziwtl"
Kimble Anders,"https://static.www.nfl.com/image/private/f_auto,q_auto/league/tekunhsdrndofvfxesco"
King Hill,
Kirk Cousins,"https://static.www.nfl.com/image/upload/f_auto,q_auto/league/za7cynvpwlsro1tsaijk"
Kitrick Taylor,"https://static.www.nfl.com/image/private/f_auto,q_auto/league/nf6fpceiscowl5ikxa3w"
Klaus Wilmsmeyer,"https://static.www.nfl.com/image/private/f_auto,q_auto/league/qi4fec2l6kdzwhad1nzm"
Knile Davis,"https://static.www.nfl.com/image/private/f_auto,q_auto/league/iyq9jy1o5g05fdvqftez"
Knowshon Moreno,"https://static.www.nfl.com/image/private/f_auto,q_auto/league/flthyvfq8oeizikgnb6w"
Kolby Smith,"https://static.www.nfl.com/image/private/f_auto,q_auto/league/lyxzn4kftvzgedrhvbsp"
Kordell Stewart,"https://static.www.nfl.com/image/private/f_auto,q_auto/league/wyel70n1iopggkgtup2x"
Koren Robinson,"https://static.www.nfl.com/image/private/f_auto,q_auto/league/yaznpg3d9sldu4vebbmm"
Kory Sheets,"https://static.www.nfl.com/image/private/f_auto,q_auto/league/h2fsjdjcds1bigvt2kei"
Koy Detmer,"https://static.www.nfl.com/image/private/f_auto,q_auto/league/pelabyebeegnjnhnmv3n"
Kregg Lumpkin,"https://static.www.nfl.com/image/private/f_auto,q_auto/league/yfiozeivop81ite0swe5"
Kris Brown,"https://static.www.nfl.com/image/private/f_auto,q_auto/league/klxeixm8x8hcbs42ql5a"
Kris Wilson,"https://static.www.nfl.com/image/private/f_auto,q_auto/league/pual04d0qoeggccnv0wp"
Kurt Benkert,"https://static.www.nfl.com/image/private/f_auto,q_auto/league/lq7drrswvcbnkyghztab"
Kurt Kittner,"https://static.www.nfl.com/image/private/f_auto,q_auto/league/vi0ondemk9x71uj5ho5t"
Kurt Sohn,"https://static.www.nfl.com/image/private/f_auto,q_auto/league/jxnsxgw1xl3n76sipvp8"
Kurt Warner,"https://static.www.nfl.com/image/private/f_auto,q_auto/league/xlgzhoozvi1agd8hn4kk"
Kwamie Lassiter,"https://static.www.nfl.com/image/private/f_auto,q_auto/league/nvhxwj5jvj9bmn5awcfz"
Kyle Allen,"https://static.www.nfl.com/image/upload/f_auto,q_auto/league/s3vbqdcoc6oc6yh460v9"
Kyle Boller,"https://static.www.nfl.com/image/private/f_auto,q_auto/league/olhzjv0wts7mf0yzw9vw"
Kyle Eckel,"https://static.www.nfl.com/image/private/f_auto,q_auto/league/wfubjtrcapebpohtr1os"
Kyle Johnson,"https://static.www.nfl.com/image/private/f_auto,q_auto/league/lfickqowrhq7ylaa7b3s"
Kyle Juszczyk,"https://static.www.nfl.com/image/upload/f_auto,q_auto/league/tsejiiddtouukwyyqr9q"
Kyle Larson,"https://static.www.nfl.com/image/private/f_auto,q_auto/league/rdqe6crgvkx4atm1zkpp"
Kyle Lauletta,"https://static.www.nfl.com/image/private/f_auto,q_auto/league/pp8tdknrv8r1cmq1rgkf"
Kyle Mackey,"https://static.www.nfl.com/image/private/f_auto,q_auto/league/fxqckdmlnhhnjnlymmwo"
Kyle Monangai,"https://static.www.nfl.com/image/upload/f_auto,q_auto/league/bkkk3uuouhcobydqawro"
Kyle Orton,"https://static.www.nfl.com/image/private/f_auto,q_auto/league/tp8xryc1hpbldyjolsdc"
Kyle Pitts,"https://static.www.nfl.com/image/upload/f_auto,q_auto/league/xczipzxvytnmvgznhhb4"
Kyle Richardson,"https://static.www.nfl.com/image/private/f_auto,q_auto/league/c9wgbnzdkdyt84dagy6r"
Kyle Trask,"https://static.www.nfl.com/image/upload/f_auto,q_auto/league/xd0hbsqzz2xhh392woow"
Kyle Williams,"https://static.www.nfl.com/image/upload/f_auto,q_auto/league/xkicyhizq6sm86wr5osk"
Kylen Granson,"https://static.www.nfl.com/image/upload/f_auto,q_auto/league/ysbxmdw4da30q3kjb571"
Kyler Murray,"https://static.www.nfl.com/image/upload/f_auto,q_auto/league/btfruyf33adgnjzpcuen"
Kylin Hill,"https://static.www.nfl.com/image/private/f_auto,q_auto/league/kqcnlnwoumzvotkzu841"
Kyren Williams,"https://static.www.nfl.com/image/upload/f_auto,q_auto/league/xti3pek6rmojqchakxpy"
L.G. Dupre,
La'Mical Perine,"https://static.www.nfl.com/image/upload/f_auto,q_auto/league/fd2pagtwrgj0hopdspal"
LaBrandon Toefield,"https://static.www.nfl.com/image/private/f_auto,q_auto/league/wc92sqbsgul9dtkf2a7b"
LaDainian Tomlinson,"https://static.www.nfl.com/image/private/f_auto,q_auto/league/fdraejwoowicuevalpne"
LaMichael James,"https://static.www.nfl.com/image/private/f_auto,q_auto/league/roxgufvnndlwl05chvur"
LaMont Jordan,"https://static.www.nfl.com/image/private/f_auto,q_auto/league/oh3baeblqwqmv7ycbv0s"
LaRod Stephens-Howling,"https://static.www.nfl.com/image/private/f_auto,q_auto/league/ohayv3pdgsxrtfig8bgm"
LaRue Harrington,"https://static.www.nfl.com/image/private/f_auto,q_auto/league/n94p2rwwtmh4cwl0zsbh"
Lac Edwards,
Ladell Betts,"https://static.www.nfl.com/image/private/f_auto,q_auto/league/ccgdfu9kog9mfrzwktpu"
Lake Dawson,"https://static.www.nfl.com/image/private/f_auto,q_auto/league/dza5qdogwu4ngtovlmtv"
Lakei Heimuli,"https://static.www.nfl.com/image/private/f_auto,q_auto/league/c26b7vmda6mkol5c5jpx"
Lam Jones,"https://static.www.nfl.com/image/private/f_auto,q_auto/league/duqztee5c98pze6nf1mg"
Lamar Gordon,"https://static.www.nfl.com/image/private/f_auto,q_auto/league/uujvde2mvms4fpfetdmu"
Lamar Jackson,"https://static.www.nfl.com/image/upload/f_auto,q_auto/league/eno6s5qzl9grbfbfwhoa"
Lamar McHan,
Lamar Miller,"https://static.www.nfl.com/image/private/f_auto,q_auto/league/vqxh6ynpmczzfyl9kcgq"
Lamar Smith,"https://static.www.nfl.com/image/private/f_auto,q_auto/league/azpa7woawftkxq959ydj"
Lamar Thomas,"https://static.www.nfl.com/image/private/f_auto,q_auto/league/jisfukeip8lvrbr0hzi2"
Lamont Warren,"https://static.www.nfl.com/image/private/f_auto,q_auto/league/cfkgqfwimsioqigugd9p"
Lance Alworth,
Lance Ball,"https://static.www.nfl.com/image/private/f_auto,q_auto/league/tlm3fe0dno1idgrjjoxa"
Lance Dunbar,"https://static.www.nfl.com/image/private/f_auto,q_auto/league/mwxzuvjfvoecnoze3aty"
Lance Kendricks,"https://static.www.nfl.com/image/private/f_auto,q_auto/league/njjeo5udwowpbfnufl5l"
Lance Moore,"https://static.www.nfl.com/image/private/f_auto,q_auto/league/bfjxc892mfkni8ywtheh"
Lance Rentzel,"https://static.www.nfl.com/image/private/f_auto,q_auto/league/xcewhhsmqzvecvjkzrsg"
Landry Jones,"https://static.www.nfl.com/image/private/f_auto,q_auto/league/rxewfnskdqvfmsui48ta"
Larry Barnes,"https://static.www.nfl.com/image/private/f_auto,q_auto/league/sswv0xpkeyn2sbrms8bb"
Larry Bowie,"https://static.www.nfl.com/image/private/f_auto,q_auto/league/txxzp5animgdmlozsdmu"
Larry Brinson,"https://static.www.nfl.com/image/private/f_auto,q_auto/league/xpkcdm2ztvprlhddkadf"
Larry Brown,"https://static.www.nfl.com/image/private/f_auto,q_auto/league/bsxhz9njkyyyquglen6j"
Larry Brunson,"https://static.www.nfl.com/image/private/f_auto,q_auto/league/vaiv8n2bd9wzy90o9jvr"
Larry Burton,"https://static.www.nfl.com/image/private/f_auto,q_auto/league/isjfmcwzlen9j8ycpnmm"
Larry Canada,"https://static.www.nfl.com/image/private/f_auto,q_auto/league/ehtfs8zfkkfi0n0fipw4"
Larry Centers,"https://static.www.nfl.com/image/private/f_auto,q_auto/league/sh7w1wpurvkvvggkvf1m"
Larry Cipa,"https://static.www.nfl.com/image/private/f_auto,q_auto/league/alykpce5uigfmzsbw1uo"
Larry Collins,"https://static.www.nfl.com/image/private/f_auto,q_auto/league/ktk9qlj84tdeqta5npgb"
Larry Conjar,
Larry Croom,"https://static.www.nfl.com/image/private/f_auto,q_auto/league/nmyuma3fmnmnmglmwhjt"
Larry Crowe,"https://static.www.nfl.com/image/private/f_auto,q_auto/league/y3wg9x88elmltigiuuod"
Larry Csonka,"https://static.www.nfl.com/image/private/f_auto,q_auto/league/xizfredzwiqcbw9vadfa"
Larry Dorsey,"https://static.www.nfl.com/image/private/f_auto,q_auto/league/lswafjdmvwwdo7mpmq3j"
Larry Emery,"https://static.www.nfl.com/image/private/f_auto,q_auto/league/jrsajou75monphbkikdi"
Larry Ferguson,
Larry Fitzgerald,"https://static.www.nfl.com/image/private/f_auto,q_auto/league/giswjsemt4f7ppwxtqgp"
Larry Foster,"https://static.www.nfl.com/image/private/f_auto,q_auto/league/gdobpov0wzbvs873rsow"
Larry Heater,"https://static.www.nfl.com/image/private/f_auto,q_auto/league/zq3j6yvsomkh2geskoie"
Larry Hickman,
Larry Izzo,"https://static.www.nfl.com/image/private/f_auto,q_auto/league/w5lt5oyfmcapdhhkagjl"
Larry Johnson,"https://static.www.nfl.com/image/private/f_auto,q_auto/league/mzwxygpnqm65aj1w1qyr"
Larry Jones,"https://static.www.nfl.com/image/private/f_auto,q_auto/league/qk8lb9sqpptw1lwjips5"
Larry Keller,"https://static.www.nfl.com/image/private/f_auto,q_auto/league/muju5lp3rueaq3trfbnz"
Larry Kinnebrew,"https://static.www.nfl.com/image/private/f_auto,q_auto/league/wu9kxqbvmfm35cz0tniz"
Larry Krause,"https://static.www.nfl.com/image/private/f_auto,q_auto/league/tsf4nclqj9ylii8k5tah"
Larry Krutko,
Larry Lawrence,"https://static.www.nfl.com/image/private/f_auto,q_auto/league/ym0wxxanfqybwgbqetc2"
Larry Mallory,"https://static.www.nfl.com/image/private/f_auto,q_auto/league/bjpveyobup7uilclfx7j"
Larry Mason,"https://static.www.nfl.com/image/private/f_auto,q_auto/league/ezpslarvvv0dnghvjshh"
Larry Miller,"https://static.www.nfl.com/image/private/f_auto,q_auto/league/mf3tgxfeuji7mpji5dih"
Larry Moriarty,"https://static.www.nfl.com/image/private/f_auto,q_auto/league/cx8hdvbvxn5m912qkrty"
Larry Morris,"https://static.www.nfl.com/image/private/f_auto,q_auto/league/b7pzdesq8uybkqwbik0c"
Larry Mucker,"https://static.www.nfl.com/image/private/f_auto,q_auto/league/bqeg7l4xtpp9zjcjlr4m"
Larry Parker,"https://static.www.nfl.com/image/private/f_auto,q_auto/league/cbftbviaph5noijnmmmv"
Larry Poole,"https://static.www.nfl.com/image/private/f_auto,q_auto/league/w36acezcv7n793pexw8s"
Larry Rakestraw,
Larry Robinson,"https://static.www.nfl.com/image/private/f_auto,q_auto/league/nihtzj6rowkuxjvudg7y"
Larry Rountree III,"https://static.www.nfl.com/image/private/f_auto,q_auto/league/m40kbqrmtagssdl2nyx0"
Larry Schreiber,"https://static.www.nfl.com/image/private/f_auto,q_auto/league/c5moismt0wgxpsgq33ir"
Larry Seiple,"https://static.www.nfl.com/image/private/f_auto,q_auto/league/ibr5a6yc1jcvu8e5l3pf"
Larry Smith,"https://static.www.nfl.com/image/private/f_auto,q_auto/league/ednvzijzbunx0llabtwi"
Larry Swider,"https://static.www.nfl.com/image/private/f_auto,q_auto/league/qt6wz9uc4fxu2vezif6m"
Larry Todd,
Larry Walton,"https://static.www.nfl.com/image/private/f_auto,q_auto/league/v8ydyevai1tk3rw9yklm"
Larry Watkins,"https://static.www.nfl.com/image/private/f_auto,q_auto/league/dgmthhwuzutnfrlumdtw"
Larry Wilson,
Lars Tate,"https://static.www.nfl.com/image/private/f_auto,q_auto/league/otuf1eflk97gn6afew38"
Latavius Murray,"https://static.www.nfl.com/image/private/f_auto,q_auto/league/zepm7ghltyeqydn0qxcg"
Laurence Maroney,"https://static.www.nfl.com/image/private/f_auto,q_auto/league/ojhdwgaoupkeqytd0cdf"
Laurent Robinson,"https://static.www.nfl.com/image/private/f_auto,q_auto/league/nqnfkywjavrt1bukmhap"
Lavale Thomas,"https://static.www.nfl.com/image/private/f_auto,q_auto/league/d8vzictcjdpa3l9dnolw"
Laveranues Coles,"https://static.www.nfl.com/image/private/f_auto,q_auto/league/mqwcvuemjppg61dbqnkd"
Laverne Smith,"https://static.www.nfl.com/image/private/f_auto,q_auto/league/ccrjaf6fklup16plepkt"
Laviska Shenault Jr.,"https://static.www.nfl.com/image/upload/f_auto,q_auto/league/o3cfpcor86ghjwyn8icp"
Lawrence Dawsey,"https://static.www.nfl.com/image/private/f_auto,q_auto/league/xn4idha7f7klypludgr2"
Lawrence Gaines,"https://static.www.nfl.com/image/private/f_auto,q_auto/league/o6cmblkbrrd9blwzohmt"
Lawrence McCutcheon,"https://static.www.nfl.com/image/private/f_auto,q_auto/league/gehglkmn99x7zdkkhuoq"
Lawrence Phillips,"https://static.www.nfl.com/image/private/f_auto,q_auto/league/evolhzkdkgwtstxe1h59"
Lawrence Ricks,"https://static.www.nfl.com/image/private/f_auto,q_auto/league/r7slgkniwl5aisycehg3"
Lawrence Thomas,"https://static.www.nfl.com/image/private/f_auto,q_auto/league/qpomdgxzqn27tors7yye"
Lawrence Vickers,"https://static.www.nfl.com/image/private/f_auto,q_auto/league/uvonbussoelwmmrjalfc"
Lawyer Tillman,"https://static.www.nfl.com/image/private/f_auto,q_auto/league/fj0zhzsvzmfass9i6nlp"
Le'Ron McClain,"https://static.www.nfl.com/image/private/f_auto,q_auto/league/ygt99dtmdeqkxq2unfbh"
Le'Shai Maston,"https://static.www.nfl.com/image/private/f_auto,q_auto/league/p6rj6lbklrps5ckhtbmu"
Le'Veon Bell,"https://static.www.nfl.com/image/private/f_auto,q_auto/league/sm3ij3pcby5ciqwaaqa1"
LeGarrette Blount,"https://static.www.nfl.com/image/private/f_auto,q_auto/league/s3eilto1yi0yhoamvvo3"
LeQuint Allen Jr.,"https://static.www.nfl.com/image/upload/f_auto,q_auto/league/i0utigksuuvo2njb9wtk"
LeSean McCoy,"https://static.www.nfl.com/image/private/f_auto,q_auto/league/pbktgxotzvm04sasmxwl"
LeShon Johnson,"https://static.www.nfl.com/image/private/f_auto,q_auto/league/ysq10o0gvcxoy2ry9ukg"
LeShun Daniels,"https://static.www.nfl.com/image/private/f_auto,q_auto/league/bcpvourhqp6qdgcs8wdy"
LeVante Bellamy,
Lee Bouggess,
Lee DeRamus,"https://static.www.nfl.com/image/private/f_auto,q_auto/league/p0hztw0teokx0nhxxrmo"
Lee Evans,"https://static.www.nfl.com/image/private/f_auto,q_auto/league/stwolhzhyn9nyxqblwvl"
Lee Folkins,
Lee Grosscup,
Lee Johnson,"https://static.www.nfl.com/image/private/f_auto,q_auto/league/qqwycnjlplkderuuqdpw"
Lee Morris,"https://static.www.nfl.com/image/private/f_auto,q_auto/league/yw245ehiig2qvfst7tr5"
Lee Rouson,"https://static.www.nfl.com/image/private/f_auto,q_auto/league/mtgckivyt6irzfzq8wwe"
Lee Suggs,"https://static.www.nfl.com/image/private/f_auto,q_auto/league/wiaissqfdb8dp3iagdrl"
Lee Weigel,"https://static.www.nfl.com/image/private/f_auto,q_auto/league/p2liwywgzbvekbwtelmd"
Lee White,
Leeland McElroy,"https://static.www.nfl.com/image/private/f_auto,q_auto/league/lchq1zaaxfxj1pi4rovw"
Legedu Naanee,"https://static.www.nfl.com/image/private/f_auto,q_auto/league/oxcw8smfodgos0ygmmjn"
Leland Glass,
Lem Barney,"https://static.www.nfl.com/image/private/f_auto,q_auto/league/unb7p9ammpwhdtif5ifm"
Len Dawson,"https://static.www.nfl.com/image/private/f_auto,q_auto/league/wjhfcfla4n2g59oax8od"
LenDale White,"https://static.www.nfl.com/image/private/f_auto,q_auto/league/rgzuhhi6vebp8qaoss0s"
Lennox Gordon,"https://static.www.nfl.com/image/private/f_auto,q_auto/league/n2ahzho8zoebynfsnzg8"
Lenny Moore,
Lenny Taylor,"https://static.www.nfl.com/image/private/f_auto,q_auto/league/ofniwvcp5betkihrwc0d"
Lenvil Elliott,"https://static.www.nfl.com/image/private/f_auto,q_auto/league/uxqud2niqvijwt5rjphy"
Leo Araguz,"https://static.www.nfl.com/image/private/f_auto,q_auto/league/losb2mgqxxnphnyx15q7"
Leo Hart,
Leo Hayden,
Leo Lewis,"https://static.www.nfl.com/image/private/f_auto,q_auto/league/gxq8rmwgwn30plqfwqbs"
Leon Bright,"https://static.www.nfl.com/image/private/f_auto,q_auto/league/w2do2ioycohxamyeykn7"
Leon Burns,
Leon Crosswhite,"https://static.www.nfl.com/image/private/f_auto,q_auto/league/vteqhcigyqprvyywjfmk"
Leon Johnson,"https://static.www.nfl.com/image/upload/f_auto,q_auto/league/iuvtiwp5eigfxiusklde"
Leon McQuay,"https://static.www.nfl.com/image/private/f_auto,q_auto/league/inghe4kjbhhmjnoj7lix"
Leon Perry,"https://static.www.nfl.com/image/private/f_auto,q_auto/league/vqtcsd1mytqxqvlyfkwf"
Leon Washington,"https://static.www.nfl.com/image/private/f_auto,q_auto/league/trlmin5m1btufziw17cz"
Leonard Fournette,"https://static.www.nfl.com/image/private/f_auto,q_auto/league/atxppoc7zqcjnbnk0awz"
Leonard Hankerson,"https://static.www.nfl.com/image/private/f_auto,q_auto/league/ljlxltvkllp2w1wr1o0t"
Leonard Harris,"https://static.www.nfl.com/image/private/f_auto,q_auto/league/suhkbosy1siiulkdy2oz"
Leonard Henry,"https://static.www.nfl.com/image/private/f_auto,q_auto/league/tbaje0go9muz8toilxcf"
Leonard Moore,"https://static.www.nfl.com/image/private/f_auto,q_auto/league/mqcvaamprvpiky4yysxh"
Leonard Russell,"https://static.www.nfl.com/image/private/f_auto,q_auto/league/ubmf3wlsy9n2qo0vkju3"
Leonard Thompson,"https://static.www.nfl.com/image/private/f_auto,q_auto/league/n90airs9gbylsyvxvgvm"
Leonard Weaver,"https://static.www.nfl.com/image/private/f_auto,q_auto/league/labfmyt1txkxmpqv8lir"
Leonard Williams,"https://static.www.nfl.com/image/private/f_auto,q_auto/league/rafzjjwvahtleql34szq"
Leonte Carroo,"https://static.www.nfl.com/image/private/f_auto,q_auto/league/rtyecvs5rx9awmpdk4c8"
Leroy Harris,"https://static.www.nfl.com/image/private/f_auto,q_auto/league/a1p7v1uzvhnkenlvrt9d"
Leroy Hoard,"https://static.www.nfl.com/image/private/f_auto,q_auto/league/lwvnhe6kded1eurgp0lf"
Leroy Jackson,
Leroy Kelly,
Leroy Keyes,
Leroy Sledge,
Leroy Thompson,"https://static.www.nfl.com/image/private/f_auto,q_auto/league/nkjuelqdotulbeyasenr"
Les Goodman,"https://static.www.nfl.com/image/private/f_auto,q_auto/league/iloo3pj8kwxmhfjabf2s"
Les Josephson,"https://static.www.nfl.com/image/private/f_auto,q_auto/league/mg4hnx4vrfveyeh4zdki"
Les Shy,
Les Strayhorn,"https://static.www.nfl.com/image/private/f_auto,q_auto/league/ceedqljecbxzvohyl4gx"
Les Studdard,"https://static.www.nfl.com/image/private/f_auto,q_auto/league/gsxnnwz2ybm2mdbew8ss"
Leslie Shepherd,"https://static.www.nfl.com/image/private/f_auto,q_auto/league/fksi7e7xttslnuxhacuj"
Lew Carpenter,
Lew Luce,
Lew Porter,
Lewis Jolley,
Lewis Tillman,"https://static.www.nfl.com/image/private/f_auto,q_auto/league/earc05q79zh9wprn4qe8"
Lex Hilliard,"https://static.www.nfl.com/image/private/f_auto,q_auto/league/peotkrz3a6wpccdptfer"
Lincoln Coleman,"https://static.www.nfl.com/image/private/f_auto,q_auto/league/ds75cy06oyckjydcas54"
Lincoln Minor,
Lindsay Scott,"https://static.www.nfl.com/image/private/f_auto,q_auto/league/udqiw64tohipduldyn2l"
Lionel James,"https://static.www.nfl.com/image/private/f_auto,q_auto/league/w2kxtok6rlyjzrytiqga"
Lionel Manuel,"https://static.www.nfl.com/image/private/f_auto,q_auto/league/iztlfhpbhcrebhljegvt"
Lionel Vital,"https://static.www.nfl.com/image/private/f_auto,q_auto/league/nl4ljcfdm6viz6rwh3lr"
Lloyd Pate,
Lloyd Winston,
Logan Thomas,"https://static.www.nfl.com/image/private/f_auto,q_auto/league/acm0ymhqdzqxdibwjphv"
Logan Woodside,"https://static.www.nfl.com/image/upload/f_auto,q_auto/league/hf5rgpjctslpwjzl0er9"
Lomas Brown,"https://static.www.nfl.com/image/private/f_auto,q_auto/league/ogeu3kkjwnpbqrhjg7bw"
Lonnie Johnson,"https://static.www.nfl.com/image/upload/f_auto,q_auto/league/qdkpfoodqaly3jypouwm"
Lonnie Perrin,"https://static.www.nfl.com/image/private/f_auto,q_auto/league/jk2ki8uv7jxdw7oz3lpr"
Lonzell Hill,"https://static.www.nfl.com/image/private/f_auto,q_auto/league/jdslguvbvnmv29retxaz"
Loren Snyder,"https://static.www.nfl.com/image/private/f_auto,q_auto/league/o3yu1yujq1qu84erwynw"
Lorenzo Booker,"https://static.www.nfl.com/image/private/f_auto,q_auto/league/vyk5owe8znzx5v2el2qy"
Lorenzo Hampton,"https://static.www.nfl.com/image/private/f_auto,q_auto/league/jesrm51wuedyt69vmjv2"
Lorenzo Neal,"https://static.www.nfl.com/image/private/f_auto,q_auto/league/tsuqbitfgkxsemjowcyw"
Lorenzo Taliaferro,"https://static.www.nfl.com/image/private/f_auto,q_auto/league/kuwhpbnxob4eht6fndqh"
Lorenzo White,"https://static.www.nfl.com/image/private/f_auto,q_auto/league/dkcufokp7jdzee5fyl8s"
Lou Piccone,"https://static.www.nfl.com/image/private/f_auto,q_auto/league/l8zzkxifsba0xt6p2xak"
Louie Aguiar,"https://static.www.nfl.com/image/private/f_auto,q_auto/league/qqkgkzrfwttuy0ab8e6f"
Louie Giammona,"https://static.www.nfl.com/image/private/f_auto,q_auto/league/knogueiv1ajtkycpcofj"
Louis Carter,"https://static.www.nfl.com/image/private/f_auto,q_auto/league/qjxc3rwsdyoatywjfpsu"
Louis Jackson,"https://static.www.nfl.com/image/private/f_auto,q_auto/league/vckaxxjukji3rgn3ie06"
Louis Lipps,"https://static.www.nfl.com/image/private/f_auto,q_auto/league/o0yofq2gib2uh6wlaa7g"
Louis Murphy,"https://static.www.nfl.com/image/private/f_auto,q_auto/league/rivj8wgktddc22qdtpsn"
Louis Neal,"https://static.www.nfl.com/image/private/f_auto,q_auto/league/iit4hppco2hzxgyzk0tp"
Lousaka Polite,"https://static.www.nfl.com/image/private/f_auto,q_auto/league/sap0k6ihraeup9y3vd9c"
Lucky Whitehead,"https://static.www.nfl.com/image/private/f_auto,q_auto/league/kkkuu7hldjdxhklgejl0"
Luis Sharpe,"https://static.www.nfl.com/image/private/f_auto,q_auto/league/ljq3kd1phepixk38qkli"
Luke Lawton,"https://static.www.nfl.com/image/private/f_auto,q_auto/league/f3zabht6ytygjxw6h3fx"
Luke McCown,"https://static.www.nfl.com/image/private/f_auto,q_auto/league/pj2lbdhplppzlywlzsbr"
Luke Prestridge,"https://static.www.nfl.com/image/private/f_auto,q_auto/league/yyye6lrfg3y14szb9dr6"
Luke Stocker,"https://static.www.nfl.com/image/private/f_auto,q_auto/league/keoilbfzupthtliuou1a"
Luther Blue,"https://static.www.nfl.com/image/private/f_auto,q_auto/league/gjbkox33n5k9xkrhxqoj"
Luther Burden III,"https://static.www.nfl.com/image/upload/f_auto,q_auto/league/iyuwdz7pbowdkwzq2tg5"
Lydell Mitchell,"https://static.www.nfl.com/image/private/f_auto,q_auto/league/qbzzibd7mw0rt8mzm2jj"
Lynell Hamilton,"https://static.www.nfl.com/image/private/f_auto,q_auto/league/i1zm0rxoawhpqcgnuddc"
Lynn Bowden,"https://static.www.nfl.com/image/private/f_auto,q_auto/league/nrvwudvuqxpmiegmjzdu"
Lynn Bowden Jr.,
Lynn Cain,"https://static.www.nfl.com/image/private/f_auto,q_auto/league/hehjobp4p1ixfyk6ikvu"
Lynn Dickey,"https://static.www.nfl.com/image/private/f_auto,q_auto/league/gwlwkc0uggwu94p260y5"
Lynn James,"https://static.www.nfl.com/image/private/f_auto,q_auto/league/rs1pcch9gqqninggkuyj"
Lynn Swann,"https://static.www.nfl.com/image/private/f_auto,q_auto/league/jesvcslja0ilrjjbdngy"
M.C. Reynolds,
M.D. Jennings,"https://static.www.nfl.com/image/private/f_auto,q_auto/league/qjk4xa3jgj6pkcteil4i"
M.J. Stewart,"https://static.www.nfl.com/image/upload/f_auto,q_auto/league/ks5w5s7jghanmslipbfs"
M.L. Harris,"https://static.www.nfl.com/image/private/f_auto,q_auto/league/ngbfjxe3c6wjreowtd6c"
Mac Jones,"https://static.www.nfl.com/image/upload/f_auto,q_auto/league/mbdwfwiuhl0ib5ajtmzq"
MacArthur Lane,"https://static.www.nfl.com/image/private/f_auto,q_auto/league/mqvilpuwcfn0pkgniyip"
Macey Brooks,"https://static.www.nfl.com/image/private/f_auto,q_auto/league/hjwucw2licgrrlavt32f"
Mack Alston,"https://static.www.nfl.com/image/private/f_auto,q_auto/league/orpo4gw9fvivpbedgoj1"
Mack Brown,"https://static.www.nfl.com/image/private/f_auto,q_auto/league/fjzfchsmhpgl1uqiknek"
Mack Herron,"https://static.www.nfl.com/image/private/f_auto,q_auto/league/odv42msivv7kxx96023g"
Mack Hollins,"https://static.www.nfl.com/image/upload/f_auto,q_auto/league/qbz7whjzsittudcecezw"
Mack Strong,"https://static.www.nfl.com/image/private/f_auto,q_auto/league/b4bixlcjyx3xyoqq40bd"
Madison Hedgecock,"https://static.www.nfl.com/image/private/f_auto,q_auto/league/blaas99whnah5rvfaisy"
Major Everett,"https://static.www.nfl.com/image/private/f_auto,q_auto/league/nzlmigcw9bw7gmoapy0z"
Mal Hammack,
Malachi Corley,"https://static.www.nfl.com/image/upload/f_auto,q_auto/league/lay1p8pvwrglmqorc6ev"
Malcolm Barnwell,"https://static.www.nfl.com/image/private/f_auto,q_auto/league/u7nsmtf5bly13q891ada"
Malcolm Brown,"https://static.www.nfl.com/image/private/f_auto,q_auto/league/zxnjheichwlnvvu5qdyl"
Malcolm Johnson,"https://static.www.nfl.com/image/private/f_auto,q_auto/league/n1vppalhmz7ekonqtmiq"
Malcolm Perry,"https://static.www.nfl.com/image/private/f_auto,q_auto/league/frfsqseatvisn09ysrdr"
Malik Cunningham,"https://static.www.nfl.com/image/upload/f_auto,q_auto/league/b1zs666er20onzjnff8h"
Malik Davis,"https://static.www.nfl.com/image/upload/f_auto,q_auto/league/zvranxxyt8qeihn8c2q9"
Malik Nabers,"https://static.www.nfl.com/image/upload/f_auto,q_auto/league/w3edoyyuomqlovvp9ixc"
Malik Taylor,"https://static.www.nfl.com/image/private/f_auto,q_auto/league/aupsoxtxtpv4fmgs4ttp"
Malik Washington,"https://static.www.nfl.com/image/upload/f_auto,q_auto/league/dmaiwnmaal9nrwfskl28"
Malik Willis,"https://static.www.nfl.com/image/upload/f_auto,q_auto/league/txvgdbwbryzyyqq6gfet"
Manase Tonga,"https://static.www.nfl.com/image/private/f_auto,q_auto/league/us9avw8q8jgjjdpbd7is"
Manfred Moore,"https://static.www.nfl.com/image/private/f_auto,q_auto/league/z9botrq6ahvbsgre31ag"
MarQueis Gray,"https://static.www.nfl.com/image/private/f_auto,q_auto/league/pbuxaz8hy9fxow3zq5sr"
MarShawn Lloyd,"https://static.www.nfl.com/image/upload/f_auto,q_auto/league/xp8sd4enimuk4zd0aqgu"
MarTay Jenkins,"https://static.www.nfl.com/image/private/f_auto,q_auto/league/ihmw6wquw6ltwkv9faym"
Marc Bulger,"https://static.www.nfl.com/image/private/f_auto,q_auto/league/vww6hwhkqzevfn6nsnhw"
Marc Edwards,"https://static.www.nfl.com/image/private/f_auto,q_auto/league/znwj9srxhjzvi7ni5ds1"
Marc Logan,"https://static.www.nfl.com/image/private/f_auto,q_auto/league/elpurhsirubxvsvtzb55"
Marc Mariani,"https://static.www.nfl.com/image/private/f_auto,q_auto/league/jdhln1ulusmjybwdha4k"
Marc Wilson,"https://static.www.nfl.com/image/private/f_auto,q_auto/league/ockryga7mbp25q7qpooc"
Marcel Reece,"https://static.www.nfl.com/image/private/f_auto,q_auto/league/nqy3arwxgk4lwh3pfrr3"
Marcel Shipp,"https://static.www.nfl.com/image/private/f_auto,q_auto/league/tfkcgmlkglg6polnzc"
Marcus Allen,"https://static.www.nfl.com/image/private/f_auto,q_auto/league/wy664ewj5sglsncnjakr"
Marcus Dupree,"https://static.www.nfl.com/image/private/f_auto,q_auto/league/ayased9tqylbqclvimzp"
Marcus Johnson,"https://static.www.nfl.com/image/private/f_auto,q_auto/league/pwq2yi4ewqtsx6buynay"
Marcus Jones,"https://static.www.nfl.com/image/upload/f_auto,q_auto/league/eteesniqc4caawrpbfuh"
Marcus Mariota,"https://static.www.nfl.com/image/upload/f_auto,q_auto/league/grx6m1fmu1odltjo3y31"
Marcus Mason,"https://static.www.nfl.com/image/private/f_auto,q_auto/league/dox1rkozlfz0h0uaorkn"
Marcus Murphy,"https://static.www.nfl.com/image/private/f_auto,q_auto/league/y9j91g8089mu9tjj0zis"
Marcus Robinson,"https://static.www.nfl.com/image/private/f_auto,q_auto/league/zhn6taxt5dgyq43v9qam"
Marcus Thigpen,"https://static.www.nfl.com/image/private/f_auto,q_auto/league/yjyhu6hejsynzkfiayqm"
Marcus Wilson,"https://static.www.nfl.com/image/private/f_auto,q_auto/league/ng4xt0thwe8mftbw9l2y"
Mario Bates,"https://static.www.nfl.com/image/private/f_auto,q_auto/league/xkxxacls8uwotyxllfw7"
Mario Manningham,"https://static.www.nfl.com/image/private/f_auto,q_auto/league/yqkr51fcjoe6a1q0svce"
Marion Barber III,
Marion Barber Jr.,
Marion Butts,"https://static.www.nfl.com/image/private/f_auto,q_auto/league/tjtn064dewwiwi8hzfej"
Marion Grice,"https://static.www.nfl.com/image/private/f_auto,q_auto/league/k7yziqmqr4ekp6gc96qh"
Mark Andrews,"https://static.www.nfl.com/image/upload/f_auto,q_auto/league/u4xzz7tclch0tpzm9hhz"
Mark Bailey,"https://static.www.nfl.com/image/private/f_auto,q_auto/league/rygbpdaj4pen6ygiqkl2"
Mark Bradley,"https://static.www.nfl.com/image/private/f_auto,q_auto/league/tevbfasdx5iudbvfc5it"
Mark Brammer,"https://static.www.nfl.com/image/private/f_auto,q_auto/league/fgoyuhme8wzwvncgi3rb"
Mark Brunell,"https://static.www.nfl.com/image/private/f_auto,q_auto/league/p91vbvdb7ik4fcjuo7ym"
Mark Carrier,"https://static.www.nfl.com/image/private/f_auto,q_auto/league/ftqmpwprcj4cqhq0clgz"
Mark Clayton,"https://static.www.nfl.com/image/private/f_auto,q_auto/league/uldvbkuemila91mfp5th"
Mark Duper,"https://static.www.nfl.com/image/private/f_auto,q_auto/league/capbbsyre3yh8uj3nt8l"
Mark Green,"https://static.www.nfl.com/image/private/f_auto,q_auto/league/gqpifpyakq8v8bny5u7j"
Mark Herrmann,"https://static.www.nfl.com/image/private/f_auto,q_auto/league/e9dkru9lgdil7s65rqpi"
Mark Higgs,"https://static.www.nfl.com/image/private/f_auto,q_auto/league/za13hfripmqxagvgnixe"
Mark Ingram,"https://static.www.nfl.com/image/private/f_auto,q_auto/league/qyju9wutyssrf0b26ran"
Mark Jackson,"https://static.www.nfl.com/image/private/f_auto,q_auto/league/pk49rq24atcof9zpw01q"
Mark Kellar,"https://static.www.nfl.com/image/private/f_auto,q_auto/league/a61mph8zmhgwnuqmaauk"
Mark Konecny,"https://static.www.nfl.com/image/private/f_auto,q_auto/league/af412hv9gwbfkxjukk7n"
Mark Malone,"https://static.www.nfl.com/image/private/f_auto,q_auto/league/ey0kryydkdjgkhv1qnaq"
Mark Miller,"https://static.www.nfl.com/image/private/f_auto,q_auto/league/tvlisdpy7ifvxarrqnq2"
Mark Nichols,"https://static.www.nfl.com/image/private/f_auto,q_auto/league/uv9jpj10mwvgdge2o0ic"
Mark Reed,"https://static.www.nfl.com/image/private/f_auto,q_auto/league/w9mgimdar0qgpqto3mia"
Mark Royals,"https://static.www.nfl.com/image/private/f_auto,q_auto/league/bv8aa1khwpokepn2nb7w"
Mark Rypien,"https://static.www.nfl.com/image/private/f_auto,q_auto/league/ecuua46m2ktij2lyxfzd"
Mark Sanchez,"https://static.www.nfl.com/image/private/f_auto,q_auto/league/e12qugcuc1cpgkf0crfn"
Mark Smolinski,
Mark Stepnoski,"https://static.www.nfl.com/image/private/f_auto,q_auto/league/np7igh1cepbetdpqd15v"
Mark Stevens,"https://static.www.nfl.com/image/private/f_auto,q_auto/league/btokn8gusodcbilw0ybi"
Mark Vlasic,"https://static.www.nfl.com/image/private/f_auto,q_auto/league/mj0jk5py5nh6qprw01no"
Mark Walton,"https://static.www.nfl.com/image/private/f_auto,q_auto/league/bagm3hmxx07fqbe2xumb"
Mark van Eeghen,"https://static.www.nfl.com/image/private/f_auto,q_auto/league/w06vvzst3qtiah8jyvzl"
Markus Wheaton,"https://static.www.nfl.com/image/private/f_auto,q_auto/league/hd28smxn43jzwkdikpd0"
Marlin Briscoe,"https://static.www.nfl.com/image/private/f_auto,q_auto/league/ebc4ci38wbx63rwbhquu"
Marlion Jackson,"https://static.www.nfl.com/image/private/f_auto,q_auto/league/uje2e3dc7g3y9amvmc6z"
Marlon Barnes,"https://static.www.nfl.com/image/private/f_auto,q_auto/league/vnziix0ooiynqtdpdl0a"
Marlon Brown,"https://static.www.nfl.com/image/private/f_auto,q_auto/league/zdfywwd0yvsd6okfa5sr"
Marlon Mack,"https://static.www.nfl.com/image/private/f_auto,q_auto/league/d3sdoo1yiey5oiyblulk"
Marlon Moore,"https://static.www.nfl.com/image/private/f_auto,q_auto/league/bz33qmm3sdz0yswywrul"
Marqise Lee,"https://static.www.nfl.com/image/private/f_auto,q_auto/league/drsesqqzwhkilsx51j4i"
Marques Colston,"https://static.www.nfl.com/image/private/f_auto,q_auto/league/hnnuo9nfwzwlakr2srdq"
Marques Hagans,"https://static.www.nfl.com/image/private/f_auto,q_auto/league/vsjaxsmagvm3qxay5tyv"
Marques Tuiasosopo,"https://static.www.nfl.com/image/private/f_auto,q_auto/league/hshczxf0zgoimgibwd6w"
Marquette King,"https://static.www.nfl.com/image/private/f_auto,q_auto/league/jmklxv5zzm4vquaemfc1"
Marquez Valdes-Scantling,"https://static.www.nfl.com/image/upload/f_auto,q_auto/league/xkdli55uvkkffiq6fwnu"
Marquis Weeks,"https://static.www.nfl.com/image/private/f_auto,q_auto/league/sx9rzvhanvp1vckorxbl"
Marquise Brown,"https://static.www.nfl.com/image/upload/f_auto,q_auto/league/shkjxggufymydgp6wk3p"
Marquise Goodwin,"https://static.www.nfl.com/image/upload/f_auto,q_auto/league/cof5bbih1o9dtnonwmjp"
Marrio Grier,"https://static.www.nfl.com/image/private/f_auto,q_auto/league/ei4v8aj3ev0spwiyyjl3"
Marsh White,"https://static.www.nfl.com/image/private/f_auto,q_auto/league/bd69nulaqmeae4jnokar"
Marshall Faulk,"https://static.www.nfl.com/image/private/f_auto,q_auto/league/ker7p0exticomqhcbtjt"
Marshawn Lynch,"https://static.www.nfl.com/image/private/f_auto,q_auto/league/ddhpebfqtr9yxsnbx9ht"
Martavis Bryant,"https://static.www.nfl.com/image/private/f_auto,q_auto/league/davxza3iibzg7aw6c5jm"
Martellus Bennett,"https://static.www.nfl.com/image/private/f_auto,q_auto/league/repls3tq1d4jnvwmaqia"
Martin Sartin,"https://static.www.nfl.com/image/private/f_auto,q_auto/league/tjejsng17ynrk0xljyek"
Marty Booker,"https://static.www.nfl.com/image/private/f_auto,q_auto/league/thzjn3ut9gpwnac9zrwx"
Marty Domres,"https://static.www.nfl.com/image/private/f_auto,q_auto/league/nzrmbng6rrl4sobcvcpo"
Marty Horn,"https://static.www.nfl.com/image/private/f_auto,q_auto/league/q60pfp71bwimkm5kx42v"
Marv Bateman,"https://static.www.nfl.com/image/private/f_auto,q_auto/league/mkzqexp8sd5ty3evtxvb"
Marv Hubbard,"https://static.www.nfl.com/image/private/f_auto,q_auto/league/ctaqfqsqtjksws2sssem"
Marvin Allen,"https://static.www.nfl.com/image/private/f_auto,q_auto/league/zbazysfacef6lbqh9ove"
Marvin Cobb,"https://static.www.nfl.com/image/private/f_auto,q_auto/league/vcqabbybah6govsrkn47"
Marvin Hall,"https://static.www.nfl.com/image/private/f_auto,q_auto/league/dgyruyvyeuy4cwxhysox"
Marvin Harrison,"https://static.www.nfl.com/image/private/f_auto,q_auto/league/fni7z2tqhhaq5kbe5a0s"
Marvin Jones,"https://static.www.nfl.com/image/private/f_auto,q_auto/league/ciy9sxefmcnwjw7ln3h2"
Marvin Mims Jr.,"https://static.www.nfl.com/image/upload/f_auto,q_auto/league/zbdjtph5xplbf4yocz0l"
Marvin Powell,"https://static.www.nfl.com/image/private/f_auto,q_auto/league/ywv8k7sgzgtg57f9wgmc"
Marvin Sims,"https://static.www.nfl.com/image/private/f_auto,q_auto/league/hnh94yejth4bbpf0xcae"
Mason Rudolph,"https://static.www.nfl.com/image/upload/f_auto,q_auto/league/oadtxde6hxz1jgrs618o"
Mason Tipton,"https://static.www.nfl.com/image/upload/f_auto,q_auto/league/jcloxjivlxbcveled5lr"
Mat McBriar,"https://static.www.nfl.com/image/private/f_auto,q_auto/league/uregi4gbey5twzvwfuow"
Matt Allen,"https://static.www.nfl.com/image/private/f_auto,q_auto/league/axvflxphug3gurdgwyo1"
Matt Asiata,"https://static.www.nfl.com/image/private/f_auto,q_auto/league/zrj90d9ej6ubrnpjbewn"
Matt Bahr,"https://static.www.nfl.com/image/private/f_auto,q_auto/league/pukxu8ic9up4to0zdbtv"
Matt Barkley,"https://static.www.nfl.com/image/private/f_auto,q_auto/league/ejvscebj0ufugx5vrouq"
Matt Bouza,"https://static.www.nfl.com/image/private/f_auto,q_auto/league/mk5g65a3rk6ljjjrboil"
Matt Breida,"https://static.www.nfl.com/image/private/f_auto,q_auto/league/rc4m1xw0xmtsrxswd0bg"
Matt Cassel,"https://static.www.nfl.com/image/private/f_auto,q_auto/league/n1ucqggyu5hlsqzuv5gj"
Matt Cavanaugh,"https://static.www.nfl.com/image/private/f_auto,q_auto/league/bl3tbkdqwye0kvjp7dwm"
Matt Darr,"https://static.www.nfl.com/image/private/f_auto,q_auto/league/ko3fxpkmjathpdxbed5c"
Matt Dodge,"https://static.www.nfl.com/image/private/f_auto,q_auto/league/fsniiwqpcyhiaa5ltc2v"
Matt Flynn,"https://static.www.nfl.com/image/private/f_auto,q_auto/league/goh8anyqhyvmkfmfbejp"
Matt Forte,"https://static.www.nfl.com/image/private/f_auto,q_auto/league/olqssssjykcx7tx7xsy3"
Matt Giordano,"https://static.www.nfl.com/image/private/f_auto,q_auto/league/nvhjpzf0haftbvfhkzm6"
Matt Gutierrez,"https://static.www.nfl.com/image/private/f_auto,q_auto/league/vuoaozig4v78bxqzkjaw"
Matt Haack,"https://static.www.nfl.com/image/upload/f_auto,q_auto/league/q0pk8i0ehgn4bccwbmme"
Matt Hasselbeck,"https://static.www.nfl.com/image/private/f_auto,q_auto/league/t1nf9avoy2kauqwrvzza"
Matt Jones,"https://static.www.nfl.com/image/private/f_auto,q_auto/league/eektuvevqtzbqstzx3pv"
Matt Kofler,"https://static.www.nfl.com/image/private/f_auto,q_auto/league/d0aftpzypgypu47d5pgi"
Matt Lawrence,"https://static.www.nfl.com/image/private/f_auto,q_auto/league/tbybaaoedwymda807lhy"
Matt Leinart,"https://static.www.nfl.com/image/private/f_auto,q_auto/league/y1vcveczcmnterc5qphn"
Matt Lytle,"https://static.www.nfl.com/image/private/f_auto,q_auto/league/wvvg8iq93gqd1exfbyvl"
Matt Mauck,"https://static.www.nfl.com/image/private/f_auto,q_auto/league/pljheww872q9g0zegshd"
Matt McGloin,"https://static.www.nfl.com/image/private/f_auto,q_auto/league/zwrox2g1yauaa1csdhrw"
Matt Moore,"https://static.www.nfl.com/image/private/f_auto,q_auto/league/h04zarfikqlgerdftbgp"
Matt Robinson,"https://static.www.nfl.com/image/private/f_auto,q_auto/league/cyylhz3zlyomcyokkovh"
Matt Ryan,"https://static.www.nfl.com/image/private/f_auto,q_auto/league/s6zam4ekrrnonsck6vak"
Matt Schaub,"https://static.www.nfl.com/image/private/f_auto,q_auto/league/mj2kh2nddxnw04ludcx0"
Matt Simms,"https://static.www.nfl.com/image/private/f_auto,q_auto/league/cp7lmyzswrpku14vurnj"
Matt Skura,"https://static.www.nfl.com/image/private/f_auto,q_auto/league/h9enr0ycapsfxudjqe43"
Matt Snell,
Matt Stevens,"https://static.www.nfl.com/image/private/f_auto,q_auto/league/ur1fsgy5o486l5gylabk"
Matt Suhey,"https://static.www.nfl.com/image/private/f_auto,q_auto/league/ttcwdlgssxl8vgosj06j"
Matt Turk,"https://static.www.nfl.com/image/private/f_auto,q_auto/league/g9hjqcjp518hlr6albuw"
Matthew Bosher,
Matthew Dayes,
Matthew Golden,"https://static.www.nfl.com/image/upload/f_auto,q_auto/league/dbjki6b0swksr7mk17wk"
Matthew Hayball,"https://static.www.nfl.com/image/upload/f_auto,q_auto/league/yzuzslxbylnxlq7eeeww"
Matthew Slater,"https://static.www.nfl.com/image/private/f_auto,q_auto/league/cs1ojdzhxjuanbw6vflv"
Matthew Stafford,"https://static.www.nfl.com/image/upload/f_auto,q_auto/league/jwpkjfrkzufdyh8u1mg7"
Matthias Farley,"https://static.www.nfl.com/image/private/f_auto,q_auto/league/yz4nj2cu0emfjudr3ofz"
Maurice Carthon,"https://static.www.nfl.com/image/private/f_auto,q_auto/league/etsohfirab6nhwde5egv"
Maurice Ffrench,"https://static.www.nfl.com/image/private/f_auto,q_auto/league/vgh5jb3ig6mr3gavs3me"
Maurice Harris,"https://static.www.nfl.com/image/private/f_auto,q_auto/league/rslwahd8pggo2ghktogx"
Maurice Hicks,"https://static.www.nfl.com/image/private/f_auto,q_auto/league/bjq3nqrsbomfczeiwwtq"
Maurice Jones-Drew,"https://static.www.nfl.com/image/private/f_auto,q_auto/league/imza3kc0cmkjaym7sjsn"
Maurice Morris,"https://static.www.nfl.com/image/private/f_auto,q_auto/league/o8ytfrr4d5nawhc4htks"
Maurice Smith,"https://static.www.nfl.com/image/private/f_auto,q_auto/league/ckkvlgdpadq9eb8p4ekx"
Maurice Stovall,"https://static.www.nfl.com/image/private/f_auto,q_auto/league/qyhoqvhicjjzusyajhah"
Maury Buford,"https://static.www.nfl.com/image/private/f_auto,q_auto/league/nrdaun8l5sjys5dqvdgo"
Max Brosmer,"https://static.www.nfl.com/image/upload/f_auto,q_auto/league/fpveluufmy7buwrhpiny"
Max Hall,"https://static.www.nfl.com/image/private/f_auto,q_auto/league/haavtffaxl2j37h8liuw"
Max McGee,
Max Runager,"https://static.www.nfl.com/image/private/f_auto,q_auto/league/dcwffqpvrylp9q9yabjo"
Maxx Williams,"https://static.www.nfl.com/image/private/f_auto,q_auto/league/p0j7ax3rqhrzn5nvmc06"
Mazio Royster,"https://static.www.nfl.com/image/private/f_auto,q_auto/league/xbpjyusivqekqfkwbyqc"
Mecole Hardman,"https://static.www.nfl.com/image/upload/f_auto,q_auto/league/mswmia17pkencx01nswj"
Mekhi Sargent,"https://static.www.nfl.com/image/private/f_auto,q_auto/league/vkjbw0dck6obsojugiya"
Mel Bratton,"https://static.www.nfl.com/image/private/f_auto,q_auto/league/hczwddcl6zkive6qyvax"
Mel Carver,"https://static.www.nfl.com/image/private/f_auto,q_auto/league/shmtrqnhd1laxetegj8r"
Mel Farr,
Mel Gray,"https://static.www.nfl.com/image/private/f_auto,q_auto/league/rfuw3dh4aah4l4eeuubp"
Mel Renfro,"https://static.www.nfl.com/image/private/f_auto,q_auto/league/iuei9varlvapbjlb0rg6"
Mel Triplett,
Melvin Baker,"https://static.www.nfl.com/image/private/f_auto,q_auto/league/paovatjgoegb0reyqdmp"
Melvin Gordon,"https://static.www.nfl.com/image/private/f_auto,q_auto/league/i4g8x7yotpgszlyanow0"
Melvin Hoover,"https://static.www.nfl.com/image/private/f_auto,q_auto/league/av2aqvnwah80pbdvjjec"
Melvin Ingram,"https://static.www.nfl.com/image/private/f_auto,q_auto/league/kbnd1mhegpg4n5kj7rac"
Mercury Hayes,"https://static.www.nfl.com/image/private/f_auto,q_auto/league/smxgxxmkiuk1kzlx4th5"
Mercury Morris,"https://static.www.nfl.com/image/private/f_auto,q_auto/league/mkklysm6yhw2jbrrvel3"
Merril Hoge,"https://static.www.nfl.com/image/private/f_auto,q_auto/league/ogxysmprroqnffayxujc"
Merrill Douglas,
Merritt Kersey,"https://static.www.nfl.com/image/private/f_auto,q_auto/league/aets8qtljnql0g72h981"
Mervyn Fernandez,"https://static.www.nfl.com/image/private/f_auto,q_auto/league/ui5fclbaermhnqq8678p"
Mewelde Moore,"https://static.www.nfl.com/image/private/f_auto,q_auto/league/aqabtnjtucqtwb99mb3o"
Micah Knorr,"https://static.www.nfl.com/image/private/f_auto,q_auto/league/tltoe25vufrulit8skw3"
Michael Barber,"https://static.www.nfl.com/image/private/f_auto,q_auto/league/ybzfru9tzpmmiz4zbo0k"
Michael Basnight,"https://static.www.nfl.com/image/private/f_auto,q_auto/league/q0gke2pnng5v6ui0pwpf"
Michael Bates,"https://static.www.nfl.com/image/private/f_auto,q_auto/league/awyey2nffgfupqrgyrzk"
Michael Bennett,"https://static.www.nfl.com/image/private/f_auto,q_auto/league/dknkzmg5xiy7tl5koktq"
Michael Bishop,"https://static.www.nfl.com/image/private/f_auto,q_auto/league/jqru5gtcuipgln8gutfl"
Michael Burton,"https://static.www.nfl.com/image/upload/f_auto,q_auto/league/ibyeabk3yu68mgipxklr"
Michael Bush,"https://static.www.nfl.com/image/private/f_auto,q_auto/league/hrrwi7inledczyebrkuk"
Michael Campanaro,"https://static.www.nfl.com/image/private/f_auto,q_auto/league/zpr9fkukakcfyfefypf7"
Michael Carter,"https://static.www.nfl.com/image/upload/f_auto,q_auto/league/cwqrxzouk4gkhfziyqre"
Michael Clayton,"https://static.www.nfl.com/image/private/f_auto,q_auto/league/lvkowxltqzop95dpx7bx"
Michael Clemons,
Michael Cox,"https://static.www.nfl.com/image/private/f_auto,q_auto/league/jwzgisfmgq4gnd234ubb"
Michael Crabtree,"https://static.www.nfl.com/image/private/f_auto,q_auto/league/kcavcmeyaion38ewxwyk"
Michael Dickson,"https://static.www.nfl.com/image/upload/f_auto,q_auto/league/apjm64xahlm5hjmoxul7"
Michael Floyd,"https://static.www.nfl.com/image/private/f_auto,q_auto/league/lisxjuyoo7hiux1ac4jb"
Michael Gunter,
Michael Haddix,"https://static.www.nfl.com/image/private/f_auto,q_auto/league/xq5ocihsf6ac343nbmkc"
Michael Harper,"https://static.www.nfl.com/image/private/f_auto,q_auto/league/j6thokipywsyhquarvjl"
Michael Haynes,"https://static.www.nfl.com/image/private/f_auto,q_auto/league/mmlpkcf3ggtt5uexlfhs"
Michael Hicks,"https://static.www.nfl.com/image/private/f_auto,q_auto/league/gp3oj9xj2xhnwjlc0fvp"
Michael Husted,"https://static.www.nfl.com/image/private/f_auto,q_auto/league/ucgdprnqhuciao0hwlsn"
Michael Irvin,"https://static.www.nfl.com/image/private/f_auto,q_auto/league/mlouuxe889hk8vdv1mqp"
Michael Jackson,"https://static.www.nfl.com/image/private/f_auto,q_auto/league/jbn8znxlyucu64nj7qoz"
Michael Jenkins,"https://static.www.nfl.com/image/private/f_auto,q_auto/league/q8uleahujo4vd9mmppjg"
Michael Jennings,
Michael Koenen,"https://static.www.nfl.com/image/private/f_auto,q_auto/league/hu8j84jf4ytn55rny2w0"
Michael LeBlanc,"https://static.www.nfl.com/image/private/f_auto,q_auto/league/nzilbkltlpwghfzqjxla"
Michael Lewis,"https://static.www.nfl.com/image/private/f_auto,q_auto/league/wdjrk1cnkudl8fq82bmw"
Michael Morton,"https://static.www.nfl.com/image/private/f_auto,q_auto/league/fkxnutfqfuxshtevi3lo"
Michael Palardy,"https://static.www.nfl.com/image/private/f_auto,q_auto/league/hoxfeahxcb9sbz83nose"
Michael Penix Jr.,"https://static.www.nfl.com/image/upload/f_auto,q_auto/league/mip4kogkqxwkkya6mvmh"
Michael Pittman,"https://static.www.nfl.com/image/private/f_auto,q_auto/league/xt52pieoe86wnuy0imar"
Michael Pittman Jr.,
Michael Robinson,"https://static.www.nfl.com/image/private/f_auto,q_auto/league/ft3qwqtabyaptjs9cqvf"
Michael Thomas,"https://static.www.nfl.com/image/private/f_auto,q_auto/league/sxldsbuw65hfmkzqhw96"
Michael Timpson,"https://static.www.nfl.com/image/private/f_auto,q_auto/league/wm7lpfwmyj7qztqcq798"
Michael Turner,"https://static.www.nfl.com/image/private/f_auto,q_auto/league/mdaldbfqcpsnwhilwldj"
Michael Vick,
Michael Westbrook,"https://static.www.nfl.com/image/private/f_auto,q_auto/league/mrxgnm1nifgvippfx1fu"
Michael Wiley,"https://static.www.nfl.com/image/upload/f_auto,q_auto/league/kjuriiyvmmbrfujqvjjw"
Michael Williams,"https://static.www.nfl.com/image/private/f_auto,q_auto/league/gwdrk7iqroxvf88o2vzl"
Michael Wilson,"https://static.www.nfl.com/image/upload/f_auto,q_auto/league/hm2b9z4zujjmbiyldh8n"
Mickey Zofko,"https://static.www.nfl.com/image/private/f_auto,q_auto/league/ksqwimfwmiecoiml3t5j"
Mike Adamle,"https://static.www.nfl.com/image/private/f_auto,q_auto/league/apmookl9zrmoz4xsvi1u"
Mike Alstott,"https://static.www.nfl.com/image/private/f_auto,q_auto/league/loxctvxuynoipeaduqsc"
Mike Anderson,"https://static.www.nfl.com/image/private/f_auto,q_auto/league/u233mhiu14upds1god2j"
Mike Archie,"https://static.www.nfl.com/image/private/f_auto,q_auto/league/jrynsxqnrciddtyekr5v"
Mike Augustyniak,"https://static.www.nfl.com/image/private/f_auto,q_auto/league/uzt2l2bkqnzfsnfaq5yl"
Mike Baab,"https://static.www.nfl.com/image/private/f_auto,q_auto/league/vkbjwpponyvajqinzxyr"
Mike Barber,"https://static.www.nfl.com/image/private/f_auto,q_auto/league/uzpyqurav8qlpz58ndum"
Mike Bell,"https://static.www.nfl.com/image/private/f_auto,q_auto/league/n5am5rpzph1vsw8dmtng"
Mike Black,"https://static.www.nfl.com/image/private/f_auto,q_auto/league/gytoqlondor7brn6rgm1"
Mike Boone,"https://static.www.nfl.com/image/upload/f_auto,q_auto/league/yeoyrlaf9hlvowj6fdio"
Mike Boryla,"https://static.www.nfl.com/image/private/f_auto,q_auto/league/hfhbfly6nb1v3rswrvjb"
Mike Bragg,"https://static.www.nfl.com/image/private/f_auto,q_auto/league/lifj5myvxqarnd1kae1o"
Mike Brunson,
Mike Buck,"https://static.www.nfl.com/image/private/f_auto,q_auto/league/mldwvf4klqbdj2ctvt2y"
Mike Campbell,
Mike Carter,
Mike Cherry,"https://static.www.nfl.com/image/private/f_auto,q_auto/league/qlnmakuweeoxuafube7i"
Mike Cloud,"https://static.www.nfl.com/image/private/f_auto,q_auto/league/cvpmw7nnlq0scha5khq4"
Mike Collier,"https://static.www.nfl.com/image/private/f_auto,q_auto/league/tbdh3jic5mu97gmsulfc"
Mike Connell,"https://static.www.nfl.com/image/private/f_auto,q_auto/league/tvhz8df5p0eq2xkppxqt"
Mike Cox,"https://static.www.nfl.com/image/private/f_auto,q_auto/league/osx94fzv31qs3jrxajzd"
Mike Curtis,"https://static.www.nfl.com/image/private/f_auto,q_auto/league/ikse0njgggzfpgreqxbk"
Mike Davis,"https://static.www.nfl.com/image/private/f_auto,q_auto/league/csrqinegeyunycijua2q"
Mike Dennis,"https://static.www.nfl.com/image/private/f_auto,q_auto/league/su0zom0gsngx0hyh3b6l"
Mike Dingle,"https://static.www.nfl.com/image/private/f_auto,q_auto/league/m6bfzkxxchveybcitgkh"
Mike Ditka,
Mike Eischeid,"https://static.www.nfl.com/image/private/f_auto,q_auto/league/zmq2lkmfonowmxxuo7no"
Mike Ernst,"https://static.www.nfl.com/image/private/f_auto,q_auto/league/yrr1xg66l8sb3rcenxdn"
Mike Esposito,"https://static.www.nfl.com/image/private/f_auto,q_auto/league/do7swqeopigao0ljce8x"
Mike Evans,"https://static.www.nfl.com/image/upload/f_auto,q_auto/league/zc4ujpmndyxrbiyyjomz"
Mike Franckowiak,"https://static.www.nfl.com/image/private/f_auto,q_auto/league/huy4bu68bmrwnuokgaw2"
Mike Fuller,"https://static.www.nfl.com/image/private/f_auto,q_auto/league/jenygbz39waknbmdd4xk"
Mike Furrey,"https://static.www.nfl.com/image/private/f_auto,q_auto/league/patqamlgpnc1wqd2ijh8"
Mike Garrett,"https://static.www.nfl.com/image/private/f_auto,q_auto/league/s1mdnox1fi1lhlihvmh3"
Mike Gillislee,"https://static.www.nfl.com/image/private/f_auto,q_auto/league/bz85uuhwz2daip0avjrg"
Mike Glennon,"https://static.www.nfl.com/image/private/f_auto,q_auto/league/mubobrjbeudtezxv0t0p"
Mike Goodson,"https://static.www.nfl.com/image/private/f_auto,q_auto/league/dpaxi8jg2qqau741mn1q"
Mike Green,"https://static.www.nfl.com/image/private/f_auto,q_auto/league/zbbflhdupumgwb0htmx0"
Mike Gruttadauria,"https://static.www.nfl.com/image/private/f_auto,q_auto/league/nmd3xqkmflrv00u7cfre"
Mike Guman,"https://static.www.nfl.com/image/private/f_auto,q_auto/league/ila865odwfkcjcphawdu"
Mike Haffner,
Mike Hagen,"https://static.www.nfl.com/image/private/f_auto,q_auto/league/o0jbuev7mbzponwpef5h"
Mike Hart,"https://static.www.nfl.com/image/private/f_auto,q_auto/league/vsupxsoianek2bknmr05"
Mike Hogan,"https://static.www.nfl.com/image/private/f_auto,q_auto/league/adtd4qhyaxmig1wyy9fp"
Mike Hohensee,"https://static.www.nfl.com/image/private/f_auto,q_auto/league/u4rdevmeggoetss4zqjp"
Mike Hold,"https://static.www.nfl.com/image/private/f_auto,q_auto/league/b0puu3zlv1duhlfqeyen"
Mike Holmes,"https://static.www.nfl.com/image/private/f_auto,q_auto/league/bytdm7m25p7ecvnecquk"
Mike Horan,"https://static.www.nfl.com/image/private/f_auto,q_auto/league/zksqwk19daesc04hoylk"
Mike Hubach,"https://static.www.nfl.com/image/private/f_auto,q_auto/league/pxyge7qwvrl4biqrhlsj"
Mike Hull,"https://static.www.nfl.com/image/private/f_auto,q_auto/league/odwvar5jtgyrug0auhkh"
Mike James,"https://static.www.nfl.com/image/private/f_auto,q_auto/league/wurn2arjq72gyjcyzgo9"
Mike Jones,"https://static.www.nfl.com/image/private/f_auto,q_auto/league/mqvjxu062kxyg2vm6h6i"
Mike Kafka,"https://static.www.nfl.com/image/private/f_auto,q_auto/league/jbpqdkzygpdgouw6h5ds"
Mike Karney,"https://static.www.nfl.com/image/private/f_auto,q_auto/league/a7tbw5gaulltswknyx3r"
Mike Katolin,"https://static.www.nfl.com/image/private/f_auto,q_auto/league/yvwbdnibrihtbm2bylvv"
Mike Kelley,"https://static.www.nfl.com/image/private/f_auto,q_auto/league/hn2siteaw5fhlmx6uvd1"
Mike Kerrigan,"https://static.www.nfl.com/image/private/f_auto,q_auto/league/pjwz46qvzv5ejwvwkv8f"
Mike Kirkland,"https://static.www.nfl.com/image/private/f_auto,q_auto/league/a6tkfvx4lz9sbjk4me0j"
Mike Kruczek,"https://static.www.nfl.com/image/private/f_auto,q_auto/league/ak7rowm9lqybljnw065s"
Mike Levenseller,"https://static.www.nfl.com/image/private/f_auto,q_auto/league/hg3fr5penkxf165d0nhh"
Mike Lind,
Mike Livingston,"https://static.www.nfl.com/image/private/f_auto,q_auto/league/g3pykcenr6kpi8nxl9r4"
Mike Loyd,"https://static.www.nfl.com/image/private/f_auto,q_auto/league/mm00kympqzunqkdnlshe"
Mike Machurek,"https://static.www.nfl.com/image/private/f_auto,q_auto/league/a6zvpvml0khzpziwgfsv"
Mike Martin,"https://static.www.nfl.com/image/private/f_auto,q_auto/league/q6pkti31qgzps6qsalng"
Mike McMahon,"https://static.www.nfl.com/image/private/f_auto,q_auto/league/oqk3auohiba0d6blhboc"
Mike Meade,"https://static.www.nfl.com/image/private/f_auto,q_auto/league/tv3yeeboniiq1sv6mici"
Mike Mercer,
Mike Michel,"https://static.www.nfl.com/image/private/f_auto,q_auto/league/jpsk4lmh2raajhkygerx"
Mike Miller,"https://static.www.nfl.com/image/private/f_auto,q_auto/league/hdefkuuboys59xc9akmc"
Mike Montgomery,"https://static.www.nfl.com/image/private/f_auto,q_auto/league/mylyvwen3qy6g4djuuos"
Mike Moroski,"https://static.www.nfl.com/image/private/f_auto,q_auto/league/ilrc9rsovxara03fog9o"
Mike Mularkey,"https://static.www.nfl.com/image/private/f_auto,q_auto/league/b4ejsrdahvduzsivc5gt"
Mike Norseth,"https://static.www.nfl.com/image/private/f_auto,q_auto/league/dr44mwd5ladt3sdhc8ug"
Mike Oliphant,"https://static.www.nfl.com/image/private/f_auto,q_auto/league/dcpop9mhywvh01z6n1gr"
Mike Pagel,"https://static.www.nfl.com/image/private/f_auto,q_auto/league/sjcjnlxuxwllgtthxkwm"
Mike Patrick,"https://static.www.nfl.com/image/private/f_auto,q_auto/league/xfr2jrvk8vz2twvdv3bd"
Mike Phipps,"https://static.www.nfl.com/image/private/f_auto,q_auto/league/qfibjhkwworzac3b5ibo"
Mike Pringle,"https://static.www.nfl.com/image/private/f_auto,q_auto/league/ircfdqdugxi3phttndur"
Mike Pritchard,"https://static.www.nfl.com/image/private/f_auto,q_auto/league/evzrbmxtpdd7cavvojwl"
Mike Pruitt,"https://static.www.nfl.com/image/private/f_auto,q_auto/league/cjqm31bc0e6bmrijauft"
Mike Quick,"https://static.www.nfl.com/image/private/f_auto,q_auto/league/pvgxk0hkyqmhu9txqmbk"
Mike Quinn,"https://static.www.nfl.com/image/private/f_auto,q_auto/league/kuyy3jx1kxkpuyfkgkby"
Mike Rae,"https://static.www.nfl.com/image/private/f_auto,q_auto/league/iogizfndddfpz7jwznaw"
Mike Reichenbach,"https://static.www.nfl.com/image/private/f_auto,q_auto/league/qpgmdmfudfwcba2prsnx"
Mike Renfro,"https://static.www.nfl.com/image/private/f_auto,q_auto/league/jsxmedvi9vlqhdvtcjmp"
Mike Richardson,"https://static.www.nfl.com/image/private/f_auto,q_auto/league/a4btqolfjra5vhhykggb"
Mike Rozier,"https://static.www.nfl.com/image/private/f_auto,q_auto/league/z3q6xg9zozdh94w9epli"
Mike Saxon,"https://static.www.nfl.com/image/private/f_auto,q_auto/league/ldkathhx9ncboyirerp1"
Mike Scifres,"https://static.www.nfl.com/image/private/f_auto,q_auto/league/y90destqrx1cowcazckp"
Mike Sellers,"https://static.www.nfl.com/image/private/f_auto,q_auto/league/mgfu3pfyhktvffde9ww2"
Mike Sherrard,"https://static.www.nfl.com/image/private/f_auto,q_auto/league/pqaplm8zrwkvqatbj5ku"
Mike Shumann,"https://static.www.nfl.com/image/private/f_auto,q_auto/league/smp720viucbykr8cwbz2"
Mike Strachan,"https://static.www.nfl.com/image/private/f_auto,q_auto/league/f0eepzx0zweaaoch5xfj"
Mike Taliaferro,
Mike Thomas,"https://static.www.nfl.com/image/private/f_auto,q_auto/league/ulg18taftviyygwmmrci"
Mike Tolbert,"https://static.www.nfl.com/image/private/f_auto,q_auto/league/frwhwdhbcteyg7xjha7a"
Mike Tomczak,"https://static.www.nfl.com/image/private/f_auto,q_auto/league/bjdgcglvb0wufq0kujfl"
Mike Varajon,"https://static.www.nfl.com/image/private/f_auto,q_auto/league/ze5fvkyc9ukt0icbwliz"
Mike Voight,"https://static.www.nfl.com/image/private/f_auto,q_auto/league/eviqln0j56bqjnhc8go9"
Mike Wallace,"https://static.www.nfl.com/image/private/f_auto,q_auto/league/dy9z5wbsitf6l9psjq4y"
Mike Waters,"https://static.www.nfl.com/image/private/f_auto,q_auto/league/p449280etpduzbusygmw"
Mike White,"https://static.www.nfl.com/image/upload/f_auto,q_auto/league/ctdcazjooi8u5iyf82vr"
Mike Williams,"https://static.www.nfl.com/image/private/f_auto,q_auto/league/pzmuocw3yzgbqftjccam"
Mike Woods,"https://static.www.nfl.com/image/private/f_auto,q_auto/league/qlps63mn8jfsvqgf7cub"
Mikel Leshoure,"https://static.www.nfl.com/image/private/f_auto,q_auto/league/c9or9xm3f8vuo21hbiyb"
Mikhael Ricks,"https://static.www.nfl.com/image/private/f_auto,q_auto/league/lhsvqlh0jnec6obbskgt"
Miles Austin,"https://static.www.nfl.com/image/private/f_auto,q_auto/league/tuwhvxan7v0gisbei4an"
Miles Sanders,"https://static.www.nfl.com/image/upload/f_auto,q_auto/league/niyjjkzmxjmesftgjs8y"
Milt Morin,"https://static.www.nfl.com/image/private/f_auto,q_auto/league/vdsevkxpwdhhbvck3vlv"
Milt Plum,
Mitch Berger,"https://static.www.nfl.com/image/private/f_auto,q_auto/league/mqdccgnykzgp26fl4uuj"
Mitch Hoopes,"https://static.www.nfl.com/image/private/f_auto,q_auto/league/ny1yzs7hceuvinw4zpjw"
Mitch Johnson,
Mitchell Brookins,"https://static.www.nfl.com/image/private/f_auto,q_auto/league/tfzkjygwjg15atf9l6rl"
Mitchell Evans,"https://static.www.nfl.com/image/upload/f_auto,q_auto/league/yruhsxdnyfaa7iswn1dp"
Mitchell Trubisky,"https://static.www.nfl.com/image/upload/f_auto,q_auto/league/yxs7ix2pmcfv5k1qn1sk"
Mo Lewis,"https://static.www.nfl.com/image/private/f_auto,q_auto/league/jz84clxtxmkmvini6imm"
Moe Williams,"https://static.www.nfl.com/image/private/f_auto,q_auto/league/qk6isd7zfj4mbmsn0nvb"
Mohamed Massaquoi,"https://static.www.nfl.com/image/private/f_auto,q_auto/league/bhlimzndr5zoo6qifrvi"
Mohamed Sanu,"https://static.www.nfl.com/image/private/f_auto,q_auto/league/a6loroqhta6g65aqnsrk"
Molly McGee,"https://static.www.nfl.com/image/private/f_auto,q_auto/league/jan1q7je0wp1gjjrrwbs"
Monroe Eley,"https://static.www.nfl.com/image/private/f_auto,q_auto/league/tbtgzh1wj6iwwwruqvyf"
Montario Hardesty,"https://static.www.nfl.com/image/private/f_auto,q_auto/league/h28sqecu6drwcdma9brv"
Monte Coleman,"https://static.www.nfl.com/image/private/f_auto,q_auto/league/fo8jzoctj0ur1ed7mtm8"
Montee Ball,"https://static.www.nfl.com/image/private/f_auto,q_auto/league/g8pycv2cfqqoeejns7bv"
Montell Owens,"https://static.www.nfl.com/image/private/f_auto,q_auto/league/uhbn4k9ucwwjdpgehocb"
Montrell Washington,"https://static.www.nfl.com/image/upload/f_auto,q_auto/league/qzoiydo6y3vvjnrujfx0"
Moran Norris,"https://static.www.nfl.com/image/private/f_auto,q_auto/league/i4wjezya4qunmvhibnfp"
Morris Bradshaw,"https://static.www.nfl.com/image/private/f_auto,q_auto/league/ud6nx9b6rypzz2ngbwap"
Morris Owens,"https://static.www.nfl.com/image/private/f_auto,q_auto/league/z2u9h34nbxhmx6alxuas"
Moses Denson,"https://static.www.nfl.com/image/private/f_auto,q_auto/league/jgz4idoourrhjbua4bln"
Moses Moreno,"https://static.www.nfl.com/image/private/f_auto,q_auto/league/ylhk1idc4vc0pie8qrno"
Mosi Tatupu,"https://static.www.nfl.com/image/private/f_auto,q_auto/league/jge79vwu3wvwpixwpriy"
Mossis Madu,"https://static.www.nfl.com/image/private/f_auto,q_auto/league/mrbmg2taipdt3vm5c749"
Muhsin Muhammad,"https://static.www.nfl.com/image/private/f_auto,q_auto/league/voncnllz8vmiq1rnclqz"
Musa Smith,"https://static.www.nfl.com/image/private/f_auto,q_auto/league/g707ybjxspi5i4qdrype"
Myles Gaskin,"https://static.www.nfl.com/image/upload/f_auto,q_auto/league/dn5kacxm99pb95u8dle1"
Myles Hartsfield,"https://static.www.nfl.com/image/private/f_auto,q_auto/league/gk1w1temj96w6wmgyy5x"
N'Keal Harry,"https://static.www.nfl.com/image/upload/f_auto,q_auto/league/yl0nlprrudo2o0awymq3"
Naaman Roosevelt,"https://static.www.nfl.com/image/private/f_auto,q_auto/league/xdeqywq3poawmj244npv"
Najee Harris,"https://static.www.nfl.com/image/upload/f_auto,q_auto/league/grfxgbvqnzz40r7rdtvk"
Najeh Davenport,"https://static.www.nfl.com/image/private/f_auto,q_auto/league/smaqioevq5yz66r5qj8w"
Napoleon Kaufman,"https://static.www.nfl.com/image/private/f_auto,q_auto/league/jvxth3bcfblxhpihc2rw"
Napoleon McCallum,"https://static.www.nfl.com/image/private/f_auto,q_auto/league/ztwoa18syptfxegyu5gq"
Nat Berhe,"https://static.www.nfl.com/image/private/f_auto,q_auto/league/ijj50b4va1w0fcwxd7yw"
Nat Moore,"https://static.www.nfl.com/image/private/f_auto,q_auto/league/l7jir7npzrkt89xzozpg"
Nate Burleson,"https://static.www.nfl.com/image/private/f_auto,q_auto/league/uetfdfntsvqax8ntyato"
Nate Carter,"https://static.www.nfl.com/image/upload/f_auto,q_auto/league/c7wg2qvjvd8diaaujwpt"
Nate Craddock,
Nate Eachus,"https://static.www.nfl.com/image/private/f_auto,q_auto/league/dvsz6rtudslr5l7bw1yy"
Nate Ebner,"https://static.www.nfl.com/image/private/f_auto,q_auto/league/ygwdsa4xsqilgkgs5uk9"
Nate Jacquet,"https://static.www.nfl.com/image/private/f_auto,q_auto/league/hb6mjv02t3tx4jhpnsrw"
Nate Lewis,"https://static.www.nfl.com/image/private/f_auto,q_auto/league/drfr6ndgjdfnllr6036u"
Nate McCrary,"https://static.www.nfl.com/image/private/f_auto,q_auto/league/mu0ujv1egc6viduiwbdk"
Nate Simpson,"https://static.www.nfl.com/image/private/f_auto,q_auto/league/uthfdj3j4issp8iuto9t"
Nate Sudfeld,"https://static.www.nfl.com/image/upload/f_auto,q_auto/league/l1acxbghxcms27qi59nq"
Nate Turner,"https://static.www.nfl.com/image/private/f_auto,q_auto/league/igouxtm3nccegkceyoto"
Nate Washington,"https://static.www.nfl.com/image/private/f_auto,q_auto/league/tfd0wzddpwzhmhunbowa"
Nathan Cottrell,"https://static.www.nfl.com/image/private/f_auto,q_auto/league/nxdpocnvirsxjrwmkgvw"
Nathan Peterman,"https://static.www.nfl.com/image/private/f_auto,q_auto/league/owifll49p0mmsjgf7rhn"
Nathan Poole,"https://static.www.nfl.com/image/private/f_auto,q_auto/league/sshi5p9sibpi3vwoj4bh"
Nathan Wonsley,"https://static.www.nfl.com/image/private/f_auto,q_auto/league/xrylb0trgovtbv8ie5os"
Natrone Means,"https://static.www.nfl.com/image/private/f_auto,q_auto/league/agocmf6cu74jyrrlbng6"
Naufahu Tahi,"https://static.www.nfl.com/image/private/f_auto,q_auto/league/yyhkgpffkcbwiu0gb9o2"
Neal Anderson,"https://static.www.nfl.com/image/private/f_auto,q_auto/league/mhldnge8bkykicj40ypz"
Neal Jeffrey,"https://static.www.nfl.com/image/private/f_auto,q_auto/league/tmlsyimxfbvtexd0bfo0"
Nehemiah Broughton,"https://static.www.nfl.com/image/private/f_auto,q_auto/league/p0d2b9mqjsytifiteyqw"
Neil Graff,"https://static.www.nfl.com/image/private/f_auto,q_auto/league/bwtyslswqehsvnd9tl74"
Neil Lomax,"https://static.www.nfl.com/image/private/f_auto,q_auto/league/hicme3xr4rub1jc6ixsr"
Neil O'Donnell,"https://static.www.nfl.com/image/private/f_auto,q_auto/league/eljm5vck5j6fltkfftxd"
Neil Rackers,"https://static.www.nfl.com/image/private/f_auto,q_auto/league/wczge8w8yhljlfp4pq60"
Nelson Agholor,"https://static.www.nfl.com/image/upload/f_auto,q_auto/league/wyxfkarcjgqdz3pl8nnr"
Newton Williams,"https://static.www.nfl.com/image/private/f_auto,q_auto/league/jhyzxfna2x4nd6yr1opr"
Nick Bawden,"https://static.www.nfl.com/image/private/f_auto,q_auto/league/rz1cgqj4rvl2xjffxyia"
Nick Bell,"https://static.www.nfl.com/image/private/f_auto,q_auto/league/rsd88gxlufsy6wigkbz0"
Nick Bellore,"https://static.www.nfl.com/image/upload/f_auto,q_auto/league/wlj7zdf6h9p9dnhdtmih"
Nick Chubb,"https://static.www.nfl.com/image/upload/f_auto,q_auto/league/h5y74trx6l8ivpkbmrkt"
Nick Davis,"https://static.www.nfl.com/image/private/f_auto,q_auto/league/upes8qj7pjajl6vyk8gt"
Nick Eddy,
Nick Foles,"https://static.www.nfl.com/image/private/f_auto,q_auto/league/dxuz2ir773wylutxo7zs"
Nick Giaquinto,"https://static.www.nfl.com/image/private/f_auto,q_auto/league/zowrok5rhib96j8gmmjc"
Nick Goings,"https://static.www.nfl.com/image/private/f_auto,q_auto/league/rahruuhxo0nkv46vo9jm"
Nick Harris,"https://static.www.nfl.com/image/upload/f_auto,q_auto/league/fi6ivlcphteyqp30akm3"
Nick Kowgios,"https://static.www.nfl.com/image/private/f_auto,q_auto/league/nv2gr3veuczdjerkhq01"
Nick Luchey,
Nick Mike-Mayer,"https://static.www.nfl.com/image/private/f_auto,q_auto/league/w4dxdw01xuodwbnqyhnz"
Nick Mullens,"https://static.www.nfl.com/image/upload/f_auto,q_auto/league/haxwyajgngz6quuyqg19"
Nick Niemann,"https://static.www.nfl.com/image/upload/f_auto,q_auto/league/bstd7dnklbftscfbhskq"
Nick Pietrosante,
Nick Ryder,
Nick Scott,"https://static.www.nfl.com/image/upload/f_auto,q_auto/league/rxmve4vvejz6looxumrw"
Nick Toon,"https://static.www.nfl.com/image/private/f_auto,q_auto/league/sysnfy8ooabjvvjwj4rs"
Nico Collins,"https://static.www.nfl.com/image/upload/f_auto,q_auto/league/fguybjrn1kwflxm5szwq"
Nikko Remigio,"https://static.www.nfl.com/image/upload/f_auto,q_auto/league/n6b1tsy32fswbd0xgsim"
Niles Paul,"https://static.www.nfl.com/image/private/f_auto,q_auto/league/c2hufhhjyuitenxujhpz"
Noah Brown,"https://static.www.nfl.com/image/upload/f_auto,q_auto/league/nv6ix0p8965yiugsuhwh"
Noah Fant,"https://static.www.nfl.com/image/upload/f_auto,q_auto/league/lijnonbrcmplvkcb5kqv"
Noah Gray,"https://static.www.nfl.com/image/upload/f_auto,q_auto/league/bpmlguml8jth2rbdfyp5"
Noah Herron,"https://static.www.nfl.com/image/private/f_auto,q_auto/league/qu3bbe95r9znlvahhvwn"
Nolan Cromwell,"https://static.www.nfl.com/image/private/f_auto,q_auto/league/ay0enkhpn1xqzybzpw9b"
Norm Bulaich,"https://static.www.nfl.com/image/private/f_auto,q_auto/league/umf47m42qwvzskoov8n6"
Norm Granger,"https://static.www.nfl.com/image/private/f_auto,q_auto/league/mkdlkio962uyo9aedzhn"
Norm Hodgins,"https://static.www.nfl.com/image/private/f_auto,q_auto/league/dit5elj8d4xb5lviyahq"
Norm Snead,"https://static.www.nfl.com/image/private/f_auto,q_auto/league/ck0qwuqolqzuzhjh3j0x"
Norm Van Brocklin,
Norris Weese,"https://static.www.nfl.com/image/private/f_auto,q_auto/league/c9ytxl2em3wz3fotlvdg"
Nuu Faaola,"https://static.www.nfl.com/image/private/f_auto,q_auto/league/rwy9edpt5ptbm7bev6kz"
Nyheim Hines,"https://static.www.nfl.com/image/upload/f_auto,q_auto/league/ud1q6gh3tlkiy2w90gvm"
O.J. McDuffie,"https://static.www.nfl.com/image/private/f_auto,q_auto/league/wekhusa1xgj2firwcicq"
O.J. Simpson,"https://static.www.nfl.com/image/private/f_auto,q_auto/league/oklnnl0m9iqv3s2xbyys"
Obafemi Ayanbadejo,"https://static.www.nfl.com/image/private/f_auto,q_auto/league/syqp6rncknmzkbtm3ozk"
Odell Beckham Jr.,"https://static.www.nfl.com/image/upload/f_auto,q_auto/league/ffmalg3wr7lwnsz59i7v"
Odell Lawson,"https://static.www.nfl.com/image/private/f_auto,q_auto/league/p6yotac2rlynyrkfvl0s"
Odessa Turner,"https://static.www.nfl.com/image/private/f_auto,q_auto/league/rnimaugb1zi0nslad9c3"
Olabisi Johnson,
Olamide Zaccheaus,"https://static.www.nfl.com/image/upload/f_auto,q_auto/league/zsnzd30ysrewgufbv06y"
Olandis Gary,"https://static.www.nfl.com/image/private/f_auto,q_auto/league/zg01lde6sju8yg6b2eib"
Olindo Mare,"https://static.www.nfl.com/image/private/f_auto,q_auto/league/cr6ku9o6vyxl4sd5gj3z"
Oliver Luck,"https://static.www.nfl.com/image/private/f_auto,q_auto/league/sgzxt8fimu3heizcx4mc"
Oliver Ross,"https://static.www.nfl.com/image/private/f_auto,q_auto/league/idqviuaibr7uex9fomp8"
Ollie Gordon II,"https://static.www.nfl.com/image/upload/f_auto,q_auto/league/bv33rgypaauv7sealwkr"
Ollie Matson,
Ollie Smith,"https://static.www.nfl.com/image/private/f_auto,q_auto/league/inp79w4rg9epfhsgmann"
Omar Easy,"https://static.www.nfl.com/image/private/f_auto,q_auto/league/uzz6qadkn5ai5aewoeuq"
Omarion Hampton,"https://static.www.nfl.com/image/upload/f_auto,q_auto/league/lf2jxvxnbexlinoydbej"
Onterrio Smith,"https://static.www.nfl.com/image/private/f_auto,q_auto/league/jfkbnjzpmq7fabzqzv5h"
Oren O'Neal,"https://static.www.nfl.com/image/private/f_auto,q_auto/league/niadjdfhh2xfyannqg7n"
Orleans Darkwa,"https://static.www.nfl.com/image/private/f_auto,q_auto/league/tumagun0uid3uujm4kkg"
Orson Mobley,"https://static.www.nfl.com/image/private/f_auto,q_auto/league/mslyqvog8euuzb4iocjy"
Oscar Dragon,
Oscar Gray,"https://static.www.nfl.com/image/private/f_auto,q_auto/league/euv3i4q41gvq41a45bck"
Oscar Reed,"https://static.www.nfl.com/image/private/f_auto,q_auto/league/d4vjqfheubsrjlpdwvx4"
Ostell Miles,"https://static.www.nfl.com/image/private/f_auto,q_auto/league/j30qka61kgrs8dffajpx"
Otis Armstrong,"https://static.www.nfl.com/image/private/f_auto,q_auto/league/wohqejaijvbjhxr6uxvb"
Otis Grant,"https://static.www.nfl.com/image/private/f_auto,q_auto/league/szf7usafrw6kgwwtrjhv"
Otis Taylor,"https://static.www.nfl.com/image/private/f_auto,q_auto/league/s5h1i5gzvj8it36plklj"
Otis Wonsley,"https://static.www.nfl.com/image/private/f_auto,q_auto/league/zi62svljnjzuhwjuv3j6"
Ottis Anderson,"https://static.www.nfl.com/image/private/f_auto,q_auto/league/pwluez9civsa4xcuqskm"
Otto Stowe,"https://static.www.nfl.com/image/private/f_auto,q_auto/league/ehcls0zjikslgbvfniaj"
Ovie Mughelli,"https://static.www.nfl.com/image/private/f_auto,q_auto/league/l7pa6jzidcukztqfhcq2"
Owen Gill,"https://static.www.nfl.com/image/private/f_auto,q_auto/league/xd8dezxuneneoncr8gvt"
Owen Marecic,"https://static.www.nfl.com/image/private/f_auto,q_auto/league/outskoti0yzbmlmstgnt"
Owen Schmitt,"https://static.www.nfl.com/image/private/f_auto,q_auto/league/ph56pn9shglpkehplbx4"
Owen Wright,"https://static.www.nfl.com/image/upload/f_auto,q_auto/league/nig1vy9k1asfhkanvlki"
Ozzie Newsome,"https://static.www.nfl.com/image/private/f_auto,q_auto/league/eh5h2ezne6jcjwyhcugw"
P.J. Franklin,"https://static.www.nfl.com/image/private/f_auto,q_auto/league/j6g4eztjiijvpxvcq5du"
P.J. Pope,"https://static.www.nfl.com/image/private/f_auto,q_auto/league/uulreabdmdnmikqdjibe"
PJ Walker,"https://static.www.nfl.com/image/upload/f_auto,q_auto/league/rfbfapksdwh1o4othraq"
Parker Washington,"https://static.www.nfl.com/image/upload/f_auto,q_auto/league/yn0hc5xrz5nqeccg8two"
Parnell Dickinson,"https://static.www.nfl.com/image/private/f_auto,q_auto/league/q5dyecwrfcjmnk5klp65"
Parris Campbell,"https://static.www.nfl.com/image/upload/f_auto,q_auto/league/pmb3ypquiy5a2qzzmio4"
Pat Chaffey,"https://static.www.nfl.com/image/private/f_auto,q_auto/league/jo87xruxfszboymoqn78"
Pat Coleman,"https://static.www.nfl.com/image/private/f_auto,q_auto/league/azievv8a2uf7oyk23mcu"
Pat Curran,"https://static.www.nfl.com/image/private/f_auto,q_auto/league/bxibplqhzwbivfl0eezh"
Pat Franklin,"https://static.www.nfl.com/image/private/f_auto,q_auto/league/u8l6studkoocqkxr6l18"
Pat Haden,"https://static.www.nfl.com/image/private/f_auto,q_auto/league/yhmy6rtjgynoxuwayxh8"
Pat Leahy,"https://static.www.nfl.com/image/private/f_auto,q_auto/league/jfnzyh66eospcquio1nq"
Pat McAfee,
Pat McInally,"https://static.www.nfl.com/image/private/f_auto,q_auto/league/xydkpqjkun5cc2r5csp6"
Pat McNeil,"https://static.www.nfl.com/image/private/f_auto,q_auto/league/izlhgs0sh9vj7ai1f9gi"
Pat Moriarty,"https://static.www.nfl.com/image/private/f_auto,q_auto/league/ysescwuf8vaho7kqd4oy"
Pat O'Donnell,"https://static.www.nfl.com/image/upload/f_auto,q_auto/league/kputu02pppmvb69bkdfg"
Pat Richter,
Pat Ryan,"https://static.www.nfl.com/image/private/f_auto,q_auto/league/ew5hmxj34sp3hdqpj8zw"
Pat Studstill,
Pat Sullivan,"https://static.www.nfl.com/image/private/f_auto,q_auto/league/uecwpfenaprusqxvyawh"
Pat Tilley,"https://static.www.nfl.com/image/private/f_auto,q_auto/league/ykkbelxkambo4i1ekbbn"
Pat Tillman,"https://static.www.nfl.com/image/private/f_auto,q_auto/league/a3uqjyh2wzyelaij6zuh"
Pat White,"https://static.www.nfl.com/image/private/f_auto,q_auto/league/tgfpwighanolqztrq5yh"
Patrick Cobbs,"https://static.www.nfl.com/image/private/f_auto,q_auto/league/val7hmlyfey2flz3693k"
Patrick Collins,"https://static.www.nfl.com/image/private/f_auto,q_auto/league/akrm0pfvj6k0gqqvpuq6"
Patrick Crayton,"https://static.www.nfl.com/image/private/f_auto,q_auto/league/yti9l84jb0ip9ysswdee"
Patrick DiMarco,"https://static.www.nfl.com/image/private/f_auto,q_auto/league/aogfdoxrgi8kssdps73x"
Patrick Egu,"https://static.www.nfl.com/image/private/f_auto,q_auto/league/yggfdjcuygh8rfrtmcdp"
Patrick Hape,"https://static.www.nfl.com/image/private/f_auto,q_auto/league/ie8dudx6mqii3pxy7ukz"
Patrick Jeffers,"https://static.www.nfl.com/image/private/f_auto,q_auto/league/uif3iqebqlddxpovavzd"
Patrick Johnson,"https://static.www.nfl.com/image/upload/f_auto,q_auto/league/qtngv13hh6rm4kfc52jt"
Patrick Laird,"https://static.www.nfl.com/image/private/f_auto,q_auto/league/lhildzn90os4dmucczjw"
Patrick Mahomes,"https://static.www.nfl.com/image/upload/f_auto,q_auto/league/wdckwtob1lybvkmxnf7p"
Patrick Pass,"https://static.www.nfl.com/image/private/f_auto,q_auto/league/jlvcgjs1ijms22i33ivh"
Patrick Peterson,"https://static.www.nfl.com/image/private/f_auto,q_auto/league/hefuj7lvfmgvr4tme7te"
Patrick Ramsey,"https://static.www.nfl.com/image/private/f_auto,q_auto/league/ugr5kzjaamcg0ybwgfo6"
Patrick Ricard,"https://static.www.nfl.com/image/upload/f_auto,q_auto/league/nm7ezh46zd5bdxaxz6a9"
Patrick Robinson,"https://static.www.nfl.com/image/private/f_auto,q_auto/league/k3sqcnehnthxyqqpjzi2"
Patrick Scott,"https://static.www.nfl.com/image/private/f_auto,q_auto/league/jtk91olkotefzgdbjlel"
Patrick Taylor,"https://static.www.nfl.com/image/upload/f_auto,q_auto/league/nd1utxii5exwfoujq5a4"
Paul Coffman,"https://static.www.nfl.com/image/private/f_auto,q_auto/league/r9lstv5d64jpp5eliama"
Paul Darby,"https://static.www.nfl.com/image/private/f_auto,q_auto/league/imbteeubslonquvsv3ao"
Paul Dudley,
Paul Frazier,"https://static.www.nfl.com/image/private/f_auto,q_auto/league/koblqgybjnwj41wsg8zm"
Paul Gipson,
Paul Hofer,"https://static.www.nfl.com/image/private/f_auto,q_auto/league/y3sk42pgis2bn7tezo3r"
Paul Hornung,
Paul Johns,"https://static.www.nfl.com/image/private/f_auto,q_auto/league/s6py223onm83hkbwshi0"
Paul Justin,"https://static.www.nfl.com/image/private/f_auto,q_auto/league/wagwpbdf4lfhf4qjwke8"
Paul Krause,"https://static.www.nfl.com/image/private/f_auto,q_auto/league/afs7hxwe1t3vcbpgwsmc"
Paul Lasike,"https://static.www.nfl.com/image/private/f_auto,q_auto/league/vjq8e4hahszhchkbwec6"
Paul Martha,
Paul McDonald,"https://static.www.nfl.com/image/private/f_auto,q_auto/league/blqpdzbxui2hijbeqex5"
Paul McJulien,"https://static.www.nfl.com/image/private/f_auto,q_auto/league/lpid0fdaavaxsqiynnzl"
Paul Ott Carruth,"https://static.www.nfl.com/image/private/f_auto,q_auto/league/m7oymdfsegtgthsjnnvi"
Paul Palmer,"https://static.www.nfl.com/image/private/f_auto,q_auto/league/lrghnq3ki1ckw8m2ioth"
Paul Perkins,"https://static.www.nfl.com/image/private/f_auto,q_auto/league/bvq9v0mxyltlm9b8lstx"
Paul Richardson,"https://static.www.nfl.com/image/private/f_auto,q_auto/league/jxsldwomavxfbs7gueqt"
Paul Robinson,
Paul Seal,"https://static.www.nfl.com/image/private/f_auto,q_auto/league/ijqjrlxfbl9v3mlowzxa"
Paul Smith,"https://static.www.nfl.com/image/private/f_auto,q_auto/league/vyyt9rrt8ae87dufrayh"
Paul Staroba,
Paul Warfield,"https://static.www.nfl.com/image/private/f_auto,q_auto/league/lvgy4ffhozaherng6nky"
Paul White,
Paul Winslow,
Paxton Lynch,"https://static.www.nfl.com/image/private/f_auto,q_auto/league/no5luyrz446ildiztu6t"
Peerless Price,"https://static.www.nfl.com/image/private/f_auto,q_auto/league/ilyybsnfcnbrr36dvwvo"
Penny Hart,"https://static.www.nfl.com/image/private/f_auto,q_auto/league/x56attwx7uv6a8zbetsq"
Percy Harvin,"https://static.www.nfl.com/image/private/f_auto,q_auto/league/ly7xvqfvoehf5jqrzzcq"
Perry Harrington,"https://static.www.nfl.com/image/private/f_auto,q_auto/league/wopvw0xhh4rm5xjjhysl"
Perry Kemp,"https://static.www.nfl.com/image/private/f_auto,q_auto/league/itn0oh7kygkkhomxxkjk"
Perry Lee Dunn,
Perry Williams,"https://static.www.nfl.com/image/private/f_auto,q_auto/league/uwhxpzft7qtsqsh9y7qe"
Pervis Atkins,
Pete Athas,"https://static.www.nfl.com/image/private/f_auto,q_auto/league/cwql5trjzhc1lt9lsf1j"
Pete Banaszak,"https://static.www.nfl.com/image/private/f_auto,q_auto/league/hdmbwpukewulpvwfkwph"
Pete Beathard,"https://static.www.nfl.com/image/private/f_auto,q_auto/league/mmbuixascoqfgpsal6qk"
Pete Gent,
Pete Gonzalez,"https://static.www.nfl.com/image/private/f_auto,q_auto/league/lvrxlnzahzawkrn3cazi"
Pete Holohan,"https://static.www.nfl.com/image/private/f_auto,q_auto/league/w1rijkq9trkk6khrmstx"
Pete Johnson,"https://static.www.nfl.com/image/private/f_auto,q_auto/league/n23sixte23zak5c7vrfq"
Pete Larson,
Pete Liske,
Pete Mandley,"https://static.www.nfl.com/image/private/f_auto,q_auto/league/ucu1vfjijevonp4zqdbz"
Pete Retzlaff,
Pete Roth,"https://static.www.nfl.com/image/private/f_auto,q_auto/league/qmiy6kg5iozrtrw73iz5"
Pete Van Valkenberg,
Peter Tom Willis,"https://static.www.nfl.com/image/private/f_auto,q_auto/league/ggadsawf4yhixhew2eei"
Peter Warrick,"https://static.www.nfl.com/image/private/f_auto,q_auto/league/gmylztwhvn9zqppel6jc"
Pettis Norman,
Peyton Barber,"https://static.www.nfl.com/image/private/f_auto,q_auto/league/yjcjcrdiztmfwjgcfbux"
Peyton Hendershot,"https://static.www.nfl.com/image/upload/f_auto,q_auto/league/d8plvjsvwdadr1ap93ci"
Peyton Hillis,"https://static.www.nfl.com/image/private/f_auto,q_auto/league/uy3jtiwamtomkrodvnl9"
Peyton Manning,"https://static.www.nfl.com/image/private/f_auto,q_auto/league/xpcd6auodk3w0vda6jal"
Pharoh Cooper,"https://static.www.nfl.com/image/private/f_auto,q_auto/league/mnsqfcfqiehw5aocr1lg"
Phil Dawson,"https://static.www.nfl.com/image/private/f_auto,q_auto/league/dypn7kf7fsaz30ey0ayc"
Phil Epps,"https://static.www.nfl.com/image/private/f_auto,q_auto/league/ubw9ykq2dj0rt4mj5bkk"
Phil Francis,"https://static.www.nfl.com/image/private/f_auto,q_auto/league/rgmvora5bzhusqfgf6l2"
Phil Freeman,"https://static.www.nfl.com/image/private/f_auto,q_auto/league/vswibuqhkokwda0h9yzc"
Phil Frye,"https://static.www.nfl.com/image/private/f_auto,q_auto/league/abius0vl16ry6s1ykwnb"
Phil King,
Phil Mafah,"https://static.www.nfl.com/image/upload/f_auto,q_auto/league/r91conel40ilon72blzb"
Phil Simms,"https://static.www.nfl.com/image/private/f_auto,q_auto/league/lhzj6vxddl0epe3sj0h8"
Phil Smith,"https://static.www.nfl.com/image/private/f_auto,q_auto/league/ka4kklyzzeuclqooci5l"
Philip Rivers,"https://static.www.nfl.com/image/private/f_auto,q_auto/league/voakyrtj34sghkwxaxxf"
Phillip Dorsett,"https://static.www.nfl.com/image/upload/f_auto,q_auto/league/zkmdppfkcxqn5iwlcsyy"
Phillip Lindsay,"https://static.www.nfl.com/image/private/f_auto,q_auto/league/soywd4cnq19pigrwabb5"
Phillip Tanner,"https://static.www.nfl.com/image/private/f_auto,q_auto/league/ax0qdsg8ctpmyh1h7ms5"
Phillip Walker,
Pierre Garcon,"https://static.www.nfl.com/image/private/f_auto,q_auto/league/xwjogot7xrfj9qwhsgtn"
Pierre Strong,"https://static.www.nfl.com/image/upload/f_auto,q_auto/league/aa0nufst85vutgor1fqv"
Pierre Thomas,"https://static.www.nfl.com/image/private/f_auto,q_auto/league/w58uf8rmlucv7qagwrfv"
Plaxico Burress,"https://static.www.nfl.com/image/private/f_auto,q_auto/league/vi3ew9rn7i3rq5sdqmei"
Po James,"https://static.www.nfl.com/image/private/f_auto,q_auto/league/gbb9otc5mii2giz8x51s"
Pooh Bear Williams,
Prentice Gautt,
Preston Carpenter,
Preston Dennard,"https://static.www.nfl.com/image/private/f_auto,q_auto/league/mmv6szii4urtzxthplnw"
Preston Parker,"https://static.www.nfl.com/image/private/f_auto,q_auto/league/uposmry1docri5fwr22y"
Preston Pearson,"https://static.www.nfl.com/image/private/f_auto,q_auto/league/mx01aacbm1dphkcxwi1c"
Preston Powell,
Preston Ridlehuber,
Preston Williams,"https://static.www.nfl.com/image/private/f_auto,q_auto/league/ycedbmymomppxkrh6gcc"
Priest Holmes,"https://static.www.nfl.com/image/private/f_auto,q_auto/league/dzul271lozkuowxqh9r7"
Puka Nacua,"https://static.www.nfl.com/image/upload/f_auto,q_auto/league/ipy6qw7hdygdfc8k86ba"
Qadree Ollison,"https://static.www.nfl.com/image/private/f_auto,q_auto/league/ifvzpr0bzxjwbpv0zpml"
Qadry Ismail,"https://static.www.nfl.com/image/private/f_auto,q_auto/league/ba06akhajd7zkxe3mefp"
Quan Bray,"https://static.www.nfl.com/image/private/f_auto,q_auto/league/fcec31w4bvadspls5tcj"
Quan Cosby,"https://static.www.nfl.com/image/private/f_auto,q_auto/league/avixyjp8kbxiblibbnec"
Quentin Griffin,"https://static.www.nfl.com/image/private/f_auto,q_auto/league/hpncmkotjly6qfwkym93"
Quentin Johnston,"https://static.www.nfl.com/image/upload/f_auto,q_auto/league/lyvsrjh4mjb4dqwp6shm"
Quentin McCord,"https://static.www.nfl.com/image/private/f_auto,q_auto/league/jdjdpr3s1qyzee9zoq6a"
Quenton Nelson,"https://static.www.nfl.com/image/upload/f_auto,q_auto/league/wltd0vj7zlzbprlshf2d"
Quez Watkins,"https://static.www.nfl.com/image/upload/f_auto,q_auto/league/w3szyykihsngaeq3906b"
Quincy Carter,"https://static.www.nfl.com/image/private/f_auto,q_auto/league/u05ibf4mtu9ov0gferzv"
Quincy Enunwa,"https://static.www.nfl.com/image/private/f_auto,q_auto/league/vsd27gfxzjt7v7izbjet"
Quincy Morgan,"https://static.www.nfl.com/image/private/f_auto,q_auto/league/ga1wmnaixvhzw2fqiyd0"
Quincy Wilson,"https://static.www.nfl.com/image/private/f_auto,q_auto/league/ttdjpmtx8pvfoxzvi6el"
Quinn Early,"https://static.www.nfl.com/image/private/f_auto,q_auto/league/rqhbkjnz0ey9rxfmdsfx"
Quinn Ewers,"https://static.www.nfl.com/image/upload/f_auto,q_auto/league/bbcwyjuhyijtqe7jo274"
Quinn Gray,"https://static.www.nfl.com/image/private/f_auto,q_auto/league/bac2ksuicgt4lm9pcm35"
Quinn Johnson,"https://static.www.nfl.com/image/private/f_auto,q_auto/league/makegk0c7fmgnupad0kc"
Quinshon Judkins,"https://static.www.nfl.com/image/upload/f_auto,q_auto/league/ojtce2im0wp2ltyel0vc"
Quinten Lawrence,"https://static.www.nfl.com/image/private/f_auto,q_auto/league/winfq5mtad7bkdfuia70"
Quinton Ganther,"https://static.www.nfl.com/image/private/f_auto,q_auto/league/octlq7tpxyvyvyiusyjr"
Quinton Patton,"https://static.www.nfl.com/image/private/f_auto,q_auto/league/hwdogfyrne2gy9lzymlh"
R. Jay Soward,
R.J. Bowers,"https://static.www.nfl.com/image/private/f_auto,q_auto/league/qxoqlwp3w9flxdun73en"
RJ Harvey,"https://static.www.nfl.com/image/upload/f_auto,q_auto/league/szxmro5enrxlscvv67xg"
Rabih Abdullah,"https://static.www.nfl.com/image/private/f_auto,q_auto/league/t5s9srq092solu73m9v5"
Racey McMath,"https://static.www.nfl.com/image/upload/f_auto,q_auto/league/la1xkdczi8xr1exdwnvh"
Rachaad White,"https://static.www.nfl.com/image/upload/f_auto,q_auto/league/wtdhs50gcl2p6vngsnre"
Rae Carruth,"https://static.www.nfl.com/image/private/f_auto,q_auto/league/s7ksaqavp8ihcrdv60q6"
Rafael Cooper,"https://static.www.nfl.com/image/private/f_auto,q_auto/league/pacmmr31t1cbckbsvepi"
Raheem Blackshear,"https://static.www.nfl.com/image/upload/f_auto,q_auto/league/hzdyiuzm78dpedlcicwy"
Raheem Mostert,"https://static.www.nfl.com/image/upload/f_auto,q_auto/league/fas5rkweusx2hl7abtzh"
Raheim Sanders,"https://static.www.nfl.com/image/upload/f_auto,q_auto/league/bopoof9uczgpvpggeahp"
Rakim Jarrett,"https://static.www.nfl.com/image/upload/f_auto,q_auto/league/clvmliknnulpmcoofvik"
Ralf Mojsiejenko,"https://static.www.nfl.com/image/private/f_auto,q_auto/league/vvsxvnmbvmqoudakscmi"
Ralph Giacomarro,"https://static.www.nfl.com/image/private/f_auto,q_auto/league/ojlccwqbvygnzbwqdagd"
Ralph Guglielmi,
Ralph Kurek,
Ralph Neely,"https://static.www.nfl.com/image/private/f_auto,q_auto/league/mdc7attsdxt8xwndowj0"
Ralph Nelson,"https://static.www.nfl.com/image/private/f_auto,q_auto/league/f609szqjpb6klij6spyi"
Ralph Smith,
Ralph Stockemer,"https://static.www.nfl.com/image/private/f_auto,q_auto/league/wtgujgwn8wvtwtlzs5yk"
Ran Carthon,"https://static.www.nfl.com/image/private/f_auto,q_auto/league/zlrx67l4lyrh6tvlz115"
Randal Hill,"https://static.www.nfl.com/image/private/f_auto,q_auto/league/yvx89kpmxngoeaxl6sdd"
Randal Williams,"https://static.www.nfl.com/image/private/f_auto,q_auto/league/boaves04oh0cocd48t9s"
Randall Cobb,"https://static.www.nfl.com/image/private/f_auto,q_auto/league/kuwo5hnkbtesfw6n9w1s"
Randall Cunningham,"https://static.www.nfl.com/image/private/f_auto,q_auto/league/gwa0zs48uxqe3xto4ofx"
Randall McDaniel,"https://static.www.nfl.com/image/private/f_auto,q_auto/league/i4fyjlqcifonsoblqido"
Randall Morris,"https://static.www.nfl.com/image/private/f_auto,q_auto/league/gswk4uibf1hi0eavljpd"
Randy Baldwin,"https://static.www.nfl.com/image/private/f_auto,q_auto/league/ke9efbk4dn1ylh86plw9"
Randy Cuthbert,"https://static.www.nfl.com/image/private/f_auto,q_auto/league/t7uswjzaevsswqhqvesm"
Randy Dean,"https://static.www.nfl.com/image/private/f_auto,q_auto/league/wjb5jc6wivjnihogvbah"
Randy Fasani,"https://static.www.nfl.com/image/private/f_auto,q_auto/league/qzwki9ouzl1vcb2xy9tz"
Randy Hedberg,"https://static.www.nfl.com/image/private/f_auto,q_auto/league/cw2jljifjmmhu4akf2be"
Randy Jackson,"https://static.www.nfl.com/image/private/f_auto,q_auto/league/kgvryqighy9cjwa0xqwj"
Randy Johnson,"https://static.www.nfl.com/image/private/f_auto,q_auto/league/pdod5fkxpuz4xe0bfk8l"
Randy Jordan,"https://static.www.nfl.com/image/private/f_auto,q_auto/league/qikom0sqarsx06xny7co"
Randy Love,"https://static.www.nfl.com/image/private/f_auto,q_auto/league/spec3slpfhremzlppose"
Randy McMichael,"https://static.www.nfl.com/image/private/f_auto,q_auto/league/s1ebauacar3ua1hlsa8a"
Randy McMillan,"https://static.www.nfl.com/image/private/f_auto,q_auto/league/jkzlpkc2kzffnayh1vfw"
Randy Minniear,
Randy Moss,"https://static.www.nfl.com/image/private/f_auto,q_auto/league/udotyrimbuirasxxkd8p"
Randy Schultz,
Randy Vataha,"https://static.www.nfl.com/image/private/f_auto,q_auto/league/xolmvwnpesiodfqymsfj"
Randy Walker,"https://static.www.nfl.com/image/private/f_auto,q_auto/league/uanzttm931walmzrzdoi"
Randy Wright,"https://static.www.nfl.com/image/private/f_auto,q_auto/league/i683zerheglgdirtjx0q"
Rashaad Penny,"https://static.www.nfl.com/image/private/f_auto,q_auto/league/mwvzwst6cfcwifblqtsj"
Rashaan Salaam,"https://static.www.nfl.com/image/private/f_auto,q_auto/league/u90wcnqxsv4acobtrbdb"
Rashaan Shehee,"https://static.www.nfl.com/image/private/f_auto,q_auto/league/q24wkht2ipxpamp0mmvm"
Rashad Jennings,"https://static.www.nfl.com/image/private/f_auto,q_auto/league/r48elxgcxhdkfkazlqab"
Rashad Johnson,"https://static.www.nfl.com/image/private/f_auto,q_auto/league/uhqzxihe7l5k8vsrjwsw"
Rashard Higgins,"https://static.www.nfl.com/image/private/f_auto,q_auto/league/mdn4he3iuc2mwx3cfvfj"
Rashard Mendenhall,"https://static.www.nfl.com/image/private/f_auto,q_auto/league/hkk7loy0zbc6crlhkbmq"
Rashee Rice,"https://static.www.nfl.com/image/upload/f_auto,q_auto/league/qhkbqrydjeur8zvrrmfl"
Rasheed Marshall,"https://static.www.nfl.com/image/private/f_auto,q_auto/league/jk5fgfkb8etilugcgvbj"
Rasheen Ali,"https://static.www.nfl.com/image/upload/f_auto,q_auto/league/zwjrkzu3ia3cfrwgotqt"
Rashid Shaheed,"https://static.www.nfl.com/image/upload/f_auto,q_auto/league/ku2naisfbxmzgagxojnm"
Rashied Davis,"https://static.www.nfl.com/image/private/f_auto,q_auto/league/hsytv4zfwtmmo33ovjkq"
Rashod Bateman,"https://static.www.nfl.com/image/upload/f_auto,q_auto/league/gtktmsfcxc1eijwpwzyq"
Raven Greene,"https://static.www.nfl.com/image/private/f_auto,q_auto/league/j1nfwcxjud9yuwpihh12"
Ray Agnew,"https://static.www.nfl.com/image/private/f_auto,q_auto/league/i7iw8gn1slsmja0z6gpy"
Ray Brown,"https://static.www.nfl.com/image/private/f_auto,q_auto/league/xdwhokzijbzg4qjhj9jp"
Ray Butler,"https://static.www.nfl.com/image/private/f_auto,q_auto/league/wzze65dbj1wp2w7c750h"
Ray Criswell,"https://static.www.nfl.com/image/private/f_auto,q_auto/league/ca8prqlndrlss0evbnx5"
Ray Crittenden,"https://static.www.nfl.com/image/private/f_auto,q_auto/league/jtjllo0yc5gve67tzlb3"
Ray Crouse,"https://static.www.nfl.com/image/private/f_auto,q_auto/league/qsb5bqk0s6yvkkwom8og"
Ray Davis,"https://static.www.nfl.com/image/upload/f_auto,q_auto/league/xibwzhrl6q5xkgh3utug"
Ray Graham,"https://static.www.nfl.com/image/private/f_auto,q_auto/league/b2nfgbck6ntkni1lgose"
Ray Guy,"https://static.www.nfl.com/image/private/f_auto,q_auto/league/ho8elpqtloeudnzwlhdl"
Ray Hayes,
Ray Jarvis,"https://static.www.nfl.com/image/private/f_auto,q_auto/league/r7czls9ivgs9edzcd7m4"
Ray Lucas,"https://static.www.nfl.com/image/private/f_auto,q_auto/league/raes5zwaa0yln2yoegyf"
Ray McDonald,"https://static.www.nfl.com/image/private/f_auto,q_auto/league/rf8du3clvadsaddx3ifx"
Ray Nealy,"https://static.www.nfl.com/image/private/f_auto,q_auto/league/jnevtvkma23ejcjhkt1g"
Ray Norton,
Ray Ogden,
Ray Perkins,"https://static.www.nfl.com/image/private/f_auto,q_auto/league/uxyfhqugmpzwes4nmkli"
Ray Poage,
Ray Rhodes,"https://static.www.nfl.com/image/private/f_auto,q_auto/league/erq7dn85ogmzgbhxdb45"
Ray Rice,"https://static.www.nfl.com/image/private/f_auto,q_auto/league/qjmvqdjdtrycr4zixl2v"
Ray Stachowicz,"https://static.www.nfl.com/image/private/f_auto,q_auto/league/hu8hm2ncezs2mgydb0ty"
Ray Strong,"https://static.www.nfl.com/image/private/f_auto,q_auto/league/diw7xl2roi449ghegdso"
Ray Wallace,"https://static.www.nfl.com/image/private/f_auto,q_auto/league/qwucleedkkxraznmebl0"
Ray Williams,"https://static.www.nfl.com/image/private/f_auto,q_auto/league/xbtpahiujiwzyaqfbbp5"
Ray Zellars,"https://static.www.nfl.com/image/private/f_auto,q_auto/league/kdduj01oyjapga4ldz4v"
Ray-Ray McCloud,"https://static.www.nfl.com/image/upload/f_auto,q_auto/league/nvwn3sdihyyd2itjt7vy"
Rayfield Wright,"https://static.www.nfl.com/image/private/f_auto,q_auto/league/ru21uoid1fxuvvn1jias"
Raymond Burks,
Raymond Chester,"https://static.www.nfl.com/image/private/f_auto,q_auto/league/tnhulbfj5x5di0dkwube"
Raymond Ventrone,"https://static.www.nfl.com/image/private/f_auto,q_auto/league/nbfoh2iyim17lzihj1ra"
Raymont Harris,"https://static.www.nfl.com/image/private/f_auto,q_auto/league/io8enhgtuxcxmwqsbmwc"
ReShard Lee,"https://static.www.nfl.com/image/private/f_auto,q_auto/league/oveozwotstfczxkjewmp"
Reagan Maui'a,"https://static.www.nfl.com/image/private/f_auto,q_auto/league/o6c5tasqhczwbwdzpvwh"
Reche Caldwell,"https://static.www.nfl.com/image/private/f_auto,q_auto/league/dlul6xognvatu1gepwwq"
Red Mack,
Reece Morrison,
Reggie Bonnafon,"https://static.www.nfl.com/image/private/f_auto,q_auto/league/revwhbm7uizs4oiwqdo3"
Reggie Branch,"https://static.www.nfl.com/image/private/f_auto,q_auto/league/xb1tu98t8ztmtvx6ekxc"
Reggie Brooks,"https://static.www.nfl.com/image/private/f_auto,q_auto/league/mu0i6idh5wwh8luhmp8o"
Reggie Brown,"https://static.www.nfl.com/image/private/f_auto,q_auto/league/twphg1bu1oso33rwju8e"
Reggie Bush,"https://static.www.nfl.com/image/private/f_auto,q_auto/league/z2m2heolqx9sgobdks9v"
Reggie Cobb,"https://static.www.nfl.com/image/private/f_auto,q_auto/league/lr5jrfrdfmwtsdhpzn8p"
Reggie Collier,"https://static.www.nfl.com/image/private/f_auto,q_auto/league/gav4wb55ymhmy0qdezux"
Reggie Dupard,"https://static.www.nfl.com/image/private/f_auto,q_auto/league/cnx1oreepcar2zoyopn5"
Reggie Evans,"https://static.www.nfl.com/image/private/f_auto,q_auto/league/kv2zslhww2uxnmzbm5ym"
Reggie Gilliam,"https://static.www.nfl.com/image/upload/f_auto,q_auto/league/jjntivnnkczvlclkiwwm"
Reggie Harrison,"https://static.www.nfl.com/image/private/f_auto,q_auto/league/ruiesidziopxkkxasgnp"
Reggie Haynes,"https://static.www.nfl.com/image/private/f_auto,q_auto/league/h6w7jtfovwh9hg2tg6of"
Reggie Hodges,"https://static.www.nfl.com/image/private/f_auto,q_auto/league/irdyx4z6d6v565mxly23"
Reggie Johnson,"https://static.www.nfl.com/image/private/f_auto,q_auto/league/xuhtktgyzgbndvybolho"
Reggie Langhorne,"https://static.www.nfl.com/image/private/f_auto,q_auto/league/owmuh5oalwuk6vxkuqhd"
Reggie McNeal,"https://static.www.nfl.com/image/private/f_auto,q_auto/league/w77ksqjr5ujjisnsqmcn"
Reggie Rivers,"https://static.www.nfl.com/image/private/f_auto,q_auto/league/hhsgr4l6mnqslxz3iesu"
Reggie Roby,"https://static.www.nfl.com/image/private/f_auto,q_auto/league/ptg4t5wyvmgpo2vc5agc"
Reggie Rucker,"https://static.www.nfl.com/image/private/f_auto,q_auto/league/dpmr3ntl1wft9qz9jy2c"
Reggie Sanderson,
Reggie Swinton,"https://static.www.nfl.com/image/private/f_auto,q_auto/league/zf62vcvvlqnlsih0c5un"
Reggie Wayne,"https://static.www.nfl.com/image/private/f_auto,q_auto/league/xcs1zrjpz03nualfwfts"
Reggie Williams,"https://static.www.nfl.com/image/private/f_auto,q_auto/league/yqykqzzjkce9mje2jxxd"
Reidel Anthony,"https://static.www.nfl.com/image/private/f_auto,q_auto/league/rcsbgaxntmcmrns4n9u1"
Renaldo Nehemiah,"https://static.www.nfl.com/image/private/f_auto,q_auto/league/rfzhwhd4kx5amwn2szs2"
Reno Mahe,"https://static.www.nfl.com/image/private/f_auto,q_auto/league/in57c9l8nyid9g1cy3fd"
Reuben Droughns,"https://static.www.nfl.com/image/private/f_auto,q_auto/league/ezwfcom7fo6v6o7kxqt7"
Reuben Gant,"https://static.www.nfl.com/image/private/f_auto,q_auto/league/bdaoauglthakbwumziqq"
Rex Burkhead,"https://static.www.nfl.com/image/private/f_auto,q_auto/league/ysgdnkasvp07qmrkasve"
Rex Grossman,"https://static.www.nfl.com/image/private/f_auto,q_auto/league/vpqfq2k92lb89b6zfjea"
Rex Johnston,
Rhamondre Stevenson,"https://static.www.nfl.com/image/upload/f_auto,q_auto/league/zmpuirvuw4r04inxth5i"
Rhett Ellison,"https://static.www.nfl.com/image/private/f_auto,q_auto/league/pqvmhpdoritjtp8ng7ep"
Ricardo Lockette,"https://static.www.nfl.com/image/private/f_auto,q_auto/league/ndopq6pewcj9dfr27hlc"
Rich Alexis,"https://static.www.nfl.com/image/private/f_auto,q_auto/league/r673daoftsoe5rficllp"
Rich Camarillo,"https://static.www.nfl.com/image/private/f_auto,q_auto/league/xm3xnm9ggd9ilbmlwf8z"
Rich Campbell,"https://static.www.nfl.com/image/private/f_auto,q_auto/league/puqupuogusa4wlbjdd9b"
Rich Caster,"https://static.www.nfl.com/image/private/f_auto,q_auto/league/g3qfwwhulljmz5xyxlz5"
Rich Diana,"https://static.www.nfl.com/image/private/f_auto,q_auto/league/nbsayrxunk01gidzrm85"
Rich Erenberg,"https://static.www.nfl.com/image/private/f_auto,q_auto/league/dqi4ijzza2jqotiuvos2"
Rich Gannon,"https://static.www.nfl.com/image/private/f_auto,q_auto/league/wy2haknzelfdpaxh0pig"
Rich Houston,
Rich Kreitling,
Rich Mauti,"https://static.www.nfl.com/image/private/f_auto,q_auto/league/m2a03detdjubjkfkjesy"
Rich McGeorge,"https://static.www.nfl.com/image/private/f_auto,q_auto/league/xosa6kii3fw2yyfygyge"
Richard Bartel,"https://static.www.nfl.com/image/private/f_auto,q_auto/league/aztmgjfd7hxssf9py5ra"
Richard Bell,"https://static.www.nfl.com/image/private/f_auto,q_auto/league/yzxa6ox9lqkzq6cmaun4"
Richard Huntley,"https://static.www.nfl.com/image/private/f_auto,q_auto/league/zmxf2xs7wnrdw936z2x0"
Richard Johnson,"https://static.www.nfl.com/image/private/f_auto,q_auto/league/x55j38novsis3dblztn8"
Richard Murphy,"https://static.www.nfl.com/image/private/f_auto,q_auto/league/d6vsdupklmwycdm18ujr"
Richard Rodgers,"https://static.www.nfl.com/image/private/f_auto,q_auto/league/l9zei9dkcmbml3q1nshk"
Richard Todd,"https://static.www.nfl.com/image/private/f_auto,q_auto/league/t4h6eqguru0fe5prcbo7"
Richard Williams,"https://static.www.nfl.com/image/private/f_auto,q_auto/league/izitpt8fbklubvlsussi"
Richie Anderson,"https://static.www.nfl.com/image/private/f_auto,q_auto/league/t05nqplwwgzsyysjmswf"
Richie Brockel,"https://static.www.nfl.com/image/private/f_auto,q_auto/league/fcqa6vamgjb4adwfpbac"
Richie James,"https://static.www.nfl.com/image/private/f_auto,q_auto/league/qusoivtzbud2wl0spptz"
Richie Petitbon,
Rick Arrington,
Rick Badanjek,"https://static.www.nfl.com/image/private/f_auto,q_auto/league/wrb3khgk4si6dhegkwo2"
Rick Berns,"https://static.www.nfl.com/image/private/f_auto,q_auto/league/w1xhh4al8qxiroqqiqmr"
Rick Calhoun,"https://static.www.nfl.com/image/private/f_auto,q_auto/league/iz8wjg3xyc1gmprrjewf"
Rick Casares,
Rick Donnelly,"https://static.www.nfl.com/image/private/f_auto,q_auto/league/ocrdab6sbb2wziqcepfe"
Rick Engles,"https://static.www.nfl.com/image/private/f_auto,q_auto/league/zyqgpf9f572639supk7l"
Rick Fenney,"https://static.www.nfl.com/image/private/f_auto,q_auto/league/kto2ykisq8znjc2kvowh"
Rick Jennings,"https://static.www.nfl.com/image/private/f_auto,q_auto/league/ig7ezhsaoc1h1ml8oidj"
Rick Kane,"https://static.www.nfl.com/image/private/f_auto,q_auto/league/jc7szz9xhcv6p14akikh"
Rick McIvor,"https://static.www.nfl.com/image/private/f_auto,q_auto/league/omuakrcxp0hi9oelm5h9"
Rick Mirer,"https://static.www.nfl.com/image/private/f_auto,q_auto/league/ivjjvb7urzhuannrkruf"
Rick Moser,"https://static.www.nfl.com/image/private/f_auto,q_auto/league/fnoevdqqqdmeseoyrgof"
Rick Neuheisel,"https://static.www.nfl.com/image/private/f_auto,q_auto/league/ah5joyi7icl4jacuhvlf"
Rick Parros,"https://static.www.nfl.com/image/private/f_auto,q_auto/league/fuoiv63mwol9n6iepodf"
Rick Partridge,"https://static.www.nfl.com/image/private/f_auto,q_auto/league/br7ncs2xw7deovb7uxr6"
Rick Strom,"https://static.www.nfl.com/image/private/f_auto,q_auto/league/ccgci9wjdeytdkbxikir"
Rick Tuten,"https://static.www.nfl.com/image/private/f_auto,q_auto/league/dcfh18x0mjydngqfs8lk"
Rick Upchurch,"https://static.www.nfl.com/image/private/f_auto,q_auto/league/ur6o8rbnx0nqz7nhwccp"
Rick Walker,"https://static.www.nfl.com/image/private/f_auto,q_auto/league/dldwph63ufl914k1wc1h"
Rickey Anderson,"https://static.www.nfl.com/image/private/f_auto,q_auto/league/cpzh8zk4wh64usxlbdap"
Rickey Claitt,"https://static.www.nfl.com/image/private/f_auto,q_auto/league/y4kkemz86vuqqw3ebwl5"
Rickey Dudley,"https://static.www.nfl.com/image/private/f_auto,q_auto/league/lc4dsvmpz9iefv1tbzfg"
Rickey Isom,"https://static.www.nfl.com/image/private/f_auto,q_auto/league/tandlu7jv4iutlncmnfx"
Rickey Watts,"https://static.www.nfl.com/image/private/f_auto,q_auto/league/wwgjn1k4hlcia9nh5rr2"
Rickey Young,"https://static.www.nfl.com/image/private/f_auto,q_auto/league/jsuu0buzpoxfw6d69ktm"
Ricky Bell,"https://static.www.nfl.com/image/private/f_auto,q_auto/league/ch2j8rt54lgn2ts5kto1"
Ricky Blake,"https://static.www.nfl.com/image/private/f_auto,q_auto/league/xryzxm7tcuhihwj6rf0l"
Ricky Ervins,"https://static.www.nfl.com/image/private/f_auto,q_auto/league/ac3grhc4yr6hjb1b8tmu"
Ricky Feacher,"https://static.www.nfl.com/image/private/f_auto,q_auto/league/l2oywf2gusqgw4wa7wba"
Ricky Moore,"https://static.www.nfl.com/image/private/f_auto,q_auto/league/obje9y0g0ikit3yzabfk"
Ricky Nattiel,"https://static.www.nfl.com/image/private/f_auto,q_auto/league/ubpm3tlbycuzeekqvuhq"
Ricky Patton,"https://static.www.nfl.com/image/private/f_auto,q_auto/league/n23meb6bahjsnnxwefba"
Ricky Pearsall,"https://static.www.nfl.com/image/upload/f_auto,q_auto/league/rrv2qhkjqagb8ibzwakv"
Ricky Porter,"https://static.www.nfl.com/image/private/f_auto,q_auto/league/kxhusvumohowkqgsbjih"
Ricky Powers,"https://static.www.nfl.com/image/private/f_auto,q_auto/league/fwoxjykzerbo0attiwnn"
Ricky Proehl,"https://static.www.nfl.com/image/private/f_auto,q_auto/league/dyzdnenej8omtg3cslo1"
Ricky Sanders,"https://static.www.nfl.com/image/private/f_auto,q_auto/league/b0ovvzsbhlhtqgrnqej6"
Ricky Turner,"https://static.www.nfl.com/image/private/f_auto,q_auto/league/lsoglonu6mjzwc5clgli"
Ricky Watters,"https://static.www.nfl.com/image/private/f_auto,q_auto/league/nhugmp8lmkxyewbrfebd"
Ricky Whittle,"https://static.www.nfl.com/image/private/f_auto,q_auto/league/kji5fez9r47eczlu0gke"
Ricky Williams,"https://static.www.nfl.com/image/private/f_auto,q_auto/league/buhodr9dphf3lf0nazql"
Rico Dowdle,"https://static.www.nfl.com/image/upload/f_auto,q_auto/league/mx2bxccuzmdvzbksypws"
Riley Dixon,"https://static.www.nfl.com/image/upload/f_auto,q_auto/league/wcwfdojcfj0i6y1rb5jn"
Riley Leonard,"https://static.www.nfl.com/image/upload/f_auto,q_auto/league/okxcrf19ylc0hwfefmwl"
Riley Odoms,"https://static.www.nfl.com/image/private/f_auto,q_auto/league/xwhfsosc1mj3sa6mzrfg"
Rishard Matthews,"https://static.www.nfl.com/image/private/f_auto,q_auto/league/fr7nzgwarzuorvi8cvlc"
Rob Carpenter,"https://static.www.nfl.com/image/private/f_auto,q_auto/league/wqovk0zypgc7aecpff4q"
Rob Gronkowski,"https://static.www.nfl.com/image/private/f_auto,q_auto/league/svpo7chliiymc0r7hegp"
Rob Harrison,"https://static.www.nfl.com/image/private/f_auto,q_auto/league/pwvxqf2vwcxvuvx2iknu"
Rob Hertel,"https://static.www.nfl.com/image/private/f_auto,q_auto/league/adty5odwz7fv9qnr4d2z"
Rob Housler,"https://static.www.nfl.com/image/private/f_auto,q_auto/league/lnu7z4mvnadgcnppqbxz"
Rob Johnson,"https://static.www.nfl.com/image/private/f_auto,q_auto/league/uz2yoboeoow7si4hmtds"
Rob Konrad,"https://static.www.nfl.com/image/private/f_auto,q_auto/league/jhhgbxtpcmccuiukwyk8"
Rob Lytle,"https://static.www.nfl.com/image/private/f_auto,q_auto/league/rtgzdtnvzzy5mqj7nj5x"
Rob Moore,"https://static.www.nfl.com/image/private/f_auto,q_auto/league/e7qxf8u4uexvpi1kilf2"
Rob Rubick,"https://static.www.nfl.com/image/private/f_auto,q_auto/league/fiowvfc4tmjwpvjpto6d"
Rob Scribner,"https://static.www.nfl.com/image/private/f_auto,q_auto/league/r2sdegwuiq2oja7txjai"
Robb Riddick,"https://static.www.nfl.com/image/private/f_auto,q_auto/league/wgfixue76ddiwzvw3jwr"
Robb Thomas,"https://static.www.nfl.com/image/private/f_auto,q_auto/league/q9rt0gyrjbwxqm3hedda"
Robbie Chosen,"https://static.www.nfl.com/image/upload/f_auto,q_auto/league/kz2hbymqgrobo1uynciv"
Robbie Martin,"https://static.www.nfl.com/image/private/f_auto,q_auto/league/ft21inijzzk4apnrtwnd"
Robby Anderson,
Robert Alexander,"https://static.www.nfl.com/image/private/f_auto,q_auto/league/l7d7uyr7ngkvwwmutyjh"
Robert Awalt,
Robert Brooks,"https://static.www.nfl.com/image/private/f_auto,q_auto/league/lvqow0ubp9hjsnmocubd"
Robert Brown,"https://static.www.nfl.com/image/private/f_auto,q_auto/league/bgk204bwximpryjf2zzi"
Robert Burns,"https://static.www.nfl.com/image/upload/f_auto,q_auto/league/eexqqznxl8cfpurzaieg"
Robert Chancey,"https://static.www.nfl.com/image/private/f_auto,q_auto/league/vqwvnbizgbdyfqnonync"
Robert Delpino,"https://static.www.nfl.com/image/private/f_auto,q_auto/league/q7r4u4fzpjugkpuba9tf"
Robert DiRico,"https://static.www.nfl.com/image/private/f_auto,q_auto/league/iunovbzfbk6znv8pml2g"
Robert Drummond,"https://static.www.nfl.com/image/private/f_auto,q_auto/league/fq2pmp9xylj6duluogt2"
Robert Edwards,"https://static.www.nfl.com/image/private/f_auto,q_auto/league/idmnfrtnzdmpp3plskwr"
Robert Ferguson,"https://static.www.nfl.com/image/private/f_auto,q_auto/league/wlfcyn3yaavqmisdzthr"
Robert Foster,"https://static.www.nfl.com/image/private/f_auto,q_auto/league/fmcyiy4oxx9soub8zbui"
Robert Green,"https://static.www.nfl.com/image/private/f_auto,q_auto/league/zw3esao0rt6tdweibw6l"
Robert Griffin III,"https://static.www.nfl.com/image/private/f_auto,q_auto/league/k7asgb06pdsilmrb378b"
Robert Herron,"https://static.www.nfl.com/image/private/f_auto,q_auto/league/w8qouhz9gc1czyr570yj"
Robert Hicks,"https://static.www.nfl.com/image/private/f_auto,q_auto/league/zuf3piln9dmf1u6blugw"
Robert Holcombe,"https://static.www.nfl.com/image/private/f_auto,q_auto/league/qne0eezz0qtf0unm5p5p"
Robert Holmes,"https://static.www.nfl.com/image/private/f_auto,q_auto/league/zkd42nuztxy6ihxcv9xv"
Robert Holt,"https://static.www.nfl.com/image/private/f_auto,q_auto/league/qwzvjmdprz9cfug3ehp8"
Robert Hughes,"https://static.www.nfl.com/image/private/f_auto,q_auto/league/xfbqkynhdjzwzxw2publ"
Robert Kelley,
Robert Lavette,"https://static.www.nfl.com/image/private/f_auto,q_auto/league/ym9qosfc0s3wjpnip2lk"
Robert Meachem,"https://static.www.nfl.com/image/private/f_auto,q_auto/league/vhfsbifqavyhhedwsss5"
Robert Miller,"https://static.www.nfl.com/image/private/f_auto,q_auto/league/hcxmkd8myevjzpiu4vky"
Robert Newhouse,"https://static.www.nfl.com/image/private/f_auto,q_auto/league/reutjtvbbukopwxf8tg6"
Robert Parker,"https://static.www.nfl.com/image/private/f_auto,q_auto/league/uaylyczbhqr39mlxkbp4"
Robert Royal,"https://static.www.nfl.com/image/private/f_auto,q_auto/league/hadzjhgmgg68x03u1ljr"
Robert Smith,"https://static.www.nfl.com/image/private/f_auto,q_auto/league/vafotzomk3qpdy5o4ri8"
Robert Tate,"https://static.www.nfl.com/image/private/f_auto,q_auto/league/ujukkzm8hr35yd1zbjhv"
Robert Thomas,"https://static.www.nfl.com/image/private/f_auto,q_auto/league/rlzqsaobwzpqp0kdqibm"
Robert Turbin,"https://static.www.nfl.com/image/private/f_auto,q_auto/league/vkqpomzfvo7kei1729jm"
Robert Weathers,"https://static.www.nfl.com/image/private/f_auto,q_auto/league/szvxibcyh2q7nspvezpd"
Robert West,
Robert Wilson,"https://static.www.nfl.com/image/private/f_auto,q_auto/league/kjel2httporj6w9xaiim"
Robert Woods,"https://static.www.nfl.com/image/upload/f_auto,q_auto/league/ydjg5fylwkf5aaxiul6v"
Robin Earl,"https://static.www.nfl.com/image/private/f_auto,q_auto/league/c08xijdpivzk6anevuc2"
Roc Thomas,"https://static.www.nfl.com/image/private/f_auto,q_auto/league/tlhpjc9tui7j6zfxoyfm"
Rock Cartwright,"https://static.www.nfl.com/image/private/f_auto,q_auto/league/is3md8vs4sgljxfp62c7"
Rocket Ismail,
Rocky Belk,"https://static.www.nfl.com/image/private/f_auto,q_auto/league/lqyhxbru7cclrz448lhf"
Rocky Bleier,"https://static.www.nfl.com/image/private/f_auto,q_auto/league/nztesquveymkzmptix8m"
Rocky Thompson,
Rod Bernstine,"https://static.www.nfl.com/image/private/f_auto,q_auto/league/pjsybp3v70cvn6kp2shu"
Rod Gardner,"https://static.www.nfl.com/image/private/f_auto,q_auto/league/kldt6mfpv0yfextmmyjc"
Rod Kush,"https://static.www.nfl.com/image/private/f_auto,q_auto/league/wejkdbljynhsnu7hk1wo"
Rod McNeill,"https://static.www.nfl.com/image/private/f_auto,q_auto/league/hu47husgw9z5lacqbben"
Rod Phillips,"https://static.www.nfl.com/image/private/f_auto,q_auto/league/qu8ba53ofybvv3dvztqt"
Rod Sherman,
Rod Smart,"https://static.www.nfl.com/image/private/f_auto,q_auto/league/e6lzmdu4r34d9ujw0vtc"
Rod Smith,"https://static.www.nfl.com/image/private/f_auto,q_auto/league/zmhmhduytwid1kjim5rp"
Rod Streater,"https://static.www.nfl.com/image/private/f_auto,q_auto/league/szf4hqnrz6egphxvcwnf"
Rod Woodson,"https://static.www.nfl.com/image/private/f_auto,q_auto/league/gtytylzdeeubcmxdrapg"
Roddy White,"https://static.www.nfl.com/image/private/f_auto,q_auto/league/f7dgklg6z49fbdltwuki"
Rodney Carter,"https://static.www.nfl.com/image/private/f_auto,q_auto/league/ybdmyvmusjf1iq6rrzfj"
Rodney Culver,"https://static.www.nfl.com/image/private/f_auto,q_auto/league/kauktpfaiis7dflsgiuy"
Rodney Hampton,"https://static.www.nfl.com/image/private/f_auto,q_auto/league/lczkiiwmpkrrpeszhxgq"
Rodney Peete,"https://static.www.nfl.com/image/private/f_auto,q_auto/league/jc5zp43pmkw5qgawmw2v"
Rodney Smith,"https://static.www.nfl.com/image/private/f_auto,q_auto/league/xd2tfhcsbxeokt2bisun"
Rodney Tate,"https://static.www.nfl.com/image/private/f_auto,q_auto/league/turbqk9vbqgyiybfdojg"
Rodney Thomas,"https://static.www.nfl.com/image/private/f_auto,q_auto/league/anhijmc0vm0tph76fjjy"
Rodney Williams,"https://static.www.nfl.com/image/private/f_auto,q_auto/league/cfpkwajnr97n2jdnwegn"
Roger Carr,"https://static.www.nfl.com/image/private/f_auto,q_auto/league/hqmqcxmzrcolwumodd6u"
Roger Craig,"https://static.www.nfl.com/image/private/f_auto,q_auto/league/ewrcp7dcq0xaoaecjsqk"
Roger Lawson,
Roger Staubach,"https://static.www.nfl.com/image/private/f_auto,q_auto/league/vlo98smgqsmva1c82tjl"
Roger Vick,"https://static.www.nfl.com/image/private/f_auto,q_auto/league/wihgd5whbzmqrddrphnn"
Roger Wehrli,"https://static.www.nfl.com/image/private/f_auto,q_auto/league/lykwyohaenfqxf036d50"
Rohan Davey,"https://static.www.nfl.com/image/private/f_auto,q_auto/league/nuiz1rgisguz9z4jw4xg"
Rohn Stark,"https://static.www.nfl.com/image/private/f_auto,q_auto/league/qfft9qxvqwqfkzv9cq0g"
Roland Harper,"https://static.www.nfl.com/image/private/f_auto,q_auto/league/tjuuumtp3dr3vtae92q8"
Roland Hooks,"https://static.www.nfl.com/image/private/f_auto,q_auto/league/jckv0onqyudyldu2igxp"
Roman Gabriel,"https://static.www.nfl.com/image/private/f_auto,q_auto/league/covm0ylw2noyhqzejuwe"
Rome Odunze,"https://static.www.nfl.com/image/upload/f_auto,q_auto/league/niewdl2p2325kpohbw9v"
Romeo Doubs,"https://static.www.nfl.com/image/upload/f_auto,q_auto/league/yxvzijmgwyyigljxfmyb"
Ron Battle,"https://static.www.nfl.com/image/private/f_auto,q_auto/league/hhgccaidq90h7x5tejc8"
Ron Brown,"https://static.www.nfl.com/image/private/f_auto,q_auto/league/tfk7vbcmipbbcv9gvg4f"
Ron Crosby,"https://static.www.nfl.com/image/private/f_auto,q_auto/league/caqslgqx38dr0r45v9i1"
Ron Davenport,"https://static.www.nfl.com/image/private/f_auto,q_auto/league/nrse7coondwzj17okbkd"
Ron Dayne,"https://static.www.nfl.com/image/private/f_auto,q_auto/league/hwgpcjohxnanzwzqjujz"
Ron Dickerson,"https://static.www.nfl.com/image/private/f_auto,q_auto/league/ziaus8gu6ia2g8qsxiec"
Ron Dixon,"https://static.www.nfl.com/image/private/f_auto,q_auto/league/ydz6zplm3fk81wjt5t2h"
Ron Goodwin,
Ron Groce,"https://static.www.nfl.com/image/private/f_auto,q_auto/league/fm6tonroygailynoz9kz"
Ron Holliday,
Ron Howard,"https://static.www.nfl.com/image/private/f_auto,q_auto/league/a8gw8nngkxjite9lasr6"
Ron Jaworski,"https://static.www.nfl.com/image/private/f_auto,q_auto/league/aamsifwf5pezavdmdtcr"
Ron Jessie,"https://static.www.nfl.com/image/private/f_auto,q_auto/league/zjkid3asp1lfqzw0jtys"
Ron Johnson,"https://static.www.nfl.com/image/private/f_auto,q_auto/league/db3dh4em8wjfufqw3gfp"
Ron Kramer,
Ron Lamb,
Ron Lee,"https://static.www.nfl.com/image/private/f_auto,q_auto/league/qv5rxqmnivv3prm2kw3w"
Ron Meyer,
Ron Miller,
Ron Morris,"https://static.www.nfl.com/image/private/f_auto,q_auto/league/ovatp0wqxkep0ihqodhf"
Ron Rector,
Ron Rivers,"https://static.www.nfl.com/image/private/f_auto,q_auto/league/zbdow1edykjuuixtri6d"
Ron Shanklin,"https://static.www.nfl.com/image/private/f_auto,q_auto/league/kkmzxt6tjw2vw9uyg3u9"
Ron Smith,"https://static.www.nfl.com/image/private/f_auto,q_auto/league/nh49xm9z49dpfox5jnjl"
Ron Springs,"https://static.www.nfl.com/image/private/f_auto,q_auto/league/vr3hkcgggerkqi56uz6s"
Ron Vander Kelen,
Ron Wolfley,"https://static.www.nfl.com/image/private/f_auto,q_auto/league/sr3r7nwaw5u5r6prqkr0"
Ronald Curry,"https://static.www.nfl.com/image/private/f_auto,q_auto/league/mz8oknklwv2dfrqokuco"
Ronald Humphrey,"https://static.www.nfl.com/image/private/f_auto,q_auto/league/kzomyjdnfldsnjazmnkj"
Ronald Jones,"https://static.www.nfl.com/image/private/f_auto,q_auto/league/juku3wy4sv0xwobxw7xp"
Ronald Jones II,
Ronald McKinnon,"https://static.www.nfl.com/image/private/f_auto,q_auto/league/vblu89npy37ys3cpm1of"
Ronald Moore,"https://static.www.nfl.com/image/private/f_auto,q_auto/league/waqedylf2x7jr4yyplq5"
Ronald Scott,"https://static.www.nfl.com/image/private/f_auto,q_auto/league/bvztirbnru1sxppmylqm"
Rondale Moore,"https://static.www.nfl.com/image/upload/f_auto,q_auto/league/v9s3rloekxbv6seesizb"
Rondell Mealey,"https://static.www.nfl.com/image/private/f_auto,q_auto/league/lbpyzt47ra4zgk1dpz1d"
Ronney Jenkins,"https://static.www.nfl.com/image/private/f_auto,q_auto/league/ar1mebc3ifjchgiap5uc"
Ronnie Blye,
Ronnie Brown,"https://static.www.nfl.com/image/private/f_auto,q_auto/league/hymv5mzqoztkacjoyitr"
Ronnie Bull,
Ronnie Coleman,"https://static.www.nfl.com/image/private/f_auto,q_auto/league/b503rw5rmpquu0oducjc"
Ronnie Cruz,"https://static.www.nfl.com/image/private/f_auto,q_auto/league/xivqblen076vyomshdmw"
Ronnie Harmon,"https://static.www.nfl.com/image/private/f_auto,q_auto/league/g8atj0voydgllzuzdch0"
Ronnie Hillman,"https://static.www.nfl.com/image/private/f_auto,q_auto/league/quqwvjr2zciit0emquzg"
Ronnie Lee South,
Ronnie Powell,"https://static.www.nfl.com/image/private/f_auto,q_auto/league/auuuluxitd5hlsw76gtt"
Ronnie Rivers,"https://static.www.nfl.com/image/upload/f_auto,q_auto/league/t9l7jhs1jw1joy8jpxee"
Ronnie Wingo,"https://static.www.nfl.com/image/private/f_auto,q_auto/league/k7lkczbmubgy3fbs7ewa"
Rontez Miles,"https://static.www.nfl.com/image/private/f_auto,q_auto/league/ufb0jodghl5ntdimenbc"
Roosevelt Leaks,"https://static.www.nfl.com/image/private/f_auto,q_auto/league/brhnwc7y48c0ztjvvf7t"
Roosevelt Nix,"https://static.www.nfl.com/image/private/f_auto,q_auto/league/nbgza3wv2fhteuttybxv"
Roosevelt Potts,"https://static.www.nfl.com/image/private/f_auto,q_auto/league/wunw3ddgmi8mfjlqoh3a"
Roschon Johnson,"https://static.www.nfl.com/image/upload/f_auto,q_auto/league/xbham6uvckkshpntb8oj"
Roscoe Parrish,"https://static.www.nfl.com/image/private/f_auto,q_auto/league/jxtnct2flkztk99nkeno"
Ross Montgomery,
Roy Green,"https://static.www.nfl.com/image/private/f_auto,q_auto/league/wbzkqqfjj5t8l9yyrquc"
Roy Helu,"https://static.www.nfl.com/image/private/f_auto,q_auto/league/ahtlpumbpwlc7xm9ci9h"
Roy Hopkins,
Roy Jefferson,"https://static.www.nfl.com/image/private/f_auto,q_auto/league/wruwmgqsmbvfiixrn7gn"
Roy Shivers,
Roy Williams,"https://static.www.nfl.com/image/private/f_auto,q_auto/league/dgin3k0ecicww9uphfww"
Royce Freeman,"https://static.www.nfl.com/image/upload/f_auto,q_auto/league/qs4e1hiqj9xymlqk6yas"
Roydell Williams,"https://static.www.nfl.com/image/private/f_auto,q_auto/league/yvdm4zjxlsu5enx0w5a2"
Ruben Rodriguez,"https://static.www.nfl.com/image/private/f_auto,q_auto/league/qrzjg2hpcnylvdsdhu0j"
Rudi Johnson,"https://static.www.nfl.com/image/private/f_auto,q_auto/league/pfwo9gloprqlabfkflft"
Rudy Bukich,
Rudy Harris,"https://static.www.nfl.com/image/private/f_auto,q_auto/league/hzneggpujian6baucbci"
Rudy Johnson,
Rueben Mayes,"https://static.www.nfl.com/image/private/f_auto,q_auto/league/yjucannq4cl62mc8iucj"
Rufus Crawford,"https://static.www.nfl.com/image/private/f_auto,q_auto/league/sqzqoihazf25e198p3o5"
Russ Francis,"https://static.www.nfl.com/image/private/f_auto,q_auto/league/mery59a5g4kfrlcm9rax"
Russ Smith,
Russell Copeland,"https://static.www.nfl.com/image/private/f_auto,q_auto/league/bytr0efppnz96rhskovu"
Russell Davis,"https://static.www.nfl.com/image/private/f_auto,q_auto/league/oejhzu91ahmb1j6bpcil"
Russell Erxleben,"https://static.www.nfl.com/image/private/f_auto,q_auto/league/ygsesle54pltdrg5u0tb"
Russell Gage,"https://static.www.nfl.com/image/upload/f_auto,q_auto/league/oigboeq0amnbgw7lnda0"
Russell Griffith,
Russell Shepard,"https://static.www.nfl.com/image/private/f_auto,q_auto/league/gk2saq7m1jxl90g9slks"
Russell White,"https://static.www.nfl.com/image/private/f_auto,q_auto/league/hgkfjexjpevho5mcskx9"
Russell Wilson,"https://static.www.nfl.com/image/upload/f_auto,q_auto/league/vkstxj0evgkjiycu4glc"
Rusty Hilger,"https://static.www.nfl.com/image/private/f_auto,q_auto/league/woyb5rnrjm9klblhks1k"
Rusty Jackson,"https://static.www.nfl.com/image/private/f_auto,q_auto/league/yp9almsxlc6z6vdxcztu"
Rusty Lisch,"https://static.www.nfl.com/image/private/f_auto,q_auto/league/tsixqrsmrpmqv5nluo7c"
Ryan Benjamin,"https://static.www.nfl.com/image/private/f_auto,q_auto/league/ijbcryi3mjkerasogbue"
Ryan Christopherson,"https://static.www.nfl.com/image/private/f_auto,q_auto/league/wo7he8y2cbgyf931p8jp"
Ryan Finley,"https://static.www.nfl.com/image/private/f_auto,q_auto/league/vz8qctzxuap5nxbaw8ql"
Ryan Fitzpatrick,"https://static.www.nfl.com/image/private/f_auto,q_auto/league/pkhhxwplsawnhln9rsun"
Ryan Flournoy,"https://static.www.nfl.com/image/upload/f_auto,q_auto/league/tqwq3cgpqu7j9hzoyicx"
Ryan Grant,"https://static.www.nfl.com/image/private/f_auto,q_auto/league/hrxtpckmi1jm4ocqe9vp"
Ryan Griffin,"https://static.www.nfl.com/image/private/f_auto,q_auto/league/izjfxtmk2dhzhrlwpt9g"
Ryan Hewitt,"https://static.www.nfl.com/image/private/f_auto,q_auto/league/egbpiaml7idnpcxa1x8q"
Ryan Leaf,"https://static.www.nfl.com/image/private/f_auto,q_auto/league/qvnv3syldrnam0y3n4ac"
Ryan Lindley,"https://static.www.nfl.com/image/private/f_auto,q_auto/league/hkcspynbhidpjfs3npao"
Ryan Mallett,"https://static.www.nfl.com/image/private/f_auto,q_auto/league/tvn03oot2ttdoog5x0qr"
Ryan Mathews,"https://static.www.nfl.com/image/private/f_auto,q_auto/league/mai5izn84cdrvxlkwagb"
Ryan Moats,"https://static.www.nfl.com/image/private/f_auto,q_auto/league/affmtf1dhfy1ptszq6o1"
Ryan Nall,"https://static.www.nfl.com/image/private/f_auto,q_auto/league/qh4cznlh73ud2b9loalu"
Ryan Nassib,"https://static.www.nfl.com/image/private/f_auto,q_auto/league/mwpobkoqx8dcyv4yin6n"
Ryan Neufeld,"https://static.www.nfl.com/image/private/f_auto,q_auto/league/yawa4natiz2ufqvxpydh"
Ryan Plackemeier,"https://static.www.nfl.com/image/private/f_auto,q_auto/league/zayzdagupbrqj1ir3nv5"
Ryan Stonehouse,"https://static.www.nfl.com/image/upload/f_auto,q_auto/league/vlsrao7qxhrgpdsrjjar"
Ryan Switzer,"https://static.www.nfl.com/image/private/f_auto,q_auto/league/s7w7b3uxhppii72mttcu"
Ryan Tannehill,"https://static.www.nfl.com/image/private/f_auto,q_auto/league/yvwju12dl6haf3r8uzrm"
Ryan Torain,"https://static.www.nfl.com/image/private/f_auto,q_auto/league/ewon2fz4wq8zdb6rhbh5"
Ryan Williams,"https://static.www.nfl.com/image/private/f_auto,q_auto/league/v25p2d6hh2oufnwcsza9"
Ryquell Armstead,"https://static.www.nfl.com/image/private/f_auto,q_auto/league/jgcl3vn95zrklzlulgut"
Saalim Hakim,"https://static.www.nfl.com/image/private/f_auto,q_auto/league/iu0lhei1kyagagdhf9zg"
Sage Rosenfels,"https://static.www.nfl.com/image/private/f_auto,q_auto/league/hzwobipt3ftcvvhf04x3"
Salvon Ahmed,"https://static.www.nfl.com/image/upload/f_auto,q_auto/league/nbqkon8x1bkphihywnkw"
Sam Adkins,"https://static.www.nfl.com/image/private/f_auto,q_auto/league/yrc68elxd1fl4r5cw4od"
Sam Baker,"https://static.www.nfl.com/image/private/f_auto,q_auto/league/cfecxm8u7vbcnsnxmtr7"
Sam Bradford,"https://static.www.nfl.com/image/private/f_auto,q_auto/league/fizwrxzfdaw7v2vzzpn6"
Sam Cunningham,"https://static.www.nfl.com/image/private/f_auto,q_auto/league/mfqskhlgnnc1oqq25ruf"
Sam Darnold,"https://static.www.nfl.com/image/upload/f_auto,q_auto/league/fyay8vruj0cqmhopufzk"
Sam Ehlinger,"https://static.www.nfl.com/image/upload/f_auto,q_auto/league/imtb2ia03w2ujrl9dprs"
Sam Etcheverry,
Sam Gash,"https://static.www.nfl.com/image/private/f_auto,q_auto/league/pguoym85xaq8uwimu14m"
Sam Harrell,"https://static.www.nfl.com/image/private/f_auto,q_auto/league/os6dsslokzqghnu1wu19"
Sam Havrilak,"https://static.www.nfl.com/image/private/f_auto,q_auto/league/tkupzdqf0xmw0dpgk5cz"
Sam Horner,
Sam Howell,"https://static.www.nfl.com/image/upload/f_auto,q_auto/league/sx77bippywnl0dx6m8q9"
Sam Koch,"https://static.www.nfl.com/image/private/f_auto,q_auto/league/dw34lcf6qit1i1knjhpv"
Sam LaPorta,"https://static.www.nfl.com/image/upload/f_auto,q_auto/league/wxlk7ysg2nfq6h6ntdcu"
Sam Martin,"https://static.www.nfl.com/image/upload/f_auto,q_auto/league/edhegnq9rbphynrogxzh"
Sam Scarber,"https://static.www.nfl.com/image/private/f_auto,q_auto/league/dsdrujeww485qukx1nc8"
Sam Wyche,"https://static.www.nfl.com/image/private/f_auto,q_auto/league/f66hvmnmtgq1lpiim2vm"
Samaje Perine,"https://static.www.nfl.com/image/upload/f_auto,q_auto/league/fllwhcdovol5i7xxahf6"
Samie Parker,"https://static.www.nfl.com/image/private/f_auto,q_auto/league/pa5qjbe4xxtck20ahrvr"
Samkon Gado,"https://static.www.nfl.com/image/private/f_auto,q_auto/league/jkb0g7uoehzec5xv7pvd"
Sammie Coates,"https://static.www.nfl.com/image/private/f_auto,q_auto/league/qtqofzkmblah8ycd4687"
Sammie Smith,"https://static.www.nfl.com/image/private/f_auto,q_auto/league/lhpkbolhmjmauwzgrcqk"
Sammie Stroughter,"https://static.www.nfl.com/image/private/f_auto,q_auto/league/nnzuqml94yxdpnmwly17"
Sammy Garza,"https://static.www.nfl.com/image/private/f_auto,q_auto/league/xesnsss1d0nzpdhgd41n"
Sammy Johnson,"https://static.www.nfl.com/image/private/f_auto,q_auto/league/nqrulg7rfyb4qru8yoqa"
Sammy Martin,"https://static.www.nfl.com/image/private/f_auto,q_auto/league/n51wie8vj2mrocopxekl"
Sammy Morris,"https://static.www.nfl.com/image/private/f_auto,q_auto/league/entos6dkhenrrxkqh240"
Sammy Watkins,"https://static.www.nfl.com/image/private/f_auto,q_auto/league/nkqk4ac4uncxocqlgp2k"
Sammy White,"https://static.www.nfl.com/image/private/f_auto,q_auto/league/olwfmk5wtkltdlzduuav"
Sammy Winder,"https://static.www.nfl.com/image/private/f_auto,q_auto/league/v39r535soc9s4rskfhf7"
Samson Satele,"https://static.www.nfl.com/image/private/f_auto,q_auto/league/z2jkfkszkcpmojaziork"
Sandy Durko,"https://static.www.nfl.com/image/private/f_auto,q_auto/league/iv3bomnkyiwobvewqwyu"
Sandy Osiecki,"https://static.www.nfl.com/image/private/f_auto,q_auto/league/zfeavifetvejtmhh3rah"
Santana Moss,"https://static.www.nfl.com/image/private/f_auto,q_auto/league/tbjwt4mvnoev73qqfxcz"
Santonio Holmes,"https://static.www.nfl.com/image/private/f_auto,q_auto/league/dxmxzb9pcyedlf99zejh"
Saquon Barkley,"https://static.www.nfl.com/image/upload/f_auto,q_auto/league/qcayrzjpura2zydszonh"
Savion Williams,"https://static.www.nfl.com/image/upload/f_auto,q_auto/league/snmedlu4ra62snufe1qg"
Scoop Gillespie,
Scott Brunner,"https://static.www.nfl.com/image/private/f_auto,q_auto/league/ozvipaqr9w5xzlermqga"
Scott Bull,"https://static.www.nfl.com/image/private/f_auto,q_auto/league/bycv2hbrzrqdfdwbyorp"
Scott Caldwell,"https://static.www.nfl.com/image/private/f_auto,q_auto/league/luwd8f7laxqqzaybjybj"
Scott Campbell,"https://static.www.nfl.com/image/private/f_auto,q_auto/league/ltcpr2wxnwcqgq60fm5p"
Scott Covington,"https://static.www.nfl.com/image/private/f_auto,q_auto/league/mfokusuxho5iiwokxp26"
Scott Dierking,"https://static.www.nfl.com/image/private/f_auto,q_auto/league/nm43imvhhgqxcj79i6qj"
Scott Fitzkee,"https://static.www.nfl.com/image/private/f_auto,q_auto/league/rogvkakyedpu3tfdor2j"
Scott Frost,"https://static.www.nfl.com/image/private/f_auto,q_auto/league/rjp9owirxmltzscaa9b5"
Scott Fulhage,"https://static.www.nfl.com/image/private/f_auto,q_auto/league/c61gcd33pzehk40hf3cc"
Scott Greene,"https://static.www.nfl.com/image/private/f_auto,q_auto/league/zyjgdlck1hekjohx68y0"
Scott Hunter,"https://static.www.nfl.com/image/private/f_auto,q_auto/league/jm4vuyn6ey0ldwex3lbv"
Scott Laidlaw,"https://static.www.nfl.com/image/private/f_auto,q_auto/league/fnmlblzkkxhk9mgzbel2"
Scott Lockwood,"https://static.www.nfl.com/image/private/f_auto,q_auto/league/ugwumtqypdsow5vls1ca"
Scott Miller,"https://static.www.nfl.com/image/upload/f_auto,q_auto/league/mlx2xhjvzt6pqwgoloqa"
Scott Mitchell,"https://static.www.nfl.com/image/private/f_auto,q_auto/league/fz0nlfjxrivr2uofgv3o"
Scott Player,"https://static.www.nfl.com/image/private/f_auto,q_auto/league/zzhrpz8oqrxddhee6m10"
Scott Secules,"https://static.www.nfl.com/image/private/f_auto,q_auto/league/oepezivuhhf43m7q6gum"
Scott Stauch,"https://static.www.nfl.com/image/private/f_auto,q_auto/league/dvfnn0tfui57skaylevy"
Scott Tinsley,"https://static.www.nfl.com/image/private/f_auto,q_auto/league/arncob3az3ompa4rjcqp"
Scott Tolzien,"https://static.www.nfl.com/image/private/f_auto,q_auto/league/kt8ji3aejylpnpskeqzn"
Scott Williams,"https://static.www.nfl.com/image/private/f_auto,q_auto/league/ptsjsqigmumdivrcoly0"
Scott Zolak,"https://static.www.nfl.com/image/private/f_auto,q_auto/league/iiuw5pvofyiqw9dlbbgb"
Scottie Graham,"https://static.www.nfl.com/image/private/f_auto,q_auto/league/p2m4if0zg08ylho1jrqp"
Scottie Montgomery,"https://static.www.nfl.com/image/private/f_auto,q_auto/league/ugqvgflpnzvqn6ng6tvl"
Scottie Phillips,"https://static.www.nfl.com/image/private/f_auto,q_auto/league/wa1jecqwos8s5mslgvqk"
Scottie Vines,
Sean Bennett,"https://static.www.nfl.com/image/private/f_auto,q_auto/league/xefv2sqbthdgmtf5nl13"
Sean Chandler,"https://static.www.nfl.com/image/private/f_auto,q_auto/league/m4glij7rkgkyhu01igmi"
Sean Clifford,"https://static.www.nfl.com/image/upload/f_auto,q_auto/league/v0tmzl4x5qf2fo2yimqf"
Sean Considine,"https://static.www.nfl.com/image/private/f_auto,q_auto/league/c09w3jlxm47du9qvgexe"
Sean Landeta,"https://static.www.nfl.com/image/private/f_auto,q_auto/league/ck6so8zwqjsmxhdabvog"
Sean Mannion,"https://static.www.nfl.com/image/private/f_auto,q_auto/league/lcuc7hhiijmt8xtitm77"
Sean Morey,"https://static.www.nfl.com/image/private/f_auto,q_auto/league/na2q8gzhkuwxhmfnuovd"
Sean Payton,"https://static.www.nfl.com/image/private/f_auto,q_auto/league/o97tkn99gh0gxyqqgw0o"
Sean Renfree,"https://static.www.nfl.com/image/private/f_auto,q_auto/league/em0dfm6g2ozrhjejiaet"
Sean Salisbury,"https://static.www.nfl.com/image/private/f_auto,q_auto/league/i7r8vxt673kc8dunc5lt"
Sean Tucker,"https://static.www.nfl.com/image/upload/f_auto,q_auto/league/wiarwjvy8p6bojlratp4"
Secdrick McIntyre,"https://static.www.nfl.com/image/private/f_auto,q_auto/league/byo5gpzluilsb0xzeghq"
Sedrick Irvin,"https://static.www.nfl.com/image/private/f_auto,q_auto/league/vcymupb12wzaefa8axe4"
Sedrick Shaw,"https://static.www.nfl.com/image/private/f_auto,q_auto/league/ukg0sektmsyqhrohyafm"
Selvin Young,"https://static.www.nfl.com/image/private/f_auto,q_auto/league/nx2zj5toomsappmxzosi"
Seneca Wallace,"https://static.www.nfl.com/image/private/f_auto,q_auto/league/ytykneqxk0xwqhcrbq9a"
Senorise Perry,"https://static.www.nfl.com/image/private/f_auto,q_auto/league/tzgedpivxkxwvp7yha3e"
Seth Roberts,"https://static.www.nfl.com/image/private/f_auto,q_auto/league/prjzalxpmdpcfjequfe4"
Shane Buechele,"https://static.www.nfl.com/image/upload/f_auto,q_auto/league/kmbuzxucmmytpuoy8yfc"
Shane Lechler,"https://static.www.nfl.com/image/private/f_auto,q_auto/league/we3oe5jqnrb4ag3d4pqu"
Shane Matthews,"https://static.www.nfl.com/image/private/f_auto,q_auto/league/pmehfk5wltjokhhzedvn"
Shane Vereen,"https://static.www.nfl.com/image/private/f_auto,q_auto/league/grirsvo53nqb22jzb1zk"
Shane Wynn,"https://static.www.nfl.com/image/private/f_auto,q_auto/league/mtrj08jeeyphqhdt1jek"
Shannon Sharpe,"https://static.www.nfl.com/image/private/f_auto,q_auto/league/pl9dwxqbdarzuirkjeri"
Sharrod Neasman,"https://static.www.nfl.com/image/private/f_auto,q_auto/league/pckbvzn2atszhm8oi6x5"
Shaud Williams,"https://static.www.nfl.com/image/private/f_auto,q_auto/league/wdnk6rxxqyggic7wxkd2"
Shaun Alexander,"https://static.www.nfl.com/image/private/f_auto,q_auto/league/q6aogsngaiaq2yr1sgyv"
Shaun Draughn,"https://static.www.nfl.com/image/private/f_auto,q_auto/league/bxkirs3zrup0djv8x2ns"
Shaun Hill,"https://static.www.nfl.com/image/private/f_auto,q_auto/league/dn42ccbwrshm7uksyphy"
Shaun King,"https://static.www.nfl.com/image/private/f_auto,q_auto/league/zzxt4aw9qbfahfhixu7v"
Shaun McDonald,"https://static.www.nfl.com/image/private/f_auto,q_auto/league/sd1rdixhcutyp2epoc95"
Shaun Smith,"https://static.www.nfl.com/image/private/f_auto,q_auto/league/qps3vv4kx2mfzoirgase"
Shaun Suisham,"https://static.www.nfl.com/image/private/f_auto,q_auto/league/vyx61i2zefrmgr91rrvd"
Shaun Wilson,"https://static.www.nfl.com/image/private/f_auto,q_auto/league/i623ykztphsbp6cnw5b3"
Shawn Bryson,"https://static.www.nfl.com/image/private/f_auto,q_auto/league/tjkagzj6tmsuaorj47lz"
Shawn Halloran,"https://static.www.nfl.com/image/private/f_auto,q_auto/league/mp7aa5lpctnbswhtlbgv"
Shawn Jefferson,"https://static.www.nfl.com/image/private/f_auto,q_auto/league/jctxmibkhfjtrcms8qjc"
Shawn McCarthy,"https://static.www.nfl.com/image/private/f_auto,q_auto/league/lz2jyswl9dftuidijkkl"
Shawn Moore,"https://static.www.nfl.com/image/private/f_auto,q_auto/league/msfas2bfns6betxrfpso"
Shawn Williams,"https://static.www.nfl.com/image/private/f_auto,q_auto/league/itwadnav0rwaqupj5lws"
Shayne Edge,"https://static.www.nfl.com/image/private/f_auto,q_auto/league/jg7i0dpprujf7exwiyem"
Shedeur Sanders,"https://static.www.nfl.com/image/upload/f_auto,q_auto/league/joe08hz6to2madpko8zl"
Shedrick Jackson,"https://static.www.nfl.com/image/upload/f_auto,q_auto/league/pimh65yyziduaq7vbmi5"
Sheldon Canley,"https://static.www.nfl.com/image/private/f_auto,q_auto/league/zfq0wmewib32httqq9yu"
Sheldon Richardson,"https://static.www.nfl.com/image/private/f_auto,q_auto/league/yfbo8yxqsqwpmwrusnjj"
Shelton Diggs,"https://static.www.nfl.com/image/private/f_auto,q_auto/league/edelsmx3zxqd9f3d4cai"
Sherman Smith,"https://static.www.nfl.com/image/private/f_auto,q_auto/league/oeqryaldcdsgduzeqnx1"
Sherman Williams,"https://static.www.nfl.com/image/private/f_auto,q_auto/league/qbuytaqlditlumsxwxen"
Sherriden May,"https://static.www.nfl.com/image/private/f_auto,q_auto/league/r8denrijoe7ehypwkmjo"
Shi Smith,"https://static.www.nfl.com/image/private/f_auto,q_auto/league/e08lbk8pl2oxbwxi86ib"
Shiloh Keo,"https://static.www.nfl.com/image/private/f_auto,q_auto/league/gfwxapy3hno4ewpowrcm"
Shonn Greene,"https://static.www.nfl.com/image/private/f_auto,q_auto/league/rpwawct4hdhjnccaury3"
Shyrone Stith,"https://static.www.nfl.com/image/private/f_auto,q_auto/league/zfpirgfaaqy4ywj7xswz"
Sid Blanks,
Sidney Rice,"https://static.www.nfl.com/image/private/f_auto,q_auto/league/gvm2tebxbsm7eajiwaad"
Sidney Thornton,"https://static.www.nfl.com/image/private/f_auto,q_auto/league/clfnxmhwxvasma9qgzgr"
Silas Redd,"https://static.www.nfl.com/image/private/f_auto,q_auto/league/mjnmleomnzjzfoufxswf"
Sincere McCormick,"https://static.www.nfl.com/image/upload/f_auto,q_auto/league/t2e5ffjyc1iimyxufxjs"
Sinorice Moss,"https://static.www.nfl.com/image/private/f_auto,q_auto/league/llbb9b4gvn2nsez0il51"
Sione Vaki,"https://static.www.nfl.com/image/upload/f_auto,q_auto/league/abqcluf2gbejhiyjjtoz"
Skip Butler,"https://static.www.nfl.com/image/private/f_auto,q_auto/league/oja90evifongpxdxosak"
Skip Hicks,"https://static.www.nfl.com/image/private/f_auto,q_auto/league/dnf6zpshevuct3qs0tou"
Skye Dawson,"https://static.www.nfl.com/image/private/f_auto,q_auto/league/eslj56mjtncscmsytu3h"
Skylar Thompson,"https://static.www.nfl.com/image/upload/f_auto,q_auto/league/estx7utxpnqif0lto9cq"
Skyler Green,"https://static.www.nfl.com/image/private/f_auto,q_auto/league/ntbp18knwzkwmqaprete"
Skyy Moore,"https://static.www.nfl.com/image/upload/f_auto,q_auto/league/id9k0aylvgyq8lulabe3"
Smith Reed,
Snoop Conner,"https://static.www.nfl.com/image/upload/f_auto,q_auto/league/hkoa2nrn7xnco6kibhpg"
Solomon Miller,"https://static.www.nfl.com/image/private/f_auto,q_auto/league/iqndtbk4mc6h1ayjmpyf"
Sonny Campbell,
Sonny Collins,"https://static.www.nfl.com/image/private/f_auto,q_auto/league/r54mdvunhcblmmgysfmr"
Sonny Davis,
Sonny Jurgensen,"https://static.www.nfl.com/image/private/f_auto,q_auto/league/lchsfr6kvo3q1dpnyjes"
Sony Michel,"https://static.www.nfl.com/image/private/f_auto,q_auto/league/eydtwcqcaegkuwivq0ln"
Speedy Neal,"https://static.www.nfl.com/image/private/f_auto,q_auto/league/sihclidxh8jp3jaap6ja"
Speedy Thomas,"https://static.www.nfl.com/image/private/f_auto,q_auto/league/gpmmdql6h6r2zf4dgqsc"
Spencer Brown,"https://static.www.nfl.com/image/private/f_auto,q_auto/league/mmqzyzoau79or5w0izzq"
Spencer Larsen,"https://static.www.nfl.com/image/private/f_auto,q_auto/league/tmiwm3nlutsv6zkrbsdd"
Spencer Rattler,"https://static.www.nfl.com/image/upload/f_auto,q_auto/league/gcgmcf4kex3jsl4rlrng"
Spencer Tillman,"https://static.www.nfl.com/image/private/f_auto,q_auto/league/jwvctrhyhhhaooepkyyd"
Spencer Ware,"https://static.www.nfl.com/image/private/f_auto,q_auto/league/qr04afpcu3fqpgxnws6t"
Spergon Wynn,"https://static.www.nfl.com/image/private/f_auto,q_auto/league/mgu5aq70jj2xbpyriy0f"
Spike Jones,"https://static.www.nfl.com/image/private/f_auto,q_auto/league/yrouqfqf12yur6qpjaq6"
Stacey Bailey,"https://static.www.nfl.com/image/private/f_auto,q_auto/league/aqwut79wcte6eb3xpiwr"
Stacey Driver,"https://static.www.nfl.com/image/private/f_auto,q_auto/league/ismkjwslytyo2gyicqlu"
Stacey Mack,"https://static.www.nfl.com/image/private/f_auto,q_auto/league/yyuwqskm7g1a0ige62em"
Stan Edwards,"https://static.www.nfl.com/image/private/f_auto,q_auto/league/z92vjnq8hpvsjdaczf12"
Stan Fritts,"https://static.www.nfl.com/image/private/f_auto,q_auto/league/mvsc85ymiqjc7r5xxzu5"
Stan Gelbaugh,"https://static.www.nfl.com/image/private/f_auto,q_auto/league/vrwq2e2pfzkmjrllvi1w"
Stan Humphries,"https://static.www.nfl.com/image/private/f_auto,q_auto/league/nbxa7akeappqggeabpbj"
Stan Mitchell,
Stan Rome,"https://static.www.nfl.com/image/private/f_auto,q_auto/league/narkoyf2xp8veehvhy6l"
Stan White,"https://static.www.nfl.com/image/private/f_auto,q_auto/league/zwbsmqcuoryl96w3dcmm"
Stan Winfrey,"https://static.www.nfl.com/image/private/f_auto,q_auto/league/bzcycvgmdnksjhzogkqt"
Stanford Jennings,"https://static.www.nfl.com/image/private/f_auto,q_auto/league/di6kd7qwajq8pkk6siys"
Stanley Havili,"https://static.www.nfl.com/image/private/f_auto,q_auto/league/il1h3ozkugeb4mq1p3qr"
Stanley Morgan,"https://static.www.nfl.com/image/upload/f_auto,q_auto/league/wxgibmduh5kodwlvbgct"
Stanley Pritchett,"https://static.www.nfl.com/image/private/f_auto,q_auto/league/odr6ypymucqz2ybtfimc"
Stanley Wilson,"https://static.www.nfl.com/image/private/f_auto,q_auto/league/bczhxbjdwmafyyclnui3"
Stedman Bailey,"https://static.www.nfl.com/image/private/f_auto,q_auto/league/ms0eoj89otvarobbw14r"
Stefan Logan,"https://static.www.nfl.com/image/private/f_auto,q_auto/league/nsjznm0rgyybv8rixbkm"
Stefon Diggs,"https://static.www.nfl.com/image/upload/f_auto,q_auto/league/cemcexmscsarpvwhafln"
Stepfan Taylor,"https://static.www.nfl.com/image/private/f_auto,q_auto/league/lmm9nz05jrntbpuaveqc"
Stephen Baker,"https://static.www.nfl.com/image/private/f_auto,q_auto/league/xal9o7pab50cv9kjowuh"
Stephen Burton,"https://static.www.nfl.com/image/private/f_auto,q_auto/league/dqtroedmfgz72um28n78"
Stephen Cheek,
Stephen Davis,"https://static.www.nfl.com/image/private/f_auto,q_auto/league/mzhrluspnc3bpp2e9ruy"
Stephen McGee,"https://static.www.nfl.com/image/private/f_auto,q_auto/league/uww4isywytxefrfag7q1"
Stephen Starring,"https://static.www.nfl.com/image/private/f_auto,q_auto/league/g46ytqxteq70xgxq465y"
Stephen Trejo,"https://static.www.nfl.com/image/private/f_auto,q_auto/league/xyor2glnknylu5ngbn9m"
Stephone Paige,"https://static.www.nfl.com/image/private/f_auto,q_auto/league/usrm2skbgazookufetfd"
Sterling Sharpe,"https://static.www.nfl.com/image/private/f_auto,q_auto/league/bslcx5nft2cxkr4cjx9k"
Sterling Shepard,"https://static.www.nfl.com/image/upload/f_auto,q_auto/league/l47czwi8aaznnit0se5h"
Stevan Ridley,"https://static.www.nfl.com/image/private/f_auto,q_auto/league/futdstbe48qaqcvtolzj"
Steve Atkins,"https://static.www.nfl.com/image/private/f_auto,q_auto/league/bz84rcgkdxkiavsesnm5"
Steve Avery,"https://static.www.nfl.com/image/private/f_auto,q_auto/league/kcc11fqhsbnionv5hleb"
Steve Bartalo,"https://static.www.nfl.com/image/private/f_auto,q_auto/league/fgfltjuius2tmzr9kt60"
Steve Bartkowski,"https://static.www.nfl.com/image/private/f_auto,q_auto/league/vezswr0hfnk222ok87ju"
Steve Beuerlein,"https://static.www.nfl.com/image/private/f_auto,q_auto/league/biuxbpl5hymra8j9wg7i"
Steve Bono,"https://static.www.nfl.com/image/private/f_auto,q_auto/league/krkjgs7ldvznzpqytyc6"
Steve Bradley,"https://static.www.nfl.com/image/private/f_auto,q_auto/league/otsoekdnoijgw5zrbgst"
Steve Breaston,"https://static.www.nfl.com/image/private/f_auto,q_auto/league/cozv5t87e6m17icz7dqk"
Steve Broussard,"https://static.www.nfl.com/image/private/f_auto,q_auto/league/aieafpxmobynobzdxvak"
Steve Burks,"https://static.www.nfl.com/image/private/f_auto,q_auto/league/oxovmc6zjoejfptsahor"
Steve Cox,"https://static.www.nfl.com/image/private/f_auto,q_auto/league/srar2tgv7vh0brzln91b"
Steve Crosby,"https://static.www.nfl.com/image/private/f_auto,q_auto/league/jmd0lrbgguzxoxxbwosx"
Steve Davis,"https://static.www.nfl.com/image/private/f_auto,q_auto/league/a5nuxtsywetyyveja9qk"
Steve DeBerg,"https://static.www.nfl.com/image/private/f_auto,q_auto/league/v07li1l2otq0hlqdeymd"
Steve Dils,"https://static.www.nfl.com/image/private/f_auto,q_auto/league/ih0z25eoj7ommwssthmv"
Steve Foley,"https://static.www.nfl.com/image/private/f_auto,q_auto/league/vmjd5bvp4eqy1paft3oj"
Steve Fuller,"https://static.www.nfl.com/image/private/f_auto,q_auto/league/pwpriz9wpd0epedysmbl"
Steve Griffin,"https://static.www.nfl.com/image/private/f_auto,q_auto/league/pvvxdvsad50awwwhsi7s"
Steve Grogan,"https://static.www.nfl.com/image/private/f_auto,q_auto/league/lgtwr9h2e8bey2lyqkco"
Steve Harkey,
Steve Harris,"https://static.www.nfl.com/image/private/f_auto,q_auto/league/tshtrpwvpynmi4sljjvo"
Steve Hendrickson,"https://static.www.nfl.com/image/private/f_auto,q_auto/league/dj2ijy5fevaiqzcsfkbe"
Steve Holden,"https://static.www.nfl.com/image/private/f_auto,q_auto/league/j37lpvtgrb5dn14qvgf1"
Steve Howell,"https://static.www.nfl.com/image/private/f_auto,q_auto/league/yhwvvgyqabptws9iquic"
Steve Johnson,"https://static.www.nfl.com/image/private/f_auto,q_auto/league/vlyzq1v53slatimy6v5q"
Steve Jones,"https://static.www.nfl.com/image/private/f_auto,q_auto/league/a5s611idqgqrmhsvvux8"
Steve Jordan,"https://static.www.nfl.com/image/private/f_auto,q_auto/league/jo7cgflsgjgssdclwycm"
Steve Kreider,"https://static.www.nfl.com/image/private/f_auto,q_auto/league/jfkzfz4plvdpczvmj85n"
Steve Largent,"https://static.www.nfl.com/image/private/f_auto,q_auto/league/uwi8mvpiavmova7skp7q"
Steve Little,"https://static.www.nfl.com/image/private/f_auto,q_auto/league/uuowwdotusug1iphhfn7"
Steve Matthews,"https://static.www.nfl.com/image/private/f_auto,q_auto/league/ss5tzeazyaa0axtq7f1d"
Steve McNair,"https://static.www.nfl.com/image/private/f_auto,q_auto/league/ywdddxsuykv3cuslv0xo"
Steve Meilinger,
Steve Morse,"https://static.www.nfl.com/image/private/f_auto,q_auto/league/lucezqipcjip21xgnpen"
Steve Myer,"https://static.www.nfl.com/image/private/f_auto,q_auto/league/aqdsbchanjaznmvozqpa"
Steve O'Neal,
Steve Odom,"https://static.www.nfl.com/image/private/f_auto,q_auto/league/b4bivfivf5zgxhlhjagm"
Steve Owens,"https://static.www.nfl.com/image/private/f_auto,q_auto/league/jbnmrtbqwubcquwxgugx"
Steve Pelluer,"https://static.www.nfl.com/image/private/f_auto,q_auto/league/u8z9jeni8iiwf18kzzju"
Steve Pisarkiewicz,"https://static.www.nfl.com/image/private/f_auto,q_auto/league/i0jmaimc8rksdtwqmius"
Steve Powell,"https://static.www.nfl.com/image/private/f_auto,q_auto/league/t4bcvcmiwpcprkeg8r8e"
Steve Preece,"https://static.www.nfl.com/image/private/f_auto,q_auto/league/juddbppdqavnuaj5luqb"
Steve Raible,"https://static.www.nfl.com/image/private/f_auto,q_auto/league/ofo3abpoe7ohitsdnwjo"
Steve Ramsey,"https://static.www.nfl.com/image/private/f_auto,q_auto/league/mlzbxmtkito7mcjdkzqd"
Steve Rogers,"https://static.www.nfl.com/image/private/f_auto,q_auto/league/dwta4flsfi98tgfnlcru"
Steve Sewell,"https://static.www.nfl.com/image/private/f_auto,q_auto/league/qxmxmdal8oxjvcbahplc"
Steve Slaton,"https://static.www.nfl.com/image/private/f_auto,q_auto/league/o7d06in3cz3cm51iivg0"
Steve Sloan,
Steve Smith,"https://static.www.nfl.com/image/private/f_auto,q_auto/league/vv0ivi8ovgf1dtq2kqhm"
Steve Spurrier,"https://static.www.nfl.com/image/private/f_auto,q_auto/league/wwncsrabzl0h5xnraaca"
Steve Stenstrom,"https://static.www.nfl.com/image/private/f_auto,q_auto/league/ocrooh6d8sdpmrgwsiiu"
Steve Strachan,"https://static.www.nfl.com/image/private/f_auto,q_auto/league/zdzgnkadoto80vpq4kgo"
Steve Tasker,"https://static.www.nfl.com/image/private/f_auto,q_auto/league/eommdtyypsuowoksvxuz"
Steve Tensi,
Steve Thurlow,
Steve Wagner,"https://static.www.nfl.com/image/private/f_auto,q_auto/league/fju6komku55ysg2pgzuj"
Steve Walsh,"https://static.www.nfl.com/image/private/f_auto,q_auto/league/yt81jzksz5lhcrfjsibt"
Steve Watson,"https://static.www.nfl.com/image/private/f_auto,q_auto/league/dvxzjkjazsztwuvsmg8z"
Steve Weatherford,"https://static.www.nfl.com/image/private/f_auto,q_auto/league/jkpdalshsrmuxdn1jj4h"
Steve Young,"https://static.www.nfl.com/image/private/f_auto,q_auto/league/kfrm5wzrogcovwymoez8"
Steve Zabel,"https://static.www.nfl.com/image/private/f_auto,q_auto/league/hleczpjekxysvayfbssr"
Steven Jackson,"https://static.www.nfl.com/image/private/f_auto,q_auto/league/abl5wejuf448xw3jtphm"
Steven Sims,"https://static.www.nfl.com/image/upload/f_auto,q_auto/league/j4wvyoqtwt34h8qamgun"
Stoney Case,"https://static.www.nfl.com/image/private/f_auto,q_auto/league/xcfymbbw9j5rlg6q4frn"
Storm Johnson,"https://static.www.nfl.com/image/private/f_auto,q_auto/league/puhhpztc3ljne2hbds2w"
Stu Voigt,"https://static.www.nfl.com/image/private/f_auto,q_auto/league/ancbcwmqurgd8gwxd3on"
Stump Mitchell,"https://static.www.nfl.com/image/private/f_auto,q_auto/league/cxnaemm0sfhqixlmhemy"
Sultan McCullough,"https://static.www.nfl.com/image/private/f_auto,q_auto/league/ghohahpobqafaikbraas"
Sylvester Stamps,"https://static.www.nfl.com/image/private/f_auto,q_auto/league/rq4vimgmh0kseo5rse25"
T.J. Duckett,"https://static.www.nfl.com/image/private/f_auto,q_auto/league/tjxtrdxwvqekvrdqbrc6"
T.J. Graham,
T.J. Hockenson,"https://static.www.nfl.com/image/upload/f_auto,q_auto/league/rs8o65x0u0n9xzde0fd6"
T.J. Houshmandzadeh,"https://static.www.nfl.com/image/private/f_auto,q_auto/league/xzweze3xpqyunduqboal"
T.J. Jones,"https://static.www.nfl.com/image/private/f_auto,q_auto/league/fqv9h42uxtxjl7jjs2dt"
T.J. Logan,"https://static.www.nfl.com/image/private/f_auto,q_auto/league/g2yxukzp3upwdeeeth2h"
T.J. Rubley,"https://static.www.nfl.com/image/private/f_auto,q_auto/league/rzjwucyed4lfynsw9b0f"
T.J. Yates,"https://static.www.nfl.com/image/private/f_auto,q_auto/league/h8x0pbhc1s5dwjuzipsb"
T.J. Yeldon,"https://static.www.nfl.com/image/private/f_auto,q_auto/league/m9tcaffb3fom3fejtxon"
T.Y. Hilton,"https://static.www.nfl.com/image/private/f_auto,q_auto/league/b8kor0sgeynyd8u8cush"
Tab Perry,"https://static.www.nfl.com/image/private/f_auto,q_auto/league/bcltsiyseey5zgi6y6hx"
Tahj Brooks,"https://static.www.nfl.com/image/upload/f_auto,q_auto/league/s89clgkij0ytcmrkdydt"
Tai Streets,"https://static.www.nfl.com/image/private/f_auto,q_auto/league/wl1n6y1iiunrfxiuxyub"
Taiwan Jones,"https://static.www.nfl.com/image/private/f_auto,q_auto/league/va09vgfr7bdc2wb6ikq4"
Tajae Sharpe,"https://static.www.nfl.com/image/private/f_auto,q_auto/league/c8fgfxrl2gmdv8thgw1p"
Tamarick Vanover,"https://static.www.nfl.com/image/private/f_auto,q_auto/league/zknbzvauipnsb0g4kqs9"
Tank Bigsby,"https://static.www.nfl.com/image/upload/f_auto,q_auto/league/vfkdjfpiyrcuzahrmfvn"
Tank Dell,"https://static.www.nfl.com/image/upload/f_auto,q_auto/league/dzjep37g7fqdweqtncso"
Tanner Hudson,"https://static.www.nfl.com/image/upload/f_auto,q_auto/league/pyl2bpjw0vy4idcseama"
Tanner McKee,"https://static.www.nfl.com/image/upload/f_auto,q_auto/league/oveivzhzv13jrfvkp8zg"
Taquan Mizzell,"https://static.www.nfl.com/image/private/f_auto,q_auto/league/if56xaykcuiun5vcj95p"
Tarik Cohen,"https://static.www.nfl.com/image/private/f_auto,q_auto/league/pm0uewrl0ugotlc5wbpc"
Tarvaris Jackson,"https://static.www.nfl.com/image/private/f_auto,q_auto/league/bqukmeneztibnhrjko0q"
Tashard Choice,"https://static.www.nfl.com/image/private/f_auto,q_auto/league/whsgqioeqck34ygueg2b"
Tatum Bell,"https://static.www.nfl.com/image/private/f_auto,q_auto/league/yklpmsbrfxi6ewqjdzzb"
Tavarres King,"https://static.www.nfl.com/image/private/f_auto,q_auto/league/yfkwzczsoeihruafz1kg"
Tavian Banks,"https://static.www.nfl.com/image/private/f_auto,q_auto/league/gi2tpvnhrnj3q6tgukpf"
Tavierre Thomas,"https://static.www.nfl.com/image/upload/f_auto,q_auto/league/uhnxkxxitwkhjwgf2egu"
Tavon Austin,"https://static.www.nfl.com/image/private/f_auto,q_auto/league/ulagxqgjnrft4wub0gus"
Tavon Wilson,"https://static.www.nfl.com/image/private/f_auto,q_auto/league/ztnf4vdx2qw6nowvmxy4"
Taylor Gabriel,"https://static.www.nfl.com/image/private/f_auto,q_auto/league/nc4aoax8j5mnnrjewu7p"
Taylor Heinicke,"https://static.www.nfl.com/image/upload/f_auto,q_auto/league/fz9e0aufjyyo5raclwji"
Taylor Jacobs,"https://static.www.nfl.com/image/private/f_auto,q_auto/league/yojfjngmmngl5bwweprx"
Taysom Hill,"https://static.www.nfl.com/image/upload/f_auto,q_auto/league/q8itjlocg5do60qat4l3"
Taywan Taylor,"https://static.www.nfl.com/image/private/f_auto,q_auto/league/n0kolr3zjappzojczo5w"
Taz Anderson,
Ted Brown,"https://static.www.nfl.com/image/private/f_auto,q_auto/league/dcw07qpdqg9ddiqdsdfd"
Ted Dean,
Ted Farmer,
Ted Ginn Jr.,
Ted Koy,"https://static.www.nfl.com/image/private/f_auto,q_auto/league/f6okwdaskrh230uyaxgb"
Ted Kwalick,"https://static.www.nfl.com/image/private/f_auto,q_auto/league/qabn4xhd9nbt7gpgetk0"
Ted McKnight,"https://static.www.nfl.com/image/private/f_auto,q_auto/league/ow1kcgk8t42tf5xzy9js"
Ted Wilson,"https://static.www.nfl.com/image/private/f_auto,q_auto/league/yxm77ahjiumgniky5qkf"
Teddy Bridgewater,"https://static.www.nfl.com/image/upload/f_auto,q_auto/league/wggyfg1dgyiwcgxafoen"
Tee Higgins,"https://static.www.nfl.com/image/upload/f_auto,q_auto/league/gpwtyv3viwy9q4ewderl"
Tee Martin,"https://static.www.nfl.com/image/private/f_auto,q_auto/league/l52uxuejljmk4gk0ausk"
Terance Mathis,"https://static.www.nfl.com/image/private/f_auto,q_auto/league/l85b7pux5chdlvk1tqc4"
Terdell Middleton,"https://static.www.nfl.com/image/private/f_auto,q_auto/league/fz2icjbtfc1lsrnl3aa6"
Terence Newman,"https://static.www.nfl.com/image/private/f_auto,q_auto/league/aphgunfzg6ptehfuk8j1"
Terrance Copper,"https://static.www.nfl.com/image/private/f_auto,q_auto/league/favudbaummnv3ra1rbhy"
Terrance Ferguson,"https://static.www.nfl.com/image/upload/f_auto,q_auto/league/w5o0s5yf6j5dsmiwdtfg"
Terrance West,"https://static.www.nfl.com/image/private/f_auto,q_auto/league/vzmf3p3k4ywfa5vjn9za"
Terrance Williams,"https://static.www.nfl.com/image/private/f_auto,q_auto/league/emdrh1uwgitgnw1wytiv"
Terrell Davis,"https://static.www.nfl.com/image/private/f_auto,q_auto/league/smkzf1k9eeymmon7dzco"
Terrell Fletcher,"https://static.www.nfl.com/image/private/f_auto,q_auto/league/wjujd10uh6t0jbybbaek"
Terrell Jennings,"https://static.www.nfl.com/image/upload/f_auto,q_auto/league/apyriqt5707yo5qgbni5"
Terrell Owens,"https://static.www.nfl.com/image/private/f_auto,q_auto/league/c41avnwoegxy9nnwmgbo"
Terrell Watson,"https://static.www.nfl.com/image/private/f_auto,q_auto/league/efo2nvsa4z0nlm5dquiu"
Terrelle Pryor,"https://static.www.nfl.com/image/private/f_auto,q_auto/league/ac6blk5o4ztsr7hvtil9"
Terrelle Smith,"https://static.www.nfl.com/image/private/f_auto,q_auto/league/dnahwwhrnee4dfwx2lwd"
Terrence Flagler,"https://static.www.nfl.com/image/private/f_auto,q_auto/league/nvnpqgar5vcbmt8x52ta"
Terrence Magee,"https://static.www.nfl.com/image/private/f_auto,q_auto/league/cpwxutcnudoozh6jr2zo"
Terrence Warren,"https://static.www.nfl.com/image/private/f_auto,q_auto/league/qcpdnilqv8q4no95qcgg"
Terrence Wilkins,"https://static.www.nfl.com/image/private/f_auto,q_auto/league/pak7fhp34hbccl4wtgc7"
Terron Ward,"https://static.www.nfl.com/image/private/f_auto,q_auto/league/wcq3c0qgpkzoegi0yn6w"
Terry Allen,"https://static.www.nfl.com/image/private/f_auto,q_auto/league/w0seugiirpz4gikftv38"
Terry Anderson,"https://static.www.nfl.com/image/private/f_auto,q_auto/league/ynnjroh9thg4bviqnhym"
Terry Baker,
Terry Barr,
Terry Beasley,"https://static.www.nfl.com/image/private/f_auto,q_auto/league/lu0iedgnfpuenxlnaezw"
Terry Bradshaw,"https://static.www.nfl.com/image/private/f_auto,q_auto/league/xmjv8lqrxaspc8joz0v4"
Terry Cole,
Terry Glenn,"https://static.www.nfl.com/image/private/f_auto,q_auto/league/uaafdatd9hccayjfwh1e"
Terry Godwin,"https://static.www.nfl.com/image/private/f_auto,q_auto/league/gjydumzkxelrd5rziupn"
Terry Guess,"https://static.www.nfl.com/image/private/f_auto,q_auto/league/clxpv7kd11natfwiqqvh"
Terry Hanratty,"https://static.www.nfl.com/image/private/f_auto,q_auto/league/si5sxjtwhafiqnejrvir"
Terry Hoage,"https://static.www.nfl.com/image/private/f_auto,q_auto/league/fvmzmo1z2kq7ii4zcn58"
Terry Jackson,"https://static.www.nfl.com/image/private/f_auto,q_auto/league/qmtsrlywespfgjh2nv0j"
Terry Joyce,"https://static.www.nfl.com/image/private/f_auto,q_auto/league/x6me3bwzk57tjrh25eop"
Terry Kirby,"https://static.www.nfl.com/image/private/f_auto,q_auto/league/bhvxmn3s2kesdtgg0qkm"
Terry Kunz,"https://static.www.nfl.com/image/private/f_auto,q_auto/league/cxaf0cyszyedh4nwtvu0"
Terry LeCount,"https://static.www.nfl.com/image/private/f_auto,q_auto/league/xyinrizbcndagdteczrd"
Terry Luck,"https://static.www.nfl.com/image/private/f_auto,q_auto/league/rtlhr99enmtj9iuahiyw"
Terry McLaurin,"https://static.www.nfl.com/image/upload/f_auto,q_auto/league/tmfl2zruajmkrtcg4zxp"
Terry Metcalf,"https://static.www.nfl.com/image/private/f_auto,q_auto/league/qeqfewr3sikilhhuxgn0"
Terry Miller,"https://static.www.nfl.com/image/private/f_auto,q_auto/league/rumr9wyhpb8xi9747mra"
Terry Nelson,"https://static.www.nfl.com/image/private/f_auto,q_auto/league/fpvy0omrgajvpnfunaqx"
Terry Nofsinger,
Terry Nugent,"https://static.www.nfl.com/image/private/f_auto,q_auto/league/ztnqksofbwoshsa4sznl"
Terry Richardson,"https://static.www.nfl.com/image/private/f_auto,q_auto/league/wlrslq7a147iumd9nbnu"
Terry Robiskie,"https://static.www.nfl.com/image/private/f_auto,q_auto/league/hbvueqglck3ppoowgwes"
Terry Samuels,"https://static.www.nfl.com/image/private/f_auto,q_auto/league/qj4kf8wvheymfhyzwh6w"
Terry Wells,"https://static.www.nfl.com/image/private/f_auto,q_auto/league/mhwlgg25ugqcf5nsgg1i"
Tevin Coleman,"https://static.www.nfl.com/image/private/f_auto,q_auto/league/wiu4r7bvhcafs9vamqc"
Tez Johnson,"https://static.www.nfl.com/image/upload/f_auto,q_auto/league/ajbnpagviw0glrhf5a2e"
Thaddeus Lewis,
Theo Bell,"https://static.www.nfl.com/image/private/f_auto,q_auto/league/tx2pk2nufpwqwlli4nmu"
Theo Riddick,"https://static.www.nfl.com/image/private/f_auto,q_auto/league/ecbes59ifblsloiqtxq5"
Theotis Brown,"https://static.www.nfl.com/image/private/f_auto,q_auto/league/l99b5wbir2u4odtinlhs"
Theron Sapp,
Thomas Clayton,"https://static.www.nfl.com/image/private/f_auto,q_auto/league/kfqdvd42cqid590t5plj"
Thomas Jones,"https://static.www.nfl.com/image/private/f_auto,q_auto/league/bmbhldch291mziip7hm4"
Thomas Lott,"https://static.www.nfl.com/image/private/f_auto,q_auto/league/qq5hmxkcabusz6zwcg2k"
Thomas Rawls,"https://static.www.nfl.com/image/private/f_auto,q_auto/league/uxyelm5j4nm67gmnbih9"
Thomas Sanders,"https://static.www.nfl.com/image/private/f_auto,q_auto/league/nddta0dpqlvnyqottng9"
Thomas Tapeh,"https://static.www.nfl.com/image/private/f_auto,q_auto/league/le4dcb55qz2e6ipskhvd"
Thurman Thomas,"https://static.www.nfl.com/image/private/f_auto,q_auto/league/oy5j1auukzykwe8mhhhf"
Tiki Barber,"https://static.www.nfl.com/image/private/f_auto,q_auto/league/envscajcftvy5low6aod"
Tim Barnett,"https://static.www.nfl.com/image/private/f_auto,q_auto/league/olonmaxv68ykqodjurxz"
Tim Biakabutuka,"https://static.www.nfl.com/image/private/f_auto,q_auto/league/zddb5ifihjn4und73g8q"
Tim Boyle,"https://static.www.nfl.com/image/upload/f_auto,q_auto/league/zmfyonfo6ohn5bxqwaxg"
Tim Brown,"https://static.www.nfl.com/image/private/f_auto,q_auto/league/qhdz2r0h4zlxxmzsgemc"
Tim Carter,"https://static.www.nfl.com/image/private/f_auto,q_auto/league/ggrxzm6mfgj339gghnqv"
Tim Castille,"https://static.www.nfl.com/image/private/f_auto,q_auto/league/pox4lqfkx5cpwnpy8ijr"
Tim Couch,"https://static.www.nfl.com/image/private/f_auto,q_auto/league/uwvfr0sckhgi2r583qyg"
Tim Dwight,"https://static.www.nfl.com/image/private/f_auto,q_auto/league/vbytsq96swkztalryyul"
Tim Hall,"https://static.www.nfl.com/image/private/f_auto,q_auto/league/y3jxrhtr9fcdmxl730kl"
Tim Harris,"https://static.www.nfl.com/image/private/f_auto,q_auto/league/cq8utmaqdwr75bdumla3"
Tim Hasselbeck,"https://static.www.nfl.com/image/private/f_auto,q_auto/league/h2mfvudojfjyl0kduqxi"
Tim Hightower,"https://static.www.nfl.com/image/private/f_auto,q_auto/league/azokebvu5bctrltqy38r"
Tim Jessie,"https://static.www.nfl.com/image/private/f_auto,q_auto/league/xcep7g680uu6lroe9dvs"
Tim Lester,"https://static.www.nfl.com/image/private/f_auto,q_auto/league/gsohnbuqy7ihoxg7yoby"
Tim Manoa,"https://static.www.nfl.com/image/private/f_auto,q_auto/league/eed6t5jod8zsvszrkdng"
Tim Masthay,"https://static.www.nfl.com/image/private/f_auto,q_auto/league/jfkepy6bjh9ii7iiy5ka"
Tim McGee,"https://static.www.nfl.com/image/private/f_auto,q_auto/league/c8y1wp9cdnrewinh80ha"
Tim Moffett,"https://static.www.nfl.com/image/private/f_auto,q_auto/league/sm6sgeme6tlqjsnatfgu"
Tim Patrick,"https://static.www.nfl.com/image/upload/f_auto,q_auto/league/hw06t7n00cfpt7euljza"
Tim Rattay,"https://static.www.nfl.com/image/private/f_auto,q_auto/league/sxkzdrtlgxo5khpoar8e"
Tim Riordan,"https://static.www.nfl.com/image/private/f_auto,q_auto/league/t9dkfeoj9c9c1trpfd5a"
Tim Seder,"https://static.www.nfl.com/image/private/f_auto,q_auto/league/psph149xzk31lfs7rzfu"
Tim Smith,"https://static.www.nfl.com/image/upload/f_auto,q_auto/league/tx60aulznnos1t0ezghe"
Tim Spencer,"https://static.www.nfl.com/image/private/f_auto,q_auto/league/qfqn1xpxa3oafwxpxish"
Tim Tebow,"https://static.www.nfl.com/image/private/f_auto,q_auto/league/s2erlgjztwbsquplostx"
Tim Tindale,"https://static.www.nfl.com/image/private/f_auto,q_auto/league/v9mdybz5kdy3goe3enpm"
Tim Tyrrell,"https://static.www.nfl.com/image/private/f_auto,q_auto/league/mhnd7aaaro5n4l4byzyw"
Tim Van Galder,
Tim Wilson,"https://static.www.nfl.com/image/private/f_auto,q_auto/league/v3qtcmrtmwzb2cmiaqy4"
Tim Worley,"https://static.www.nfl.com/image/private/f_auto,q_auto/league/o0mpzxxl3kfvwtvmlm9z"
Tim Wright,
Timm Rosenbach,"https://static.www.nfl.com/image/private/f_auto,q_auto/league/nrzjfx4vgxd6m1vp8pck"
Timmy Brown,
Timmy Newsome,"https://static.www.nfl.com/image/private/f_auto,q_auto/league/u2dussdwpbg0qzzefiae"
Timmy Smith,"https://static.www.nfl.com/image/private/f_auto,q_auto/league/otmuakfdrvmz0p3eccpm"
Tion Green,"https://static.www.nfl.com/image/private/f_auto,q_auto/league/i7qsig5m3dmdkubkl97k"
Tiquan Underwood,"https://static.www.nfl.com/image/private/f_auto,q_auto/league/mlpwbwejhkpise4zhbms"
Titus Young,"https://static.www.nfl.com/image/private/f_auto,q_auto/league/jxc9mikbei0roji42nq1"
Toby Gerhart,"https://static.www.nfl.com/image/private/f_auto,q_auto/league/pne2o7x8dw3cngbahihv"
Toby Gowin,"https://static.www.nfl.com/image/private/f_auto,q_auto/league/ukark6j4u1rouit89frg"
Toby Wright,"https://static.www.nfl.com/image/private/f_auto,q_auto/league/o1tmyvjwiyzupr5kkufg"
Todd Blackledge,"https://static.www.nfl.com/image/private/f_auto,q_auto/league/gy3cxtfxetgbeiorhyga"
Todd Bouman,"https://static.www.nfl.com/image/private/f_auto,q_auto/league/tm23xzlohyhulzy9pg69"
Todd Christensen,"https://static.www.nfl.com/image/private/f_auto,q_auto/league/ab7yhfyi0nbqfby476hm"
Todd Collins,"https://static.www.nfl.com/image/private/f_auto,q_auto/league/vggpgpp9tb4aoeejafze"
Todd Doxzon,"https://static.www.nfl.com/image/private/f_auto,q_auto/league/uugqhpwuiyl8ux7wnxux"
Todd Fowler,"https://static.www.nfl.com/image/private/f_auto,q_auto/league/pvnsyt8szond6hsxc4t5"
Todd Gurley,"https://static.www.nfl.com/image/private/f_auto,q_auto/league/jkqn4zynfdfvu359ygtr"
Todd Heap,"https://static.www.nfl.com/image/private/f_auto,q_auto/league/lfwhp1fevjrx1puoon94"
Todd Hons,"https://static.www.nfl.com/image/private/f_auto,q_auto/league/ge0rohvo75fdkqlxq2qr"
Todd Husak,"https://static.www.nfl.com/image/private/f_auto,q_auto/league/lon1wdqsqobo6vhjdylb"
Todd Kinchen,"https://static.www.nfl.com/image/private/f_auto,q_auto/league/ofzpgobbgutvslhy5rm9"
Todd Marinovich,"https://static.www.nfl.com/image/private/f_auto,q_auto/league/by6urgiqy6z6t8proz5f"
Todd McNair,"https://static.www.nfl.com/image/private/f_auto,q_auto/league/ybf7igjsvo9jxgsggr2n"
Todd Philcox,"https://static.www.nfl.com/image/private/f_auto,q_auto/league/fo2dn1qemzmmgditlcvl"
Todd Pinkston,"https://static.www.nfl.com/image/private/f_auto,q_auto/league/wlg06mai85zpbbtqeidv"
Todd Sauerbrun,"https://static.www.nfl.com/image/private/f_auto,q_auto/league/n9wzyi0xxpvngarexbtj"
Todd Spencer,"https://static.www.nfl.com/image/private/f_auto,q_auto/league/iplssdvqeyiqnam0q5ze"
Todd Whitten,"https://static.www.nfl.com/image/private/f_auto,q_auto/league/o4qpidqyuigj2pkgfkra"
Tom Bailey,"https://static.www.nfl.com/image/private/f_auto,q_auto/league/z21lcilchovtraojzlok"
Tom Barnett,
Tom Barrington,
Tom Blanchard,"https://static.www.nfl.com/image/private/f_auto,q_auto/league/sfq53tyv0z9tkzyx17ah"
Tom Brady,"https://static.www.nfl.com/image/private/f_auto,q_auto/league/q7dpdlxyu5rs05rgh1le"
Tom Brown,"https://static.www.nfl.com/image/private/f_auto,q_auto/league/fa0rkbdtiqcldmbzcad1"
Tom Clements,"https://static.www.nfl.com/image/private/f_auto,q_auto/league/gh9yqedqunkvvd1fnfat"
Tom Dinkel,"https://static.www.nfl.com/image/private/f_auto,q_auto/league/mocrhyxqlcavzib6zrcw"
Tom Flick,"https://static.www.nfl.com/image/private/f_auto,q_auto/league/hf9sir6osopx21hr4e9m"
Tom Geredine,"https://static.www.nfl.com/image/private/f_auto,q_auto/league/hybg71pbasbnu8cwkspw"
Tom Hall,
Tom Hodson,"https://static.www.nfl.com/image/private/f_auto,q_auto/league/q374mokioypf8wbtmoyf"
Tom Hutton,"https://static.www.nfl.com/image/private/f_auto,q_auto/league/l49fffdjyswn62dmzu0r"
Tom Kennedy,"https://static.www.nfl.com/image/upload/f_auto,q_auto/league/cbpuzvde5zqalmkjo0dv"
Tom Matte,
Tom McCauley,
Tom McNeill,
Tom Michel,
Tom Mitchell,"https://static.www.nfl.com/image/private/f_auto,q_auto/league/qq0n82srqowon8eqmdaa"
Tom Moore,
Tom Myers,"https://static.www.nfl.com/image/private/f_auto,q_auto/league/ph3nqdw8ag926pae95v2"
Tom Newton,"https://static.www.nfl.com/image/private/f_auto,q_auto/league/vrzud9a7fnj4gthvti1s"
Tom Nowatzke,
Tom Orosz,"https://static.www.nfl.com/image/private/f_auto,q_auto/league/wboahsh5wmss4n2uy8og"
Tom Owen,"https://static.www.nfl.com/image/private/f_auto,q_auto/league/bhf4giw7dijqfcrgnevs"
Tom Pridemore,"https://static.www.nfl.com/image/private/f_auto,q_auto/league/pgohjq6ldvprmxfhn9h4"
Tom Ramsey,"https://static.www.nfl.com/image/private/f_auto,q_auto/league/tfibsn8uzg2p40jzb9fg"
Tom Rathman,"https://static.www.nfl.com/image/private/f_auto,q_auto/league/x8me6wyueazg2asoz2us"
Tom Rouen,"https://static.www.nfl.com/image/private/f_auto,q_auto/league/buqxq9ri0awmd6ahmy9m"
Tom Savage,"https://static.www.nfl.com/image/private/f_auto,q_auto/league/ovqvn8ei0thwn7si83n8"
Tom Sullivan,"https://static.www.nfl.com/image/private/f_auto,q_auto/league/dhplhobqihzsa2aynasi"
Tom Thompson,
Tom Tracy,
Tom Tupa,"https://static.www.nfl.com/image/private/f_auto,q_auto/league/aivrd7oomnnawbdnuq8w"
Tom Watkins,
Tom Wittum,"https://static.www.nfl.com/image/private/f_auto,q_auto/league/fbjohytynx2ei4wpgmbg"
Tom Woodeshick,
Tommie Agee,"https://static.www.nfl.com/image/private/f_auto,q_auto/league/la6jp0ftakejeacqrdxw"
Tommie Smiley,
Tommy Barnhardt,"https://static.www.nfl.com/image/private/f_auto,q_auto/league/dkabex0eu0of3al6iwnt"
Tommy Bohanon,"https://static.www.nfl.com/image/private/f_auto,q_auto/league/lmoesdqqzu6v8rmnyqlk"
Tommy Casanova,"https://static.www.nfl.com/image/private/f_auto,q_auto/league/dtafhoe34nbhrihxwzfi"
Tommy Crutcher,
Tommy Davis,"https://static.www.nfl.com/image/private/f_auto,q_auto/league/ie1zcvrkqiytfvhydih0"
Tommy DeVito,"https://static.www.nfl.com/image/upload/f_auto,q_auto/league/hb3m2zbfb5aprw6vdqx8"
Tommy Kramer,"https://static.www.nfl.com/image/private/f_auto,q_auto/league/a6ritwqkenxrqsrtuvfj"
Tommy Maddox,"https://static.www.nfl.com/image/private/f_auto,q_auto/league/fit1hkkp3q9y4ypcezz6"
Tommy Mason,
Tommy Reamon,"https://static.www.nfl.com/image/private/f_auto,q_auto/league/ugbm2afiqncwq0he5fhe"
Tommy Stevens,"https://static.www.nfl.com/image/private/f_auto,q_auto/league/d0k0fuhrprnvp1q3p16a"
Tommy Tremble,"https://static.www.nfl.com/image/upload/f_auto,q_auto/league/t7wjikfv09d3o1q7wjdx"
Tommy Vardell,"https://static.www.nfl.com/image/private/f_auto,q_auto/league/ceda4n4hkaigsung1g7x"
Tommy Vigorito,"https://static.www.nfl.com/image/private/f_auto,q_auto/league/ipufgt28fffwlntvk19z"
Tommy Wade,
Tommy Wilson,
Tommylee Lewis,"https://static.www.nfl.com/image/private/f_auto,q_auto/league/qvf3ud6rgqusejdd4f5u"
Tony Adams,"https://static.www.nfl.com/image/upload/f_auto,q_auto/league/bhgovss7uhkszgbrfxd6"
Tony Baker,"https://static.www.nfl.com/image/private/f_auto,q_auto/league/dghj1ci7pm57ign1pilv"
Tony Banks,"https://static.www.nfl.com/image/private/f_auto,q_auto/league/hqkmwrxcl87hziuhdcdv"
Tony Benjamin,"https://static.www.nfl.com/image/private/f_auto,q_auto/league/vd2afxiqawn3e7tfjxmu"
Tony Boddie,"https://static.www.nfl.com/image/private/f_auto,q_auto/league/owjiu03jul6sf4xlnlc7"
Tony Brooks-James,"https://static.www.nfl.com/image/private/f_auto,q_auto/league/zn6yi45uu1wgpm8x08ph"
Tony Burse,"https://static.www.nfl.com/image/private/f_auto,q_auto/league/jjewtm3vlib5ukltqyne"
Tony Carter,"https://static.www.nfl.com/image/private/f_auto,q_auto/league/sda9g8npaf7fm1t59rws"
Tony Cherry,"https://static.www.nfl.com/image/private/f_auto,q_auto/league/trg7quqitxgpqje43fln"
Tony Collins,"https://static.www.nfl.com/image/private/f_auto,q_auto/league/hx74hjqlfrm4qnbcufys"
Tony Davis,"https://static.www.nfl.com/image/private/f_auto,q_auto/league/d9bcsq0jotszod0qrtgi"
Tony Daykin,"https://static.www.nfl.com/image/private/f_auto,q_auto/league/g54kzqvu0t77f3tjvfvm"
Tony Dollinger,"https://static.www.nfl.com/image/private/f_auto,q_auto/league/ufzzzyfgxmpwyxbvkr1y"
Tony Dorsett,"https://static.www.nfl.com/image/private/f_auto,q_auto/league/b6vvjgq2tpxrzhvwjt1y"
Tony Dungy,"https://static.www.nfl.com/image/private/f_auto,q_auto/league/etlo2zwvjvi8be5kiiye"
Tony Eason,"https://static.www.nfl.com/image/private/f_auto,q_auto/league/myvko8qvzooxmjisnkbo"
Tony Fiammetta,"https://static.www.nfl.com/image/private/f_auto,q_auto/league/easpuywnpdvxm2mk6ftk"
Tony Fisher,"https://static.www.nfl.com/image/private/f_auto,q_auto/league/qkkiiatu4riyomiprxzo"
Tony Franklin,"https://static.www.nfl.com/image/private/f_auto,q_auto/league/kdny8zuuw6bziazg2zs5"
Tony Galbreath,"https://static.www.nfl.com/image/private/f_auto,q_auto/league/gujudr4qtmjewh62evwq"
Tony Gonzalez,"https://static.www.nfl.com/image/private/f_auto,q_auto/league/enbspvy0ahsyznomitre"
Tony Graziani,"https://static.www.nfl.com/image/private/f_auto,q_auto/league/huodkz48bw6qpl3rgmeb"
Tony Green,"https://static.www.nfl.com/image/private/f_auto,q_auto/league/duwvauaoinnvj4yvmivw"
Tony Hill,"https://static.www.nfl.com/image/private/f_auto,q_auto/league/dl9xmnpwru2bxb1hukad"
Tony Hollings,"https://static.www.nfl.com/image/private/f_auto,q_auto/league/arsbvo1nvdvl7pxfb7i2"
Tony Horne,"https://static.www.nfl.com/image/private/f_auto,q_auto/league/uomnpykzzuqtzzxeu3x0"
Tony Hunt,"https://static.www.nfl.com/image/private/f_auto,q_auto/league/mvrdy2fe7hxfovinzfh2"
Tony Hunter,"https://static.www.nfl.com/image/private/f_auto,q_auto/league/nsads5bngsfbomj8jlzo"
Tony Jeffery,"https://static.www.nfl.com/image/private/f_auto,q_auto/league/uydc8qgdhjwpzhdfpkbk"
Tony Jones,"https://static.www.nfl.com/image/private/f_auto,q_auto/league/cgvll8lokulmws98olfa"
Tony Jordan,"https://static.www.nfl.com/image/private/f_auto,q_auto/league/u5wqbphdxhga4l8wxcz4"
Tony Lorick,
Tony Martin,"https://static.www.nfl.com/image/private/f_auto,q_auto/league/l9korpxwgeiywt6nivla"
Tony Nathan,"https://static.www.nfl.com/image/private/f_auto,q_auto/league/zxs41bvgv51zokfcucrc"
Tony Paige,"https://static.www.nfl.com/image/private/f_auto,q_auto/league/ffe7gawlhgdztxidgkfk"
Tony Pollard,"https://static.www.nfl.com/image/upload/f_auto,q_auto/league/mb2xdrqiys6ktlcuah2n"
Tony Reed,"https://static.www.nfl.com/image/private/f_auto,q_auto/league/hdzov7ptwpapgucfentb"
Tony Richardson,"https://static.www.nfl.com/image/private/f_auto,q_auto/league/zi4cb4stok9qe9mwadmn"
Tony Robinson,"https://static.www.nfl.com/image/private/f_auto,q_auto/league/iethfqpn9k6jqnxvafnf"
Tony Romo,"https://static.www.nfl.com/image/private/f_auto,q_auto/league/rdgaxf7djip2ovlkeqjk"
Tony Scheffler,"https://static.www.nfl.com/image/private/f_auto,q_auto/league/bvrobiivrbwh25wjlhff"
Tony Smith,"https://static.www.nfl.com/image/private/f_auto,q_auto/league/dqgan8jgcbn4aissvplr"
Tony Taylor,"https://static.www.nfl.com/image/private/f_auto,q_auto/league/ovu1wspy7uqoo75zaygf"
Tony Washington,"https://static.www.nfl.com/image/private/f_auto,q_auto/league/fdx0xlecfsvfvpptcs3s"
Topper Clemons,"https://static.www.nfl.com/image/private/f_auto,q_auto/league/zcu5qp6crfhgfqovyq0k"
Torrance Small,"https://static.www.nfl.com/image/private/f_auto,q_auto/league/qxbzc6vtbzgblualfdhg"
Torrey Smith,"https://static.www.nfl.com/image/private/f_auto,q_auto/league/sqvbn4ybxagyfwva3i51"
Torry Holt,"https://static.www.nfl.com/image/private/f_auto,q_auto/league/y7nfvf7fw2xznh3e1rbt"
Toussaint Tyler,"https://static.www.nfl.com/image/private/f_auto,q_auto/league/ogogeb1cnn2btswwk5de"
Trace McSorley,"https://static.www.nfl.com/image/private/f_auto,q_auto/league/gfl6nhrkzshnhcsxfvqy"
Tracy Johnson,"https://static.www.nfl.com/image/private/f_auto,q_auto/league/iztemgiw80p2d0i7f4h9"
Travaris Cadet,"https://static.www.nfl.com/image/private/f_auto,q_auto/league/gj0pjzj0zzefpabtuki1"
Travis Benjamin,"https://static.www.nfl.com/image/private/f_auto,q_auto/league/io9silocxbywvisvcvpx"
Travis Brown,"https://static.www.nfl.com/image/private/f_auto,q_auto/league/ncspvzd85lrl2wa4x3wx"
Travis Etienne,"https://static.www.nfl.com/image/upload/f_auto,q_auto/league/pwko5dybmjie8qqo4qz2"
Travis Hannah,"https://static.www.nfl.com/image/private/f_auto,q_auto/league/bbeh9qm9woxw8fpaens6"
Travis Henry,"https://static.www.nfl.com/image/private/f_auto,q_auto/league/izgeshdazx2tv7o4g9nb"
Travis Homer,"https://static.www.nfl.com/image/upload/f_auto,q_auto/league/dyyclvfaagspov2ydf3i"
Travis Hunter,"https://static.www.nfl.com/image/upload/f_auto,q_auto/league/absw1gfqoiztajjagmf6"
Travis Jervey,"https://static.www.nfl.com/image/private/f_auto,q_auto/league/k3skuauokzyykhxxyyxe"
Travis Kelce,"https://static.www.nfl.com/image/upload/f_auto,q_auto/league/dpxovcfku6ud2aohgf6a"
Travis McNeal,"https://static.www.nfl.com/image/private/f_auto,q_auto/league/owztvhlvgf1ylnnw5bzn"
Travis Minor,"https://static.www.nfl.com/image/private/f_auto,q_auto/league/k8vrb6ttr62ebieqpqxl"
Travis Prentice,"https://static.www.nfl.com/image/private/f_auto,q_auto/league/rmndls9vaioucbm1jxun"
Travis Taylor,"https://static.www.nfl.com/image/private/f_auto,q_auto/league/yoveh1q3dd3i3uqhsjlr"
Travis Williams,"https://static.www.nfl.com/image/private/f_auto,q_auto/league/dyvnqqysm1foxj1vxcmg"
Trayveon Williams,"https://static.www.nfl.com/image/upload/f_auto,q_auto/league/zwei0idpruplnhlmpfkr"
Tre Harris,"https://static.www.nfl.com/image/upload/f_auto,q_auto/league/v5ofh8jggzo8rygtpwl7"
Tre Madden,"https://static.www.nfl.com/image/private/f_auto,q_auto/league/gxkbbtamw8l5tpecbssm"
Tre Mason,"https://static.www.nfl.com/image/private/f_auto,q_auto/league/cw8firtuyeicpwskyqfz"
Tre McBride,"https://static.www.nfl.com/image/private/f_auto,q_auto/league/gxiebdueieuygbu3b14z"
Tre Tucker,"https://static.www.nfl.com/image/upload/f_auto,q_auto/league/hazzk3hrcequzosdgzgv"
Tre'Quan Smith,"https://static.www.nfl.com/image/upload/f_auto,q_auto/league/tlpyarxwfw6jue0m0e0o"
TreVeyon Henderson,"https://static.www.nfl.com/image/upload/f_auto,q_auto/league/ebcjvwytgu2y4kqm8ihv"
Tremayne Stephens,"https://static.www.nfl.com/image/private/f_auto,q_auto/league/mltue6thksyznijhn6wy"
Tremon Smith,"https://static.www.nfl.com/image/upload/f_auto,q_auto/league/pva3iicdybaabrrws0sg"
Trent Dilfer,"https://static.www.nfl.com/image/private/f_auto,q_auto/league/ssbi0ektdltubjtxsbvv"
Trent Edwards,"https://static.www.nfl.com/image/private/f_auto,q_auto/league/vfm0tkszemtmfvpstc6j"
Trent Green,"https://static.www.nfl.com/image/private/f_auto,q_auto/league/pwsxlc2rah1aqy1tnbsb"
Trent Richardson,"https://static.www.nfl.com/image/private/f_auto,q_auto/league/e8vkwxe73kj1p4v1ij5e"
Trent Taylor,"https://static.www.nfl.com/image/upload/f_auto,q_auto/league/ei3usgh5l8gikdvksulr"
Trenton Cannon,"https://static.www.nfl.com/image/private/f_auto,q_auto/league/hkpxcipgs7jtgdwpkjel"
Trenton Irwin,"https://static.www.nfl.com/image/upload/f_auto,q_auto/league/xqipuwaysjsl9xhtqblt"
Tress Way,"https://static.www.nfl.com/image/upload/f_auto,q_auto/league/u61eijcazx9o4lb0lwp3"
Trestan Ebner,"https://static.www.nfl.com/image/private/f_auto,q_auto/league/c7caisxuupzlxa0vxlln"
Trevon Wesco,"https://static.www.nfl.com/image/private/f_auto,q_auto/league/ptq3iidy6uyg3f31gjl5"
Trevone Boykin,"https://static.www.nfl.com/image/private/f_auto,q_auto/league/nxf2zqb0u0n171qkase5"
Trevor Davis,"https://static.www.nfl.com/image/private/f_auto,q_auto/league/hinncjtjusiowdpefuj6"
Trevor Etienne,"https://static.www.nfl.com/image/upload/f_auto,q_auto/league/pcuzq84x7ia5yvmikltb"
Trevor Lawrence,"https://static.www.nfl.com/image/upload/f_auto,q_auto/league/k9uzdernqkx7oquy7dkg"
Trevor Siemian,"https://static.www.nfl.com/image/private/f_auto,q_auto/league/vmksfbms9zefxezf39sb"
Trey Benson,"https://static.www.nfl.com/image/upload/f_auto,q_auto/league/liruc5jotnsi4ue9p9yx"
Trey Burton,"https://static.www.nfl.com/image/private/f_auto,q_auto/league/e6bbycxlctitztfk7jjl"
Trey Edmunds,"https://static.www.nfl.com/image/private/f_auto,q_auto/league/xuzfvi2xmfnlkmlbqun3"
Trey Lance,"https://static.www.nfl.com/image/upload/f_auto,q_auto/league/j3psmvvxo13kmbgi60ej"
Trey McBride,"https://static.www.nfl.com/image/upload/f_auto,q_auto/league/psasp10nn5pcvkli9kil"
Trey Palmer,"https://static.www.nfl.com/image/upload/f_auto,q_auto/league/cdtzofb5u510xjh08qr4"
Trey Quinn,"https://static.www.nfl.com/image/private/f_auto,q_auto/league/ln6e9abuw9gjvaqjwltw"
Trey Ragas,"https://static.www.nfl.com/image/private/f_auto,q_auto/league/dxx9omigqswqm8irxgzh"
Trey Sermon,"https://static.www.nfl.com/image/upload/f_auto,q_auto/league/eqhl3xiczodsyqlmsxvr"
Trey Watts,"https://static.www.nfl.com/image/private/f_auto,q_auto/league/dme8ddvrfgpnq53ywdzg"
Trey Williams,"https://static.www.nfl.com/image/private/f_auto,q_auto/league/hfiivtppnjghesffnpbc"
Treylon Burks,"https://static.www.nfl.com/image/upload/f_auto,q_auto/league/bmozbzdxgnnwdniuvgnn"
Trindon Holliday,"https://static.www.nfl.com/image/private/f_auto,q_auto/league/tjsmxoohvdb1pcnkp7gw"
Troy Aikman,"https://static.www.nfl.com/image/private/f_auto,q_auto/league/skagdrvhtf6ywlxwlrou"
Troy Brown,"https://static.www.nfl.com/image/private/f_auto,q_auto/league/tejmydwbvuqydw2w3dd2"
Troy Davis,"https://static.www.nfl.com/image/private/f_auto,q_auto/league/smqe3fz4fnjcbn8w5jeu"
Troy Drayton,"https://static.www.nfl.com/image/private/f_auto,q_auto/league/jfnf25aqe7nvghvvj3hq"
Troy Edwards,"https://static.www.nfl.com/image/private/f_auto,q_auto/league/zmoyydlwwxbfwhyidp0o"
Troy Fleming,"https://static.www.nfl.com/image/private/f_auto,q_auto/league/q1pxhqv502knkwwnvkhx"
Troy Franklin,"https://static.www.nfl.com/image/upload/f_auto,q_auto/league/wgfbgxjntyqzojpizgaj"
Troy Hambrick,"https://static.www.nfl.com/image/private/f_auto,q_auto/league/bo2zhv6axwvce6mb0g5l"
Troy Johnson,"https://static.www.nfl.com/image/private/f_auto,q_auto/league/ulnwqei6vbj5k1sotx8u"
Troy Smith,"https://static.www.nfl.com/image/private/f_auto,q_auto/league/of29l0d8dptqlagnvmhl"
Troy Stradford,"https://static.www.nfl.com/image/private/f_auto,q_auto/league/mb82fgilnwwzuehmkxgo"
Troy Taylor,"https://static.www.nfl.com/image/private/f_auto,q_auto/league/iudoakbhdiogditzsiwq"
Troy Walters,"https://static.www.nfl.com/image/private/f_auto,q_auto/league/twi6fbjhr0jtryxc082x"
Troy Williamson,"https://static.www.nfl.com/image/private/f_auto,q_auto/league/ws7mfewaatqhoa8qemqv"
Troymaine Pope,"https://static.www.nfl.com/image/private/f_auto,q_auto/league/fujudm8wbskhxjn50mv3"
Trung Canidate,"https://static.www.nfl.com/image/private/f_auto,q_auto/league/jp8jcdprbs7mkjoizud3"
Tua Tagovailoa,"https://static.www.nfl.com/image/upload/f_auto,q_auto/league/tmm4ohds7qci0vqoobhm"
Tucker Frederickson,
Tucker Kraft,"https://static.www.nfl.com/image/upload/f_auto,q_auto/league/n6vu44jbq31rydoaadaq"
Turk Schonert,"https://static.www.nfl.com/image/private/f_auto,q_auto/league/oc4pdlwogbmau0yi80fq"
Tutu Atwell,"https://static.www.nfl.com/image/upload/f_auto,q_auto/league/tl2aa9ucbtcwhr1yk3tf"
Ty Chandler,"https://static.www.nfl.com/image/upload/f_auto,q_auto/league/dmprsfd75phecgmbkf4l"
Ty Detmer,"https://static.www.nfl.com/image/private/f_auto,q_auto/league/xfjfwb1uf3ubcey7rzwz"
Ty Hallock,"https://static.www.nfl.com/image/private/f_auto,q_auto/league/zl6mlfofayl7kbpmljir"
Ty Johnson,"https://static.www.nfl.com/image/upload/f_auto,q_auto/league/zruhihypizhtgpvsaj3c"
Ty Long,"https://static.www.nfl.com/image/private/f_auto,q_auto/league/qpn0xr42mkmkhmpd0nmd"
Ty Montgomery,"https://static.www.nfl.com/image/private/f_auto,q_auto/league/eagn4fvhnc9cp3wxeqoz"
Ty Zentner,"https://static.www.nfl.com/image/upload/f_auto,q_auto/league/rmprz572lgnxuojnxh5p"
Ty'Son Williams,"https://static.www.nfl.com/image/private/f_auto,q_auto/league/ucxy1zbyppgm62iyvrdr"
Tydus Winans,"https://static.www.nfl.com/image/private/f_auto,q_auto/league/gjw4ha1kd0ue1wq4w4mz"
Tyjae Spears,"https://static.www.nfl.com/image/upload/f_auto,q_auto/league/pkly3nkohty1tuijtwty"
Tyji Armstrong,"https://static.www.nfl.com/image/private/f_auto,q_auto/league/vaxhwyijo5sppzpzrmp3"
Tyler Allgeier,"https://static.www.nfl.com/image/upload/f_auto,q_auto/league/sp9lhhmpv4qy3xy2msxd"
Tyler Badie,"https://static.www.nfl.com/image/upload/f_auto,q_auto/league/ghhul5piv9vzeih6atsj"
Tyler Boyd,"https://static.www.nfl.com/image/upload/f_auto,q_auto/league/ttifog0hjxprlhkagugu"
Tyler Bray,"https://static.www.nfl.com/image/private/f_auto,q_auto/league/hlzuryxbamsj6di3q6ps"
Tyler Conklin,"https://static.www.nfl.com/image/upload/f_auto,q_auto/league/knjuzxnzsfjxwcjxp5en"
Tyler Ervin,"https://static.www.nfl.com/image/private/f_auto,q_auto/league/sntwf66d9yogl1mdxprt"
Tyler Goodson,"https://static.www.nfl.com/image/upload/f_auto,q_auto/league/zqmesi6fwv82lhfzlht6"
Tyler Higbee,"https://static.www.nfl.com/image/upload/f_auto,q_auto/league/x1d4osiefibd04df6gow"
Tyler Huntley,"https://static.www.nfl.com/image/upload/f_auto,q_auto/league/fxyjf9d5qkwqjdd8ypvv"
Tyler Lockett,"https://static.www.nfl.com/image/upload/f_auto,q_auto/league/gyhvviyep9iigeaobxmi"
Tyler Palko,"https://static.www.nfl.com/image/private/f_auto,q_auto/league/obcd7rd8hlqkhsiahexa"
Tyler Scott,"https://static.www.nfl.com/image/upload/f_auto,q_auto/league/lmtqp0nnsglmo6ypp1ec"
Tyler Shough,"https://static.www.nfl.com/image/upload/f_auto,q_auto/league/toiafc7qighw86geo7jf"
Tyler Thigpen,"https://static.www.nfl.com/image/private/f_auto,q_auto/league/t5hyo9kscmesf9ymrsnd"
Tyler Varga,"https://static.www.nfl.com/image/private/f_auto,q_auto/league/p0iora9terrvucx0qpax"
Tyler Warren,"https://static.www.nfl.com/image/upload/f_auto,q_auto/league/f1mfwwrr3qvnxuiackgq"
Tyquan Thornton,"https://static.www.nfl.com/image/upload/f_auto,q_auto/league/bjqzuempyiwxe0hl7e5a"
Tyreek Hill,"https://static.www.nfl.com/image/upload/f_auto,q_auto/league/gg73gnfivrn80oyqwazl"
Tyreik McAllister,"https://static.www.nfl.com/image/upload/f_auto,q_auto/league/tixxelivpmdjeq2wjdo6"
Tyrell Sutton,"https://static.www.nfl.com/image/private/f_auto,q_auto/league/dal8nxez80fnrbcnan5f"
Tyrell Williams,"https://static.www.nfl.com/image/private/f_auto,q_auto/league/qixhze7yidydtc1vyeih"
Tyrion Davis-Price,"https://static.www.nfl.com/image/upload/f_auto,q_auto/league/np2ljgazwwq6sh9015qs"
Tyrod Taylor,"https://static.www.nfl.com/image/upload/f_auto,q_auto/league/whpztm9akd7yefplp37r"
Tyron Johnson,"https://static.www.nfl.com/image/private/f_auto,q_auto/league/vrm7fxgx1p0cdabbo7ce"
Tyrone Anthony,
Tyrone Calico,"https://static.www.nfl.com/image/private/f_auto,q_auto/league/rk4paepzucsibttl2brf"
Tyrone Hughes,"https://static.www.nfl.com/image/private/f_auto,q_auto/league/lslr715dvw2ayivfix4n"
Tyrone Montgomery,"https://static.www.nfl.com/image/private/f_auto,q_auto/league/pnmo1ieo7z54ptaihwod"
Tyrone Tracy Jr.,"https://static.www.nfl.com/image/upload/f_auto,q_auto/league/b9nje50lohbprf06xoom"
Tyrone Wheatley,"https://static.www.nfl.com/image/private/f_auto,q_auto/league/smwuwye6q5fxpskqc5kk"
Tyson Alualu,"https://static.www.nfl.com/image/private/f_auto,q_auto/league/wz7lyukjawvr7xfdszmb"
Tyson Bagent,"https://static.www.nfl.com/image/upload/f_auto,q_auto/league/ymimvligfyrucu0v3p6a"
Tyson Thompson,"https://static.www.nfl.com/image/private/f_auto,q_auto/league/ssakrcg2pwr60dq4dgge"
Ulysses Bentley IV,"https://static.www.nfl.com/image/upload/f_auto,q_auto/league/iw8g8cngrmp4ipcrdpwi"
Vagas Ferguson,"https://static.www.nfl.com/image/private/f_auto,q_auto/league/h58dbxudwugtbakla6sh"
Vai Sikahema,"https://static.www.nfl.com/image/private/f_auto,q_auto/league/y7lwo59fjqtax5bamfzs"
Van Jefferson,"https://static.www.nfl.com/image/upload/f_auto,q_auto/league/inwxk1xlvzculj8m3pah"
Van Williams,"https://static.www.nfl.com/image/private/f_auto,q_auto/league/lx1fy9j0ueojmmwq8pqn"
Vance Johnson,"https://static.www.nfl.com/image/private/f_auto,q_auto/league/iry5euay1egcjgascqxi"
Vance McDonald,"https://static.www.nfl.com/image/private/f_auto,q_auto/league/apafzol1dcqu56cqotv9"
Vance Mueller,"https://static.www.nfl.com/image/private/f_auto,q_auto/league/ha3epaupphmnyckixcef"
Vaughn Dunbar,"https://static.www.nfl.com/image/private/f_auto,q_auto/league/ygvs99oprnmizyggjwtv"
Vaughn Hebron,"https://static.www.nfl.com/image/private/f_auto,q_auto/league/hvbx49pkdkklvtvmrxz5"
Velus Jones Jr.,"https://static.www.nfl.com/image/upload/f_auto,q_auto/league/d4y5fxivhcxk34q7stpb"
Vernand Morency,"https://static.www.nfl.com/image/private/f_auto,q_auto/league/b10fmvvqsjncmmzc5r6g"
Vernon Davis,"https://static.www.nfl.com/image/private/f_auto,q_auto/league/so5ywayfeeu4zeijln5m"
Vernon Turner,"https://static.www.nfl.com/image/private/f_auto,q_auto/league/hs3lfwhbzxzqqczcfbkq"
Verron Haynes,"https://static.www.nfl.com/image/private/f_auto,q_auto/league/fqosaco2or1em2lxslqk"
Vic Nyvall,
Vic Washington,"https://static.www.nfl.com/image/private/f_auto,q_auto/league/q69ypyoigbk6ahcintyw"
Vick Ballard,"https://static.www.nfl.com/image/private/f_auto,q_auto/league/uggql1lgrwzanbof6mfd"
Vick King,"https://static.www.nfl.com/image/private/f_auto,q_auto/league/bizv66zpquahisbw2pld"
Vickey Ray Anderson,"https://static.www.nfl.com/image/private/f_auto,q_auto/league/my6vyq9jue5fvgino5bl"
Victor Cruz,"https://static.www.nfl.com/image/private/f_auto,q_auto/league/q15bky6cm2stbiy0zafu"
Victor Floyd,"https://static.www.nfl.com/image/private/f_auto,q_auto/league/s8z2lxr9beualvalzt2x"
Victor Hicks,"https://static.www.nfl.com/image/private/f_auto,q_auto/league/iydl1ibjd8mh5uupvfr3"
Victor Jones,"https://static.www.nfl.com/image/private/f_auto,q_auto/league/gxxp6oxf7gnzq0hlysrm"
Vilnis Ezerins,
Vince Clements,
Vince Evans,"https://static.www.nfl.com/image/private/f_auto,q_auto/league/zfacengwqw596mxqdxgf"
Vince Ferragamo,"https://static.www.nfl.com/image/private/f_auto,q_auto/league/tc2qspexlyzkc3dqreog"
Vince Kendrick,"https://static.www.nfl.com/image/private/f_auto,q_auto/league/imc0nrawfivpgceqm3mb"
Vince Mayle,"https://static.www.nfl.com/image/private/f_auto,q_auto/league/rosldoxrxcni83bowf2y"
Vince Thompson,"https://static.www.nfl.com/image/private/f_auto,q_auto/league/leeahazs4s1zwrcmqevd"
Vince Williams,"https://static.www.nfl.com/image/private/f_auto,q_auto/league/ujgpyszjjmo6awfxhfrl"
Vince Workman,"https://static.www.nfl.com/image/private/f_auto,q_auto/league/n3iheijxycquka3ojxmj"
Vince Young,"https://static.www.nfl.com/image/private/f_auto,q_auto/league/wwrmv8nloaoc4pstsm0y"
Vincent Alexander,"https://static.www.nfl.com/image/private/f_auto,q_auto/league/e1osndjwn5gn5mdgr1wf"
Vincent Jackson,"https://static.www.nfl.com/image/private/f_auto,q_auto/league/kdquag2thcfulvrs0cbz"
Vinny Sutherland,"https://static.www.nfl.com/image/private/f_auto,q_auto/league/riehcvk9mu3foyxv67fx"
Vinny Testaverde,"https://static.www.nfl.com/image/private/f_auto,q_auto/league/yebpzovaiscoksnjnq6x"
Virgil Carter,"https://static.www.nfl.com/image/private/f_auto,q_auto/league/oqlsr1nq9undobbwgtyi"
Virgil Green,"https://static.www.nfl.com/image/private/f_auto,q_auto/league/ic5ifab8fb39m4e9el3n"
Virgil Robinson,
Vonta Leach,"https://static.www.nfl.com/image/private/f_auto,q_auto/league/n9zjncpra3ifhujp6fum"
Vyncint Smith,"https://static.www.nfl.com/image/private/f_auto,q_auto/league/jjwvixdxj0lapvuqwbz9"
Waddell Smith,"https://static.www.nfl.com/image/private/f_auto,q_auto/league/mgef4ntoip8x4barp5ne"
Wade Wilson,"https://static.www.nfl.com/image/private/f_auto,q_auto/league/jqkevkzjckstueaaha3z"
Wali Lundy,"https://static.www.nfl.com/image/private/f_auto,q_auto/league/w3b36wn9bzkfld9cxqmk"
Walker Gillette,"https://static.www.nfl.com/image/private/f_auto,q_auto/league/jaqrdaofotswttfgkckk"
Wallace Francis,
Wally Henry,"https://static.www.nfl.com/image/private/f_auto,q_auto/league/xdgryklppqgepg71lpvk"
Wally Richardson,"https://static.www.nfl.com/image/private/f_auto,q_auto/league/ktpu3cz37tld72fsvdvp"
Walt Easley,"https://static.www.nfl.com/image/private/f_auto,q_auto/league/gwllajqeviivruhduxgs"
Walt Garrison,"https://static.www.nfl.com/image/private/f_auto,q_auto/league/z8ortpvkywnrdhzowh37"
Walt Kowalczyk,
Walter Abercrombie,"https://static.www.nfl.com/image/private/f_auto,q_auto/league/pydzhyktsi8fx5mxiybr"
Walter Briggs,"https://static.www.nfl.com/image/private/f_auto,q_auto/league/tdurxcnf3wt2rsxfw6fl"
Walter Broughton,"https://static.www.nfl.com/image/private/f_auto,q_auto/league/r6hasvsbcp2wl7xraflr"
Walter Holman,"https://static.www.nfl.com/image/private/f_auto,q_auto/league/l6qrsakrkopojtcrikfj"
Walter Landers,
Walter Payton,"https://static.www.nfl.com/image/private/f_auto,q_auto/league/yjatyzmf5yhgs0v9qcze"
Walter Roberts,
Walter Stanley,"https://static.www.nfl.com/image/private/f_auto,q_auto/league/rjv604y1l7b0vtrs5clv"
Walter White,"https://static.www.nfl.com/image/private/f_auto,q_auto/league/yaw6cgnjdekgpnaefh0t"
Walter Williams,"https://static.www.nfl.com/image/private/f_auto,q_auto/league/zdn0byex56tlbw5rtbjo"
Walter Wilson,"https://static.www.nfl.com/image/private/f_auto,q_auto/league/wdvqrayciw1m3ri6j8ri"
Wan'Dale Robinson,"https://static.www.nfl.com/image/upload/f_auto,q_auto/league/yzcvyhmilvxedfjfjglc"
Wane McGarity,"https://static.www.nfl.com/image/private/f_auto,q_auto/league/bbsmmtduroju7wttkx5f"
Ward Walsh,
Warren Bankston,"https://static.www.nfl.com/image/private/f_auto,q_auto/league/hckwl9drmvpbpfmtg5gc"
Warren McVea,
Warren Moon,"https://static.www.nfl.com/image/private/f_auto,q_auto/league/nmnwarb1fy1d8xrefvfc"
Warren Seitz,"https://static.www.nfl.com/image/private/f_auto,q_auto/league/pjpdbb7yozcrggcrajth"
Warren Wells,
Warren Williams,"https://static.www.nfl.com/image/private/f_auto,q_auto/league/zuufsuwmctsvrjkb5jrr"
Warrick Dunn,"https://static.www.nfl.com/image/private/f_auto,q_auto/league/g5mn0hydlozzo7cuasg8"
Wayne Capers,"https://static.www.nfl.com/image/private/f_auto,q_auto/league/ucnitles8qhycu1thxvr"
Wayne Chrebet,"https://static.www.nfl.com/image/private/f_auto,q_auto/league/lcdhmtmk5j8jbvesqyn0"
Wayne Clark,"https://static.www.nfl.com/image/private/f_auto,q_auto/league/smpz2hkezp6tp2qho50v"
Wayne Gallman,"https://static.www.nfl.com/image/private/f_auto,q_auto/league/zrc9lbsy94hxanrf5voo"
Wayne Morris,"https://static.www.nfl.com/image/private/f_auto,q_auto/league/umwehsy0v9ysvgqydbic"
Wayne Mosley,"https://static.www.nfl.com/image/private/f_auto,q_auto/league/eic3rclbl53wdfqannxr"
Wayne Patrick,
Wayne Walker,"https://static.www.nfl.com/image/private/f_auto,q_auto/league/dknu5oygmwphgsfc5vwz"
Wayne Wilson,"https://static.www.nfl.com/image/private/f_auto,q_auto/league/qwc0jsq0iawmb7r4zh15"
Webster Slaughter,"https://static.www.nfl.com/image/private/f_auto,q_auto/league/pvtykqojznih7slz5cag"
Wendell Davis,"https://static.www.nfl.com/image/private/f_auto,q_auto/league/tm5q6irv6stxqbolyozc"
Wendell Hayes,"https://static.www.nfl.com/image/private/f_auto,q_auto/league/zagc9ynhbfddt0v2nupa"
Wendell Smallwood,"https://static.www.nfl.com/image/private/f_auto,q_auto/league/r20rhl0c17ql8dtnl5kz"
Wendell Tyler,"https://static.www.nfl.com/image/private/f_auto,q_auto/league/wbmygxckjzlmkjjpxt1h"
Wes Bender,"https://static.www.nfl.com/image/private/f_auto,q_auto/league/xfqqnin8babhln3fvwe0"
Wes Chandler,"https://static.www.nfl.com/image/private/f_auto,q_auto/league/iyfdyzhifflqyiuywv25"
Wes Chesson,"https://static.www.nfl.com/image/private/f_auto,q_auto/league/iub1k49xokupzal8fifc"
Wes Hills,"https://static.www.nfl.com/image/private/f_auto,q_auto/league/sct06wrma2grtvisjp2e"
Wes Welker,"https://static.www.nfl.com/image/private/f_auto,q_auto/league/rgjwexzif36vncjfdwap"
Wesley Walker,"https://static.www.nfl.com/image/private/f_auto,q_auto/league/kk7qtibzfcvylhllcrjs"
Wil Lutz,"https://static.www.nfl.com/image/upload/f_auto,q_auto/league/vcglg5vsgbiyggwibgy0"
Wilber Marshall,"https://static.www.nfl.com/image/private/f_auto,q_auto/league/igbdcw41ighuhynivr2w"
Wilbert Haslip,"https://static.www.nfl.com/image/private/f_auto,q_auto/league/a6ukvoon8jjf9kptzdxf"
Wilbert Montgomery,"https://static.www.nfl.com/image/private/f_auto,q_auto/league/hmxwi0xct7i22w1xdk14"
Wilbur Jackson,"https://static.www.nfl.com/image/private/f_auto,q_auto/league/daprque5aw2p70snhvqa"
Wilbur Summers,"https://static.www.nfl.com/image/private/f_auto,q_auto/league/ejg9dx9btqlzkdbavbid"
Will Blackwell,"https://static.www.nfl.com/image/private/f_auto,q_auto/league/msmj9gpms23qbwynel04"
Will Cureton,"https://static.www.nfl.com/image/private/f_auto,q_auto/league/en8uabpjqslceitpjrce"
Will Dissly,"https://static.www.nfl.com/image/upload/f_auto,q_auto/league/b2s1wwxsgkenwlxmncu3"
Will Fuller,"https://static.www.nfl.com/image/private/f_auto,q_auto/league/dgemxvhu8ffqmvmqczks"
Will Furrer,"https://static.www.nfl.com/image/private/f_auto,q_auto/league/j6s3wtystta5cogq4r3r"
Will Grier,"https://static.www.nfl.com/image/upload/f_auto,q_auto/league/c8cmoyu2wemjpl6ctk9g"
Will Johnson,"https://static.www.nfl.com/image/private/f_auto,q_auto/league/zon7oejkgzgqyzcdhach"
Will Levis,"https://static.www.nfl.com/image/upload/f_auto,q_auto/league/npovrxpll0gqlkptsn6r"
Will Shipley,"https://static.www.nfl.com/image/upload/f_auto,q_auto/league/pvpaepncsdfgzdubkuhg"
Will Ta'ufo'ou,"https://static.www.nfl.com/image/private/f_auto,q_auto/league/y2jgsx96leqe494v57ix"
Will Tukuafu,"https://static.www.nfl.com/image/private/f_auto,q_auto/league/szb9kincx0nhxnwxxmcj"
Willard Harrell,"https://static.www.nfl.com/image/private/f_auto,q_auto/league/x6nmeypknvgyjhraxnts"
William Andrews,"https://static.www.nfl.com/image/private/f_auto,q_auto/league/giqzoqdifmvfrgskpcck"
William Bell,"https://static.www.nfl.com/image/private/f_auto,q_auto/league/redeptahiefdu9wclqrq"
William Floyd,"https://static.www.nfl.com/image/private/f_auto,q_auto/league/fihsrgr2kjmrjt8qgyef"
William Green,"https://static.www.nfl.com/image/private/f_auto,q_auto/league/zhp99htenadrrh0sjofr"
William Henderson,"https://static.www.nfl.com/image/private/f_auto,q_auto/league/wqhcfs2jdjk21qai00rh"
William Howard,"https://static.www.nfl.com/image/private/f_auto,q_auto/league/ydtf8yrr5tymrmlnw4mq"
William Perry,"https://static.www.nfl.com/image/private/f_auto,q_auto/league/aeeanzxuwwmquk1kfhgt"
William Powell,"https://static.www.nfl.com/image/private/f_auto,q_auto/league/oddj8m8ttkd4njvmbugl"
Willie Asbury,
Willie Belton,"https://static.www.nfl.com/image/private/f_auto,q_auto/league/ewzreg7ng8rcysyrlmfx"
Willie Brown,"https://static.www.nfl.com/image/private/f_auto,q_auto/league/wj0n82c2oeuw4qflc76q"
Willie Davis,"https://static.www.nfl.com/image/private/f_auto,q_auto/league/jg5pfp4lbm567houvlx2"
Willie Drewrey,"https://static.www.nfl.com/image/private/f_auto,q_auto/league/h5ywwatti4devmgnsfiv"
Willie Ellison,"https://static.www.nfl.com/image/private/f_auto,q_auto/league/xyvymaliwd9luuidlwct"
Willie Frazier,"https://static.www.nfl.com/image/private/f_auto,q_auto/league/tanxmsfmpcylain48tie"
Willie Galimore,
Willie Gault,"https://static.www.nfl.com/image/private/f_auto,q_auto/league/dpvqbhippy603k1skdtv"
Willie Green,"https://static.www.nfl.com/image/private/f_auto,q_auto/league/b0445ohjd3n1cqdqgpcz"
Willie Jackson,"https://static.www.nfl.com/image/private/f_auto,q_auto/league/jiidop8vptrkipivr7ba"
Willie Joyner,"https://static.www.nfl.com/image/private/f_auto,q_auto/league/ncjjv2su5nqjvpfnxyda"
Willie McClendon,"https://static.www.nfl.com/image/private/f_auto,q_auto/league/yc2kf045ox02um9h8wwu"
Willie McGee,"https://static.www.nfl.com/image/private/f_auto,q_auto/league/q9io34olwshl9ge9g8di"
Willie Miller,"https://static.www.nfl.com/image/private/f_auto,q_auto/league/htokrpmb9tuhenpgkyy4"
Willie Parker,"https://static.www.nfl.com/image/private/f_auto,q_auto/league/wpwxljvys9ghfmteidkc"
Willie Ponder,"https://static.www.nfl.com/image/private/f_auto,q_auto/league/tsof7i4ujaqurxuer08l"
Willie Richardson,
Willie Rodgers,"https://static.www.nfl.com/image/private/f_auto,q_auto/league/evbzbwayfgztayxrv6ei"
Willie Scott,"https://static.www.nfl.com/image/private/f_auto,q_auto/league/dhhrvco2a358mvbarmzz"
Willie Shelby,"https://static.www.nfl.com/image/private/f_auto,q_auto/league/iy78sswobbj3twslkruz"
Willie Snead,"https://static.www.nfl.com/image/private/f_auto,q_auto/league/fr5xckiwhguuaishnbju"
Willie Spencer,"https://static.www.nfl.com/image/private/f_auto,q_auto/league/fteq3vrbzeajk0cbtmje"
Willie Totten,"https://static.www.nfl.com/image/private/f_auto,q_auto/league/mxckx1ehxcsnmuifl0k1"
Willie Walker,
Willie West,
Willie Young,"https://static.www.nfl.com/image/private/f_auto,q_auto/league/lqnt5tua9ci2icpli8kg"
Willis Adams,"https://static.www.nfl.com/image/private/f_auto,q_auto/league/zlpqp40wpnonzhvscqxf"
Willis Crenshaw,
Willis McGahee,"https://static.www.nfl.com/image/private/f_auto,q_auto/league/nlr34yjuurydinlwlt0z"
Wilmont Perry,"https://static.www.nfl.com/image/private/f_auto,q_auto/league/htfi6psvxm2b5jijr5xu"
Windrell Hayes,"https://static.www.nfl.com/image/private/f_auto,q_auto/league/pa9pezqsqix6gefbtfyx"
Winslow Oliver,"https://static.www.nfl.com/image/private/f_auto,q_auto/league/rzalwbydtjjoked9wfgy"
Woodie Pippens,"https://static.www.nfl.com/image/private/f_auto,q_auto/league/odomp0zzprwccyluydlx"
Woodrow Dantzler,
Woody Bennett,"https://static.www.nfl.com/image/private/f_auto,q_auto/league/hdj9zjuwj3lvnkyxkmjn"
Woody Campbell,
Woody Green,"https://static.www.nfl.com/image/private/f_auto,q_auto/league/zea4aztf64jhgzzqdbso"
Woody Marks,"https://static.www.nfl.com/image/upload/f_auto,q_auto/league/y5ntpcenhhhv98uz2fys"
Woody Thompson,"https://static.www.nfl.com/image/private/f_auto,q_auto/league/ks4ialf2cln6rzuimb1n"
Xavier Gipson,"https://static.www.nfl.com/image/upload/f_auto,q_auto/league/o81mvslx374ouca313mw"
Xavier Hutchinson,"https://static.www.nfl.com/image/upload/f_auto,q_auto/league/n5baiu6sg9wh3xhhewkd"
Xavier Legette,"https://static.www.nfl.com/image/upload/f_auto,q_auto/league/yoyxkitrdqbkhyqncy5p"
Xavier Omon,"https://static.www.nfl.com/image/private/f_auto,q_auto/league/wjbmntimvh3gnarkdhjh"
Xavier Smith,"https://static.www.nfl.com/image/upload/f_auto,q_auto/league/hqvwpitewijx8bjrcofe"
Xavier Worthy,"https://static.www.nfl.com/image/upload/f_auto,q_auto/league/u6fmnffwteccoxn3uguq"
Y.A. Tittle,
Yale Lary,
Yamon Figurs,"https://static.www.nfl.com/image/private/f_auto,q_auto/league/tudwv8wsrihfiyuc6d8j"
Yancey Thigpen,"https://static.www.nfl.com/image/private/f_auto,q_auto/league/lb29lzjhag8zdttskkh7"
Yonel Jourdain,"https://static.www.nfl.com/image/private/f_auto,q_auto/league/jdxgrmbponfj2hqbamrj"
Zac Stacy,"https://static.www.nfl.com/image/private/f_auto,q_auto/league/oo0cmp2wjrwqz3arii0f"
Zach Charbonnet,"https://static.www.nfl.com/image/upload/f_auto,q_auto/league/cuuyog0lpxfaj0y0huvp"
Zach Ertz,"https://static.www.nfl.com/image/upload/f_auto,q_auto/league/xktmmeumuoglbuam75iz"
Zach Evans,"https://static.www.nfl.com/image/upload/f_auto,q_auto/league/i2hxbdi464do6jaxgpua"
Zach Line,"https://static.www.nfl.com/image/private/f_auto,q_auto/league/dddfiilg9qy54xtorb6r"
Zach Mettenberger,"https://static.www.nfl.com/image/private/f_auto,q_auto/league/gzgmz3e71dbcvitge8gs"
Zach Miller,"https://static.www.nfl.com/image/private/f_auto,q_auto/league/ghvzkuugli86zstauzvr"
Zach Pascal,"https://static.www.nfl.com/image/upload/f_auto,q_auto/league/pfhgz8ofqgoubhnuqtme"
Zach Wilson,"https://static.www.nfl.com/image/upload/f_auto,q_auto/league/i17xpbsar7evcypbhtel"
Zach Zenner,"https://static.www.nfl.com/image/private/f_auto,q_auto/league/deiznogchpv1vbrmyuax"
Zachary Dixon,"https://static.www.nfl.com/image/private/f_auto,q_auto/league/mbxaeeef5pv47nyavoiu"
Zack Crockett,"https://static.www.nfl.com/image/private/f_auto,q_auto/league/sf1zvlx6pabbv5gtqece"
Zack Moss,"https://static.www.nfl.com/image/upload/f_auto,q_auto/league/oxrltdgoquiabhihhgnk"
Zak Keasey,"https://static.www.nfl.com/image/private/f_auto,q_auto/league/jryyt8zxqeohwhmns13q"
Zamir White,"https://static.www.nfl.com/image/upload/f_auto,q_auto/league/jzthyqk2ld52f31ka1ir"
Zander Horvath,"https://static.www.nfl.com/image/upload/f_auto,q_auto/league/ukufchhtmgcrw3fwc23l"
Zavier Scott,"https://static.www.nfl.com/image/upload/f_auto,q_auto/league/z8sqpgdoyuv5rask15vn"
Zay Flowers,"https://static.www.nfl.com/image/upload/f_auto,q_auto/league/xzhto2dejy2pflkfx40c"
Zay Jones,"https://static.www.nfl.com/image/upload/f_auto,q_auto/league/qihjjzfk0vwzoyrzztkq"
Zeke Bratkowski,
Zenon Andrusyshyn,"https://static.www.nfl.com/image/private/f_auto,q_auto/league/kzcmdww1fhgukeydv0ja"
Zurlon Tipton,"https://static.www.nfl.com/image/private/f_auto,q_auto/league/d2zoqlarp9qvyvlmcxih"
